{"q_idx": 2, "prediction": "MU thua Chelsea, thể hiện phong độ kém và cần thắng nhiều hơn để cạnh tranh vô địch. Chelsea cải thiện phong độ với sơ đồ 3-5-2, mang lại lợi thế cho Hazard. MU phòng ngự yếu kém, dẫn đến bốn bàn thua vì mắc quá nhiều sai lầm.", "label": "Trận thua nặng nề với tỉ số 0-4 trước Chelsea vào hôm Chủ nhật 23/10 đặt dấu hỏi về khả năng tranh chấp ngôi vô địch mùa giải 2016-17 của nửa Đỏ thành Manchester."}
{"q_idx": 0, "prediction": "Cúm gia cầm H5N1 đã khiến ít nhất 76 người tử vong ở châu Á và làm chết hàng triệu gia cầm. Các chuyên gia lo ngại virus có thể biến đổi thành dạng dễ lây truyền từ người sang người, gây đại dịch. Hong Kong đang tăng cường các biện pháp phòng ngừa, bao gồm hạn chế nhập khẩu gia cầm.", "label": "Các quan chức Indonesia cho biết một em gái vừa tử vong vì cúm gia cầm và là người thứ 13 thiệt mạng vì căn bệnh này nếu như kết quả xét nghiệm được Tổ chức Y tế Thế giới xác nhận,"}
{"q_idx": 1, "prediction": "Thỏa thuận Asean-Hàn Quốc và Asean-Úc-New Zealand được ký kết để tăng cường liên kết kinh tế, mở rộng thị trường và đầu tư cho các nước thành viên Asean. Hiệp định thương mại toàn diện này loại bỏ hoặc giảm thuế đối với nhiều mặt hàng và mở cửa thị trường trong các lĩnh vực đầu tư, dịch vụ tài chính và viễn thông.", "label": "Trong sáu thỏa thuận kinh tế ký vào cuối giờ chiều thứ Sáu (27/2) tại Hội nghị thượng đỉnh khối Asean 14, quan trọng nhất là văn kiện thành lập khu vực mậu dịch tự do, FTA, giữa Asean với Úc và New Zealand."}
{"q_idx": 3, "prediction": "Tổng thống Bush loan báo tăng quân ở Iraq để giảm bạo lực và hỗ trợ chính phủ Iraq, mặc dù đảng Dân chủ phản đối. Kế hoạch này tập trung vào tăng cường an ninh ở Baghdad và các thành phố khác, hỗ trợ lực lượng Iraq và gửi thêm 20.000 quân. Các biện pháp bổ sung bao gồm tài trợ cho phát triển, cứng rắn với Iran và Syria, và triển khai hệ thống chống tên lửa.", "label": "Tổng thống Mỹ George W Bush đã công bố sẽ gửi thêm 20.000 binh sĩ Hoa Kỳ tới Iraq, một phần trong chiến lược mới nhằm đối phó với xung đột đang gia tăng."}
{"q_idx": 5, "prediction": "Một nghị quyết bắt buộc của đảng Dân chủ về việc rút quân khỏi Iraq không được thông qua Thượng viện, nhưng một ủy ban Hạ viện đã chấp thuận một ngân sách chiến tranh ràng buộc với thời gian biểu rút quân. Trong khi đó, quân đội Mỹ báo cáo bốn lính Mỹ thiệt mạng trong một vụ nổ bom, và các vụ tấn công khác ở Iraq đã khiến nhiều người thiệt mạng và bị thương.", "label": "Các dân biểu của đảng Dân Chủ trong Thượng viện Hoa Kỳ đã không tìm được đủ phiếu để buộc Tổng thống Bush đặt ra một thời hạn cho việc rút quân ra khỏi Iraq."}
{"q_idx": 7, "prediction": "Quan hệ Trung-Việt được cải thiện; các nhà lãnh đạo cam kết tăng cường quan hệ song phương, xử lý tốt bất đồng và duy trì ổn định trên biển.", "label": "Chủ tịch Trung Quốc Tập Cận Bình và Chủ tịch Việt Nam Trương Tấn Sang cam kết sẽ xử lý các tranh chấp trên biển một cách thỏa đáng thông qua đối thoại và tham vấn trong cuộc gặp ở Bắc Kinh hôm thứ Hai ngày 10/11, Tân Hoa Xã đưa tin."}
{"q_idx": 4, "prediction": "Một hội nghị khoa học tại Quy Nhơn có sự tham gia của nhiều nhà vật lý đoạt giải Nobel, bao gồm Jack Steinberger, Sheldon Lee Glashow và Klaus von Klitzing. Họ sẽ có những bài giảng về vai trò của khoa học cơ bản trong tiến bộ công nghệ và tham dự lễ khánh thành một trung tâm quốc tế về khoa học liên ngành.", "label": "Bốn khoa học gia người Mỹ từng đoạt giải Nobel vật lý đã cùng đến thành phố Quy Nhơn, tỉnh Bình Định chiều ngày 11/8 để tham dự một hội nghị khoa học quốc tế có tiêu đề: ‘Các cửa sổ nhìn ra vũ trụ’."}
{"q_idx": 6, "prediction": "Dữ liệu từ Brazil cho thấy vắc-xin của Trung Quốc kém hiệu quả hơn so với ước tính ban đầu, với hiệu quả chỉ đạt 50,4%. Các thử nghiệm ở Brazil ban đầu đã báo cáo hiệu quả 78%, tuy nhiên dữ liệu về các trường hợp nhiễm trùng \"rất nhẹ\" đã không được tính đến.", "label": "Theo kết quả mới nhất được các nhà nghiên cứu công bố, loại vaccine virus corona do công ty Sinovac của Trung Quốc phát triển có hiệu quả 50,4% trong các thử nghiệm lâm sàng ở Brazil."}
{"q_idx": 8, "prediction": "Phóng sự Đài Loan về cá chết ở Hà Tĩnh xác định Formosa là thủ phạm xả thải, mặc dù chính quyền cho rằng do tảo đỏ. Phóng sự cũng tiết lộ bố ráp, bắt giữ nhà hoạt động và im lặng của báo chí Việt Nam do kiểm duyệt.", "label": "Hai báo Việt Nam đưa tin về phóng sự cá chết của truyền hình Đài Loan trong lúc một nhà hoạt động nói với BBC “lẽ ra chủ động truyền thông trong vụ này phải là báo Việt Nam”."}
{"q_idx": 11, "prediction": "Ngoại trưởng Hoa Kỳ John Kerry cáo buộc Nga tìm cớ xâm lược sâu hơn vào Ukraine. Bất chấp căng thẳng, cả hai bên đã ra dấu hiệu sẵn sàng đối thoại. Nga kiểm soát phần lớn Crimea của Ukraine, trong khi các nhân viên tại một trụ sở chính quyền địa phương ở phía đông Ukraine đã phải sơ tán sau tin đồn về một vụ tấn công bằng bom. NATO và Nga dự kiến sẽ đối thoại tại Brussels.", "label": "Ngoại trưởng Hoa Kỳ John Kerry và người đồng cấp Nga Sergei Lavrov sắp có cuộc đối thoại quan trọng nhằm giảm bớt căng thẳng tại Ukraine."}
{"q_idx": 10, "prediction": "Quốc hội Hy Lạp đã chấp thuận các biện pháp thắt lưng buộc bụng theo kế hoạch tái cơ cấu nợ để đổi lấy gói cứu trợ 53,5 tỷ euro, nhưng một số nghị sĩ đảng cầm quyền đã bỏ phiếu phản đối. Thủ tướng Tsipras mô tả đàm phán là \"một cuộc chiến\" và nhấn mạnh trọng trách hoàn tất đàm phán với các chủ nợ của Hy Lạp.", "label": "Quốc hội Hy Lạp ủng hộ đề xuất cải cách kinh tế của chính phủ, vốn được đưa ra nhằm đổi lại một gói cứu trợ mới và chấm dứt khủng hoảng nợ."}
{"q_idx": 9, "prediction": "Trong ba ngày giao tranh trên đảo Jolo, quân đội Philippines mất 26 binh sĩ và hạ gục khoảng 31 tay súng phiến quân. Cuộc đụng độ đẫm máu nhất xảy ra vào thứ Năm khi quân đội bị phục kích, khiến 10 binh sĩ tử trận. Quân đội hiện đang triển khai thêm lính lên đảo, nâng tổng số lên 4.000. Quân đội Philippines, được cố vấn quân sự Mỹ hỗ trợ, đang giao tranh với phiến quân Hồi giáo liên quan đến các nhóm hoạt động trong khu vực.", "label": "Chính phủ Philippines đang triển khai thêm lính tới khu vực miền nam, sau khi có một số vụ đụng độ đẫm máu nhất nổ ra với phe dân quân, làm chết ít nhất là 50 người."}
{"q_idx": 13, "prediction": "Các ngân hàng ảo mới được cấp phép ở Hong Kong dự kiến ra mắt vào đầu năm 2020 do các cuộc biểu tình đang diễn ra làm trì hoãn các chiến dịch tiếp thị.", "label": "Sự ra mắt của các ngân hàng trực tuyến mới ở Hong Kong dự kiến sẽ bị trì hoãn một phần do các cuộc biểu tình chống chính phủ đang diễn ra, theo Reuters ."}
{"q_idx": 14, "prediction": "Người dân Ninh Hiệp phản đối xây dựng trung tâm thương mại gần trường học, cho rằng nó sẽ ảnh hưởng đến học sinh. Chính quyền khẳng định tiếp tục dự án, nhưng chủ đầu tư đã tạm dừng do phản đối mạnh mẽ.", "label": "Mạng xã hội đang lan truyền hình ảnh mà họ nói là hàng trăm học sinh mầm non, tiểu học, trung học cơ sở ở xã Ninh Hiệp, huyện Gia Lâm, Hà Nội, nghỉ học để phản đối việc chính quyền thu hồi bãi giữ xe cạnh chợ Nành."}
{"q_idx": 15, "prediction": "Quân đội Taliban đang đàm phán với chính quyền Afghanistan để thả công dân Hàn Quốc. Phái đoàn Hàn Quốc đến Afghanistan để đàm phán. Số phận của 3 con tin Đức và Afghanistan vẫn chưa rõ ràng. Quân đội Afghanistan đang vây quanh nơi giam giữ con tin nhưng chưa có hành động quân sự. Lực lượng liên quân hỗ trợ nếu cần.", "label": "Các dân quân Taleban ở Afghanistan đang giữ 23 người Hàn quốc làm con tin đã kéo dài hạn chót đến tối hôm nay để yêu cầu đánh đổi cũng chừng đó tù nhân Taleban."}
{"q_idx": 18, "prediction": "Ba bộ trưởng kêu gọi Iran ngừng làm giàu uranium và quay lại đàm phán hạt nhân; họ cũng thúc đẩy Bắc Hàn quay lại đàm phán sáu bên \"ngay lập tức và vô điều kiện\".", "label": "Bộ trưởng ngoại giao Mỹ Condoleezza Rice và các bộ trưởng ngoại giao Úc và Nhật tại hội đàm an ninh ở Úc đã bày tỏ quan ngại cao độ trước chương trình hạt nhân của Iran."}
{"q_idx": 17, "prediction": "Mỹ áp đặt lệnh trừng phạt mới đối với Iran; Iran tuyên bố rằng những trừng phạt này sẽ thất bại. Thứ trưởng Ngoại giao Mỹ cho biết hy vọng Hội đồng Bảo an sẽ thông qua thêm trừng phạt, ưu tiên đối thoại nhưng đôi khi phải cứng rắn. Lực lượng Cận vệ Cách mạng Hồi giáo Iran tuyên bố cần bảo vệ lý tưởng cách mạng, Bộ Ngoại giao Iran lên án động thái của Mỹ là \"thù địch\".", "label": "Iran phản kháng các trừng phạt của Mỹ nhằm vào lực lượng Cận vệ cách mạng Hồi giáo và ba ngân hàng nhà nước."}
{"q_idx": 19, "prediction": "Do tình trạng thiếu linh mục, trên toàn thế giới, khoảng 70.000 linh mục Công giáo đã từ bỏ ơn gọi để kết hôn. Tình trạng này khiến nhiều quốc gia không có người trẻ nộp đơn làm linh mục.", "label": "Giáo hoàng Benedict đã triệu các tư vấn thân cận nhất tại Vatican hôm nay để bàn về con số ngày càng tăng các linh mục Công giáo muốn lấy vợ mà vẫn tiếp tục hành đạo."}
{"q_idx": 20, "prediction": "Phó Tổng thống Biden sẽ tới Trung Quốc, Nhật Bản và Hàn Quốc để thảo luận về việc Trung Quốc tuyên bố thiết lập Vùng Nhận dạng Phòng không, gây quan ngại cho các nước láng giềng của họ. Mỹ đã không tuân thủ tuyên bố của Trung Quốc và thực hiện các biện pháp thách thức, chẳng hạn như triển khai máy bay B-52 vào khu vực tranh chấp.", "label": "Phó Tổng thống Mỹ Joe Biden sẽ truyền đạt đến phía Trung Quốc quan ngại của Mỹ về việc nước này tuyên bố xác lập một vùng nhận dạng phòng không bao trùm các quần đảo có tranh chấp với Nhật Bản trên Biển Hoa Đông, Nhà Trắng thông báo."}
{"q_idx": 21, "prediction": "Các diễn biến liên quan đến Afghanistan, Iran và Triều Tiên khiến Mỹ phải đối mặt với những thách thức khó lường, khi Iran phóng vệ tinh, Triều Tiên có khả năng thử tên lửa tầm xa và Nga mong muốn tham gia kiểm soát tuyến hậu cần của NATO ở Trung Á.", "label": "Đối với Tổng thống Barack Obama, tuần trăng mật cho chính sách đối ngoại đã hết và nay ông đang đối diện một số thực tế khó khăn."}
{"q_idx": 23, "prediction": "Tàu Wise Honest của Bắc Hàn bị bắt vì vận chuyển than vi phạm lệnh trừng phạt quốc tế, tạo căng thẳng giữa hai nước sau hội nghị thượng đỉnh vô kết quả ở Hà Nội.", "label": "Bắc Hàn đòi phải trả lại ngay lập tức một tàu hàng của nước này bị Hoa Kỳ bắt giữ, và gọi hành động bắt tàu là một \"vụ cướp bất hợp pháp\"."}
{"q_idx": 22, "prediction": "Tờ báo Trung Quốc chỉ trích Việt Nam không ngăn chặn được bạo lực chống Trung Quốc, kêu gọi chính quyền Việt Nam chịu trách nhiệm về hậu quả đối với quan hệ song phương. Những lời kêu gọi bình tĩnh được đưa ra cho công dân Trung Quốc, đồng thời nhấn mạnh sự khác biệt trong phản ứng của Việt Nam và Trung Quốc đối với tranh chấp giàn khoan.", "label": "Truyền thông Trung Quốc đã lên tiếng kêu gọi Hà Nội ‘nhận hoàn toàn trách nhiệm’ cho các cuộc bạo động gây chết người trong tuần qua trong bối cảnh căng thẳng leo thang giữa hai nước."}
{"q_idx": 24, "prediction": "Ehud Olmert lên nắm quyền ở Israel với kế hoạch giải quyết các vấn đề biên giới, bao gồm việc rút khỏi một số khu vực Bờ Tây và sáp nhập các khu định cư Do Thái vào Israel. Palestine phản đối kế hoạch này, lập luận rằng Israel không nghiêm túc trong việc tìm kiếm hòa bình.", "label": "Quốc hội Israel đã phê chuẩn chính phủ mà tân Thủ tướng Ehud Olmert đề xuất, nhằm mở đường cho ông Olmert và nội các có lễ nhậm chức."}
{"q_idx": 25, "prediction": "Tổng thống Pháp cảnh báo \"hậu quả nghiêm trọng\" nếu Nga không rút quân khỏi Gruzia theo thỏa thuận ngừng bắn. Các nhà lãnh đạo Mỹ và Đức đã thúc giục Moscow bắt đầu quá trình rút quân, trong khi Nga tuyên bố chỉ rút quân sau khi các biện pháp an ninh tại Nam Ossetia được tăng cường.", "label": "Các cường quốc phương Tây đã gia tăng sức ép với Nga nhằm kêu gọi quốc gia này tuân thủ cam kết rút quân khỏi Gruzia."}
{"q_idx": 26, "prediction": "Ngoại trưởng Tillerson bác bỏ những lo ngại về sức khỏe tâm thần của Tổng thống Trump, gọi ông là \"không điển hình\" và phủ nhận ông sẽ rời khỏi Nhà Trắng. Mặc dù bị chỉ trích trong cuốn sách mới, chính quyền Trump vẫn đang thúc đẩy các kế hoạch của mình, bao gồm mở rộng khoan ngoài khơi và mở cửa cho cuộc đàn áp kinh doanh cần sa.", "label": "Ngoại trưởng Hoa Kỳ Rex Tillerson nói ông \"không bao giờ đặt câu hỏi\" về sức khoẻ tâm thần\" của Tổng thống Trump sau khi cuốn\"Lửa và Giận giữ: Bên trong Tòa Bạch Ốc\" của Michael Wolff cho biết nhân viên nhìn tổng thống như một \"đứa trẻ\"."}
{"q_idx": 27, "prediction": "Tổng Bí thư Nguyễn Phú Trọng tiếp Thượng tướng Phạm Trường Long, thảo luận về an ninh, kinh tế, và chủ quyền ở Biển Đông. Ông Phạm nhấn mạnh yêu sách chủ quyền của Trung Quốc, trong khi giới lãnh đạo Việt Nam đánh giá cao quan hệ hợp tác.", "label": "Phó Chủ tịch Quân ủy Trung ương Trung Quốc, Tướng Phạm Trường Long trong chuyến thăm hai ngày 18-19/6 đã gặp gỡ các lãnh đạo cao cấp nhất của Việt Nam."}
{"q_idx": 29, "prediction": "Vụ nổ súng ở Wilkinsburg khiến 5 người chết, 3 người bị thương; các nghi phạm vẫn đang lẩn trốn.", "label": "Ít nhất năm người bị giết chết trong một vụ xả súng ở gần Pittsburgh, tiểu bang Pennsylvania, Hoa Kỳ, giới chức nói."}
{"q_idx": 31, "prediction": "Trong đêm 9/11/1989, ông Phạm Tuấn Thọ, phiên dịch cho đoàn lao động Việt Nam tại Đông Đức, đã vượt biên sang Tây Berlin qua Cổng Brandenburg và Checkpoint Charlie, chứng kiến sự sụp đổ của Bức tường Berlin.", "label": "Tối 9/11/1989, tin đường biên Đông - Tây được mở cho người dân Đức đi lại tự do được phát trên truyền thông."}
{"q_idx": 30, "prediction": "Lợi nhuận sau thuế của Vingroup giảm 37% xuống còn 58,3 triệu đô la, mặc dù doanh thu từ sản xuất tăng gấp ba lần lên 266 triệu đô la do doanh số bán xe điện và điện thoại thông minh tăng mạnh.", "label": "Tập đoàn Vingroup của tỷ phú Việt Nam vừa báo cáo thu nhập giảm 60% trong nửa đầu năm 2020, sau khi giao quyền kiểm soát chuỗi bán lẻ chính của mình để tập trung hơn vào kinh doanh xe và điện thoại thông minh, theo Forbes ."}
{"q_idx": 28, "prediction": "Trung Quốc đã giảm đáng kể tình trạng nghèo đói kể từ năm 1990, với số người sống dưới ngưỡng nghèo giảm từ 750 triệu xuống còn 7,2 triệu vào năm 2016. Tốc độ giảm nghèo nhanh chóng của nước này gắn liền với tăng trưởng kinh tế bền vững, di dời người dân từ các vùng nông thôn hẻo lánh vào các khu chung cư và áp dụng một số hình thức tư bản chủ nghĩa.", "label": "Chủ tịch Trung Quốc Tập Cận Bình nói đất nước của ông đã đạt được mục tiêu đầy tham vọng được đặt ra khi ông nhậm chức năm 2012 là đưa 100 triệu người thoát nghèo."}
{"q_idx": 33, "prediction": "Gary Glitter, kẻ ấu dâm bị bắt ở Việt Nam năm 2005, sẽ được trả tự do sau khi thụ án 3 năm. Sau khi được thả, cựu rocker muốn hoàn thành album nhạc rock còn dang dở.", "label": "Cựu ca sĩ người Anh sẽ ra tù ngày 19/8 sau khi thụ án ba năm tù giam vì hành vi dâm ô với trẻ em."}
{"q_idx": 32, "prediction": "Bài viết khám phá bản chất dân chủ ở Quận Cam, California, nơi các cuộc bầu cử phổ biến nhưng quyền công dân lại bị hạn chế đối với những người nhập cư không có giấy tờ. Bài viết đặt câu hỏi về ý tưởng \"dân chủ\" trong bối cảnh \"tầng lớp dưới\" vô hình về mặt chính trị.", "label": "Trong loạt chương trình mang tên Ai làm chủ thế giới, đài BBC đi tìm hiểu bản chất của quyền lực trên thế giới ngày nay."}
{"q_idx": 36, "prediction": "Danh sách đề cử giải Man Booker rút gọn còn 6 tác giả: Sarah Waters, Kiran Desai, Maria Hyland, Hisham Matar, Edward St Aubyn và Kate Grenville.", "label": "Danh sách đề cử cho giải thưởng văn học Man Booker năm nay vừa được công bố, gây ngạc nhiên cho giới quan sát."}
{"q_idx": 35, "prediction": "Thư Ngỏ của 36 trí thức hải ngoại gửi chính quyền Hà Nội về tình hình đất nước được một số người khen ngợi vì sự can đảm của những người ký tên, nhưng cũng bị một số khác chỉ trích. Những người chỉ trích lập luận rằng lá thư ngầm công nhận tính chính danh của chính quyền Hà Nội và sẽ không được chính quyền này chú ý đến. Tuy nhiên, tác giả cho rằng lá thư thể hiện sự lo lắng về tình hình đất nước và có thể tạo áp lực ngược lại lên chính quyền cộng sản.", "label": "Bức thư ngỏ của 36 nhà trí thức Việt Nam sống tại hải ngoại gởi nhà cầm quyền Hà Nội hôm 21 tháng 8 liên quan đến nguy cơ của đất nước đã tạo được sự chú ý của dư luận."}
{"q_idx": 37, "prediction": "Hoa Kỳ tuyên bố sẽ bãi bỏ lệnh cấm vận vũ khí đối với Việt Nam, phản ánh sự tin tưởng và công nhận nhu cầu tự vệ của Việt Nam.", "label": "Bộ Ngoại giao Việt Nam nói Hà Nội hoan nghênh việc Mỹ \"đẩy nhanh\" việc gỡ bỏ hoàn toàn lệnh cấm vận vũ khí sát thương."}
{"q_idx": 38, "prediction": "Arsenal thắng 3-0 trước Manchester United nhờ các bàn thắng của Sanchez, Ozil và Sanchez, bất chấp Man United có thế trận tốt hơn ở hiệp hai.", "label": "Arsenal làm Manchester United choáng váng với ba bàn thắng trong 20 phút đầu và leo lên vị trí thứ hai trong bảng Premier League."}
{"q_idx": 40, "prediction": "Tự do tư tưởng là quyền suy nghĩ và bày tỏ ý kiến mà không bị ép buộc từ bỏ. Kiểm duyệt tư tưởng là hành động ngăn chặn những ý tưởng trái ngược với quan điểm chính thống của chính quyền. Trong xã hội dân chủ, tự do tư tưởng là thiết yếu vì nó thúc đẩy sự phát triển. Ngược lại, kiểm duyệt tư tưởng ngăn cản sự tiến bộ và có thể dẫn đến sự hủy diệt của xã hội.", "label": "Cần có chế độ kiểm duyệt minh bạch? Để trả lời cho câu hỏi trên cần phải giải đáp những vấn đề như:"}
{"q_idx": 39, "prediction": "Thanh tra Hà Nội công bố dự thảo kết luận về đất Đồng Tâm, khẳng định không có 59 ha đất nông nghiệp tranh chấp, toàn bộ đất là đất quốc phòng. Phó thanh tra Hà Nội mô tả không có cơ sở để bồi thường mặt bằng cho 14 hộ dân; trong khi Chủ tịch UBND TP Hà Nội Nguyễn Đức Chung nhấn mạnh sẽ công khai kết luận thanh tra minh bạch và xử lý cán bộ vi phạm.", "label": "Chính quyền Hà Nội công bố \"dự thảo kết luận thanh tra\" đất Đồng Tâm sau vụ đối đầu chưa có tiền lệ."}
{"q_idx": 42, "prediction": "Manchester United thắng Aston Villa 2-1 nhờ bàn mở tỉ số của Larsson và bàn ấn định chiến thắng của Solskjaer. Bàn gỡ hòa của Baros không giúp Villa giành quyền đi tiếp.", "label": "Cầu thủ vào thay người, Ole Gunnar Solskjaer, ghi bàn quyết định, giúp Manchester United vượt qua Aston Villa ở vòng ba cúp FA."}
{"q_idx": 41, "prediction": "Indonesia đã gặp các vấn đề tổ chức tại Cúp bóng đá châu Á, bao gồm bán vé lộn xộn, địa điểm tập luyện kém và mất điện trong trận đấu.", "label": "Thủ đô Jakarta của Indonesia được vinh dự là địa điểm diễn ra trận chung kết bóng đá Asian Cup 2007."}
{"q_idx": 43, "prediction": "Thủ tướng Nguyễn Xuân Phúc và doanh nhân Phạm Nhật Vượng ra mắt VinFast tại Triển lãm ô tô Paris 2018. VinFast dự kiến ra mắt 12 mẫu ô tô và xe máy điện vào năm 2019-2020, cam kết đưa thương hiệu Việt Nam lên tầm quốc tế.", "label": "Thủ tướng Việt Nam Nguyễn Xuân Phúc, Bí thư Thành ủy TPHCM Nguyễn Thiện Nhân đã dự lễ khánh thành Nhà máy sản xuất ô tô VinFast của tập đoàn Vingroup hôm 14/6."}
{"q_idx": 44, "prediction": "Chan và Sukumaran, hai tử tù người Úc bị kết án buôn ma túy, sắp được chuyển đến nhà tù Nusakambangan để hành quyết. Úc vẫn đang gây áp lực với Indonesia để ngăn chặn vụ hành quyết này.", "label": "Hai người buôn lậu ma túy người Australia đối diện án tử hình tại Indonesia vào thứ Tư sẽ được chuyển tới hòn đảo nơi họ bị xử tử, giới chức Bali xác nhận."}
{"q_idx": 45, "prediction": "Người dân Hà Nội tự chủ động ứng phó với tình trạng ô nhiễm không khí nghiêm trọng bằng cách theo dõi các ứng dụng đo lường bụi mịn và khí thải, tự đóng cửa hạn chế ra đường, mua máy lọc không khí và khẩu trang. Họ bày tỏ lo ngại và phản đối thông tin từ các nguồn chính thống về thứ hạng ô nhiễm.", "label": "Đánh răng, rửa mặt, sẽ không còn là việc trước tiên mỗi buổi sáng của người Hà Nội."}
{"q_idx": 46, "prediction": "Apple đã mua thương hiệu \"iPad\" toàn cầu nhưng Proview tuyên bố sở hữu thương hiệu tại Trung Quốc. Để bảo vệ doanh số bán hàng ở thị trường Trung Quốc đang phát triển, Apple đã giải quyết tranh chấp với Proview bằng cách trả 60 triệu đô la Mỹ, chấm dứt vụ việc.", "label": "Apple đồng ý chi 60 triệu đô Mỹ cho công ty Proview ở Trung Quốc để dàn xếp quyền sử dụng thương hiệu ‘iPad’, tòa án Trung Quốc cho biết."}
{"q_idx": 48, "prediction": "Việt Nam vừa ký thỏa thuận thương mại với Úc, một đối tác đàm phán khó khăn. Nước này cần ký thỏa thuận với Hoa Kỳ và 3 quốc gia khác trước khi gia nhập WTO, dự kiến ​​trong năm 2006.", "label": "Hai tuần sau khi kết thúc đàm phán với New Zealand, Việt Nam cũng ký được thỏa thuận song phương về việc gia nhập Tổ chức Thương mại Thế giới (WTO) với Australia."}
{"q_idx": 47, "prediction": "Cục Dự trữ Liên bang đã tăng lãi suất lần thứ chín liên tiếp để kiểm soát lạm phát, bất chấp nền kinh tế đang tăng trưởng tốt. Việc tăng lãi suất làm tăng lợi nhuận đối với tài sản định giá bằng đô la, thúc đẩy giá trị tiền tệ Mỹ.", "label": "Cục Dự trữ Liên bang Hoa Kỳ mới tuyên bố nâng tỉ lệ lãi suất lên 0.25%, lên thành 3.25%."}
{"q_idx": 50, "prediction": "Qantas sẽ mua 30% cổ phần của Pacific Airlines để mở rộng cạnh tranh với các hãng hàng không giá rẻ tại thị trường châu Á.", "label": "Tin tức cho hay hãng hàng không quốc gia Úc, Qantas, quyết định mua 30% cổ phần hãng hàng không Pacific Airlines của Việt Nam nhằm mở rộng thị trường tại châu Á."}
{"q_idx": 49, "prediction": "Cảnh sát đã bắt giữ 13 người tại 10 địa điểm trồng cần sa ở Đông Bắc nước Anh, thu giữ 1.500 cây cần sa trị giá 220.000 bảng Anh. Những người này chủ yếu là người nhập cư trái phép từ Việt Nam, tham gia vào mạng lưới sản xuất cần sa skunk trên quy mô lớn. Trong một vụ việc riêng biệt, hai người Việt Nam đã bị kết án vì tham gia vào một vụ bắt cóc.", "label": "Một băng đảng người Việt bị tội trồng cần sa trái phép trị giá tới hàng trăm ngàn bảng Anh vừa lãnh án tù tổng cộng 26 năm."}
{"q_idx": 51, "prediction": "Philippines đưa vấn đề tranh chấp Biển Đông với Trung Quốc ra tòa án quốc tế, nhưng Trung Quốc từ chối tham gia. Philippines vẫn sẽ tiếp tục thủ tục tại tòa trọng tài, coi quyết định của Trung Quốc là tòa sẽ xem xét khi đưa ra phán quyết.", "label": "Bộ trưởng Quốc phòng Philippines Voltaire Gazmin nói việc Trung Quốc từ chối tham gia vào thủ tục phán xét của tòa trọng tài quốc tế đối với Biển Tây Philippines (Biển Đông) trong tranh chấp lãnh thổ là bước đi có lợi cho Philippines."}
{"q_idx": 55, "prediction": "Đài Loan lắp đặt anten tăng số lượng chuyến bay đến đảo Ba Bình, triển khai vũ khí hạng nặng do căng thẳng Biển Đông, mặc dù Việt Nam phản đối.", "label": "Đài Loan sắp sửa dựng xong một cột anten phục vụ cho không lưu trên hòn đảo mà họ đang cai quản ở quần đảo Trường Sa hiện có tranh chấp với Việt Nam."}
{"q_idx": 54, "prediction": "Công ty Trung Quốc ngừng sản xuất quặng sắt ở Bắc Hàn sau khi cáo buộc Bình Nhưỡng yêu cầu phi lý và vi phạm luật đầu tư. Bắc Hàn bác bỏ, cáo buộc công ty không thực hiện cam kết đầu tư đúng hạn. Sự việc diễn ra trong bối cảnh Bắc Hàn đang cần đầu tư nước ngoài để vực dậy nền kinh tế.", "label": "Truyền thông nhà nước của Bắc Hàn đã có lời chỉ trích hiếm hoi một công ty khai mỏ của Trung Quốc."}
{"q_idx": 56, "prediction": "Tác giả lập luận rằng tự do ở Mỹ có giới hạn, như được thể hiện trong các cuộc chiến tranh, tù nhân Guantanamo và các vụ ám sát. Tác giả ủng hộ chủ nghĩa xã hội và tin rằng Việt Nam có thể thành công như Trung Quốc mà không cần mô hình dân chủ đa nguyên kiểu Mỹ.", "label": "Gởi bạn Lê Tuấn Anh đã gửi ý kiến về BBC về vấn đề Hoàng Minh Chính. Tôi rất khâm phục bạn khi bạn được tiếp xúc với một môi trường học tập tốt và thật tế kết quả đã cho thấy bạn là người thành công. Cách học đó đúng là VN phải học theo rất nhiều."}
{"q_idx": 57, "prediction": "Ferdinand Marcos, bị lật đổ vào năm 1986, đã được ướp xác và chôn cất tại Nghĩa trang Anh hùng bất chấp sự phản đối do lịch sử vi phạm nhân quyền của ông. Quyết định này gây ra sự chia rẽ ở Philippines, nơi vẫn còn tranh cãi về di sản của ông Marcos.", "label": "Nhà độc tài Philippines Ferdinand Marcos đã được chôn tại Nghĩa trang Anh hùng ở thủ đô Manila."}
{"q_idx": 59, "prediction": "Hàn Quốc áp dụng hạn chế mới để đối phó với tình trạng gia tăng ca nhiễm, bao gồm lệnh cấm tụ tập, đóng cửa phòng tập và quán bar karaoke. Nước này đã ghi nhận hơn 41.000 ca nhiễm và đang tăng cường xét nghiệm, truy vết.", "label": "Nam Hàn ghi nhận mức cao mới về số ca nhiễm virus corona, với 950 người nhiễm bệnh được công bố hôm thứ Bảy."}
{"q_idx": 60, "prediction": "Trung Quốc chính thức thành lập \"Thành phố Tam Sa\" trên đảo Phú Lâm (Hoàng Sa) do Trung Quốc chiếm giữ từ năm 1974, gây phản đối mạnh mẽ từ Việt Nam. Động thái này được thúc đẩy bởi mục đích bảo vệ chủ quyền và tài nguyên ở Biển Đông.", "label": "Bắc Kinh đã long trọng tổ chức buổi lễ thành lập ‘thành phố Tam Sa’ trên hòn đảo hiện đang có tranh chấp chủ quyền với Việt Nam trên Biển Đông."}
{"q_idx": 61, "prediction": "Thủ tướng Phúc nhấn mạnh tầm quan trọng của việc bảo vệ môi trường sau sự cố Formosa Hà Tĩnh năm 2016, đe dọa đóng cửa nhà máy nếu tái diễn vi phạm. Công ty đã thực hiện các biện pháp khắc phục, nhưng người dân vẫn tiếp tục kiện tụng, cáo buộc hành hung trong các cuộc tuần hành.", "label": "Thủ tướng Phúc ‘thị sát' nhà máy thép Formosa Hà Tĩnh và nói về sự cố môi trường lớn nhất tại Việt Nam."}
{"q_idx": 63, "prediction": "Quỹ Cựu Chiến Binh Hoa Kỳ (VVAF) và Việt Nam đã ký thỏa thuận tiến hành khảo sát bom mìn chưa nổ tại Việt Nam, một bước ngoặt quan trọng trong quan hệ hai nước. Khảo sát sẽ tập trung vào ba tỉnh bị đánh bom nặng nhất trong thời chiến tranh.", "label": "Hôm nay Bộ Quốc Phòng Việt Nam ký với Quỹ Cựu Chiến Binh Hoa Kỳ tại Việt Nam thỏa thuận khảo sát định vị và đánh giá số bom mìn chưa nổ còn sót lại từ cuộc chiến Việt Nam."}
{"q_idx": 62, "prediction": "Thử nghiệm lâm sàng Giai đoạn 1 cho thấy vaccine chống Ebola là an toàn và tạo ra phản ứng miễn dịch chez 20 tình nguyện viên. Một thỏa thuận bồi thường được yêu cầu để bao gồm rủi ro liên quan đến việc đẩy nhanh quá trình thử nghiệm vì nhu cầu cấp thiết nhân đạo.", "label": "Kết quả thử nghiệm ở người đầu tiên cho thấy vaccine chống Ebola là an toàn và có thể giúp hệ miễn dịch kháng cự trước virus."}
{"q_idx": 64, "prediction": "11 nghi phạm, bao gồm Alexander Fishenko, bị cáo buộc hoạt động như đại diện của Nga tại Hoa Kỳ và buôn lậu thiết bị vi điện tử bất hợp pháp sang Nga cho mục đích quân sự.", "label": "Tám người đã bị bắt giữ tại Houston, Texas, với các cáo buộc về xuất khẩu trái phép các thiết bị công nghệ cao cho các cơ quan an ninh Nga."}
{"q_idx": 65, "prediction": "Tờ CAND đăng hình ảnh ông Nguyễn Văn Hải được cho là chụp trong thời gian tuyệt thực, nhưng gia đình ông Hải cáo buộc hình ảnh đã bị chỉnh sửa và ông Hải vẫn đang trong tình trạng nguy cấp.", "label": "Tờ báo của công an Việt Nam, Công An Nhân Dân, vừa có bài viết đả kích việc tuyệt thực của blogger Điếu Cày, tức Nguyễn Văn Hải, và cho rằng đây \"màn kịch vụng về\"."}
{"q_idx": 66, "prediction": "Thị trưởng Paris rao bán kho rượu quý trị nghìn đô từ thời Jacques Chirac để phục vụ công quỹ.", "label": "Tòa Thị chính Paris đang mang ra bán đấu giá năm ngàn chai rượu trong kho của thành phố."}
{"q_idx": 67, "prediction": "Cây cần sa mọc trong tòa nhà quốc hội Nhật Bản, khiến một khách tham quan báo cáo. Cảnh sát đã nhổ bỏ bốn cây, và các quan chức nghi ngờ rằng các hạt cần sa đã bay theo gió hoặc có trong phân chim.", "label": "Người ta phát hiện ra có các cây cần sa mọc trong khu vực thuộc tòa nhà quốc hội Nhật Bản tại Tokyo."}
{"q_idx": 68, "prediction": "Một người phụ nữ chỉ trích cách nói chuyện trịch thượng và ngôn ngữ thiếu chân thành của một thiếu nữ 19 tuổi được đào tạo trong trường dòng. Cô ấy hồi tưởng lại trải nghiệm đọc sách thời thơ ấu của mình và nhấn mạnh rằng khả năng ngữ văn của cô gái là hiếm thấy, ngay cả đối với những học sinh giỏi.", "label": "Thân gửi em Ngọc Anh. Cho phép chị gọi em là em vì nếu đúng như lời em nói thì chị hơn em có vài tuổi."}
{"q_idx": 69, "prediction": "Intel sẽ xây dựng nhà máy sản xuất vi mạch đầu tiên tại châu Á ở Trung Quốc để phục vụ nhu cầu của thị trường lớn nhất đang phát triển nhanh chóng của họ.", "label": "Intel sẽ xây một nhà máy sản xuất vi mạch máy tính tại Trung Quốc trị giá 2,5 tỉ đôla, giúp thúc đẩy ngành công nghệ cao tại nước này."}
{"q_idx": 70, "prediction": "Một vụ hỏa hoạn trên phà Norman Atlantic giữa Hy Lạp và Ý khiến ít nhất 1 người thiệt mạng và 1 người bị thương. Hoạt động cứu hộ đang bị cản trở bởi biển động và gió lớn, trong khi 131 người đã được giải cứu.", "label": "Các tàu thuyền và trực thăng đang có chiến dịch cứu hộ lớn trong vụ một chiếc phà của Ý chở 478 người bị hỏa hoạn khi cách đảo Corfu chừng 40 hải lý về phía tây bắc."}
{"q_idx": 71, "prediction": "Ngôi mộ tập thể gồm 26 thi thể của người Rohingya bị buôn người được tìm thấy ở Thái Lan, liên quan đến các quan chức địa phương và cảnh sát tham gia vào hoạt động buôn người đòi tiền chuộc.", "label": "Ba người Thái và một người Myanmar bị bắt ở Thái Lan vì nghi vấn buôn người sau khi giới chức phát hiện một ngôi mộ tập thể."}
{"q_idx": 72, "prediction": "Tổng thống Mỹ sẽ tiếp đón Chủ tịch Việt Nam Nguyễn Minh Triết tại Nhà Trắng để tăng cường quan hệ thương mại và giải quyết các vấn đề về nhân quyền. Chuyến thăm đánh dấu sự hợp tác chiến lược ngày càng tăng giữa hai quốc gia nhằm cân bằng với sự bành trướng của Trung Quốc ở Biển Đông.", "label": "Á Châu Tuần San tức Asia Times hôm 16 tháng 6 đã có một bài viết về chuyến viếng thăm của chủ tịch nước Việt Nam vào chủ nhật tuần tới."}
{"q_idx": 73, "prediction": "Hoàng Nhật Nam chia sẻ khó khăn tại chung kết Merdeka Cup 2008 trước Malaysia. Anh dự đoán tuyển Việt Nam sẽ thắng 1-0 tại chung kết lượt đi AFF Cup với bàn thắng của Anh Đức; Malaysia chơi quyết liệt và đá rắn.", "label": "Trả lời phỏng vấn của BBC News Tiếng Việt hôm 7/12, Hoàng Nhật Nam, cựu tiền vệ đội tuyển U23 Việt Nam nhận xét về đối thủ đầy duyên nợ Malaysia trong trận chung kết sắp tới."}
{"q_idx": 74, "prediction": "Trung Quốc và Campuchia tăng cường quan hệ trong chuyến thăm của Thủ tướng Ôn Gia Bảo. Ôn kêu gọi hợp tác kinh tế, phát triển và ủng hộ lẫn nhau. Thủ tướng Campuchia Hun Sen đánh giá cao sự hỗ trợ của Trung Quốc. Cả hai bên sẽ hợp tác chặt chẽ tại Hội nghị Thượng đỉnh Đông Á do Campuchia đăng cai.", "label": "Thủ tướng Trung Quốc Ôn Gia Bảo đã nói với người đồng nhiệm Campuchia Hun Sen rằng mối quan hệ giữa hai nước là ‘mẫu mực’ của mối quan hệ hữu hảo giữa các nước láng giềng."}
{"q_idx": 75, "prediction": "Tổng Bí thư Nguyễn Phú Trọng nhấn mạnh không có vùng cấm trong cuộc chiến chống tham nhũng, thể hiện qua việc xử lý các vụ án nghiêm trọng liên quan đến cán bộ cao cấp ngành công an, quân đội, nguyên Ủy viên Trung ương.", "label": "Việc xử các vụ đại án gần đây tạo đà cho Đảng Cộng sản Việt Nam làm tốt hơn nữa cuộc chiến chống tham nhũng, Tổng Bí thư Nguyễn Phú Trọng được truyền thông nhà nước dẫn lời cho hay."}
{"q_idx": 77, "prediction": "Ngân hàng Trung Quốc đề xuất các biện pháp làm \"nguội\" nền kinh tế sau khi tăng trưởng vượt dự kiến (10,2% quý 1), bao gồm hạn chế đầu tư vào bất động sản và giảm mức dự trữ ngoại hối.", "label": "Ngân hàng thế giới, World Bank đã điều chỉ dự phóng tăng trưởng của kinh tế Trung quốc là 9,5% năm trong năm 2006."}
{"q_idx": 76, "prediction": "Tàu khu trục Mỹ USS Wayne E. Meyer đi vào quần đảo Hoàng Sa tranh chấp mà Trung Quốc phản đối là \"không có sự cho phép\". Quân đội Trung Quốc theo dõi và xua đuổi tàu này, tuyên bố rằng hành động của Hoa Kỳ là \"quyền bá chủ\" và \"làm suy yếu chủ quyền\" của Trung Quốc. Hoa Kỳ thách thức các tuyên bố lãnh thổ của Trung Quốc, khẳng định rằng hoạt động của họ tuân thủ luật quốc tế.", "label": "Bộ Quốc phòng Trung Quốc nói nó đã \"trục xuất\" một tàu khu trục của Hoa Kỳ ra khỏi quần đảo Hoàng Sa hôm thứ Sáu, 13/9, theo Bưu điện Hoa Nam ."}
{"q_idx": 79, "prediction": "Khoảng 200 binh lính Israel đã rút khỏi Lebanon sau lệnh ngừng bắn kéo dài 6 tuần, bất chấp Hezbollah vẫn giam giữ hai binh sĩ Israel. Israel cảnh báo Lebanon phải chịu trách nhiệm về bất kỳ hành động nào của Hezbollah trong tương lai.", "label": "Israel đã rút hầu hết lực lượng của họ ra khỏi Lebanon, hoàn tất một điều kiện quan trọng trong lệnh ngừng bắn mà Liên Hiệp Quốc đứng ra làm trung gian nhằm chấm dứt cuộc giao tranh với phe Hezbollah."}
{"q_idx": 78, "prediction": "Quân đội Việt Nam tham gia kinh tế trong nhiều lĩnh vực, khác với quân đội các nước ASEAN và Đông Bắc Á. Một cuộc tọa đàm tại báo Quân đội Nhân dân khẳng định sự kết hợp giữa kinh tế và quốc phòng là nhiệm vụ chiến lược lâu dài, nhưng nhấn mạnh nhiệm vụ quốc phòng là \"gen trội\".", "label": "Từ các nước trong khu vực Đông Nam Á, Đông Á, cho tới Hoa Kỳ, không ở nước nào mà quân đội 'tham gia làm kinh tế' như ở Việt Nam, các khách mời nói với Bàn tròn Thứ Năm của BBC."}
{"q_idx": 80, "prediction": "Việt Nam trả tự do cho blogger \"tù nhân lương tâm\" Nguyễn Văn Hải và cho phép ông xuất cảnh sang Mỹ vì lý do nhân đạo. Hoa Kỳ hoan nghênh quyết định này và hy vọng nhiều tù nhân lương tâm khác cũng được trả tự do.", "label": "Bộ Ngoại giao Việt Nam phản hồi về tin blogger Nguyễn Văn Hải xuất cảnh đi Hoa Kỳ sau khoảng hai ngày truyền thông Việt Nam im lặng."}
{"q_idx": 83, "prediction": "Mỹ sẽ tăng cường tuần tra \"tự do hàng hải\" ở Biển Đông, với tần suất 2-3 hoạt động hàng tháng. Hoạt động này nhằm đối phó với tuyên bố chủ quyền của Trung Quốc trên vùng biển này.", "label": "Bộ Quốc phòng Mỹ đang lên kế hoạch tăng cường tuần tra ở Biển Đông nhằm củng cố tự do hàng hải ở những vùng biển mà Trung Quốc tuyên bố chủ quyền, tờ Wall Street Journal đưa tin hôm 1/9."}
{"q_idx": 82, "prediction": "Chính phủ Trung Quốc hoan nghênh lời kêu gọi cải thiện quan hệ của Thủ tướng Nhật Bản Abe, nhưng yêu cầu ông nêu rõ quan điểm về chuyến thăm đền thờ Yasakuni gây tranh cãi trước khi Bắc Kinh có thể tiến hành đàm phán.", "label": "Tờ báo chính thức của Đảng cộng sản Trung Quốc vừa cảnh báo rằng quan hệ giữa Trung Quốc và Nhật bản sẽ không tự nhiên được cải thiện nay cựu Thủ tướng Nhật, ông Junichiro Koizumi, đã rời nhiệm sở."}
{"q_idx": 84, "prediction": "Thượng nghị sĩ Feinstein cáo buộc CIA lạm quyền và phá hủy tài liệu liên quan đến chương trình bắt giữ và tra hỏi, có thể vi phạm pháp luật và làm suy yếu quyền giám sát của Ủy ban Tình báo Thượng viện.", "label": "Người đứng đầu Ủy ban Tình báo Thượng viện Hoa Kỳ đã công khai cáo buộc Cơ quan Tình báo Trung ương (CIA) xâm nhập trái phép dữ liệu trên máy tính của Thượng viện."}
{"q_idx": 85, "prediction": "Tổng thống Trump đe dọa tăng thuế đối với hàng hóa của Trung Quốc, làm dấy lên lo ngại về thỏa thuận thương mại, khiến thị trường chứng khoán toàn cầu giảm mạnh.", "label": "Thị trường chứng khoán Trung Quốc sụt giảm hôm 6/5 sau khi Tổng thống Mỹ Donald Trump đe dọa tăng gấp đôi thuế lên hàng hóa trị giá 200 tỷ đôla của Trung Quốc."}
{"q_idx": 86, "prediction": "Công ty Cơ khí và Xây dựng Kumho đã ký thỏa thuận 4 tỷ đô la với Công ty Đầu tư và Phát triển Đô thị để phát triển khu đô thị mới ở ngoại ô Hà Nội.", "label": "Một công ty cơ khí và xây dựng của Hàn Quốc nói họ đã đạt được thỏa thuận ban đầu về việc xây dựng một đô thị mới ở Hà Nội."}
{"q_idx": 87, "prediction": "Tổng thống Duterte cảnh báo Tổng thống Obama không chất vấn về vụ giết người ngoài tòa án, đe dọa sẽ xúc phạm Obama nếu làm vậy. Obama đang xem xét xem có nên gặp Duterte tại Hội nghị Đông Á sau khi Liên Hợp Quốc lên án vụ giết người hàng loạt là vi phạm nhân quyền.", "label": "Tổng thống Hoa Kỳ Barack Obama bị Tổng thống Philippines gọi là “con của gái điếm” bằng tiếng địa phương trong một cuộc họp báo ở Davao hôm 05/09."}
{"q_idx": 88, "prediction": "Trưng cầu dân ý là cuộc bỏ phiếu phổ thông để lựa chọn \"Đồng ý\" hoặc \"Không\" cho một câu hỏi được đặt ra. Chính phủ Anh tổ chức trưng cầu dân ý về tư cách thành viên EU, một hiệp hội chính trị kinh tế bao gồm 28 quốc gia châu Âu, cho phép hàng hóa và công dân lưu thông tự do. Câu hỏi của trưng cầu dân ý là \"Anh quốc có nên tiếp tục là thành viên của Liên minh châu Âu hay không?\".", "label": "Nước Anh tổ chức kỳ trưng cầu dân ý vào thứ Năm 23/6 về việc nước Anh ở lại hay rời khỏi Liên minh Âu châu (EU). Dưới đây là những nét căn bản."}
{"q_idx": 91, "prediction": "Báo chí Trung Quốc đưa tin, tình hình nhiễm melamine trong hệ thống thực phẩm có thể nghiêm trọng hơn, sau khi phát hiện chất này trong trứng gà và thức ăn gia súc. Các quan chức đã thừa nhận việc sử dụng melamine để gian lận trong ngành thực phẩm, chỉ trích cho thấy hệ thống kiểm tra an toàn thực phẩm của Trung Quốc vẫn không hiệu quả.", "label": "Truyền thông nhà nước Trung Quốc cho hay chất hoá học melamine có lẽ thường xuyên được cho vào các hệ thống thức ăn của động vật."}
{"q_idx": 92, "prediction": "Trên trường đua tranh cử presiden năm 2020 của Đảng Dân chủ, Joe Biden và Bernie Sanders dẫn đầu, trong khi các ứng viên ít nổi tiếng hơn gồm các chính trị gia kỳ cựu, tỷ phú, cựu quân nhân và doanh nhân.", "label": "Mùa bầu cử đang ráo riết diễn ra tại Mỹ và cuộc đua trở thành người đại diện đảng Dân chủ đối đầu với Donald Trump đang bùng nổ."}
{"q_idx": 93, "prediction": "Vụ nổ nhà máy hóa chất làm ô nhiễm sông Tùng Hoa, ngưng nguồn cung nước của thành phố. Các quan chức địa phương đã uống nước đầu tiên khi nguồn cung được khôi phục, trong khi có cáo buộc về ô nhiễm trước đó. Chất độc đang di chuyển về phía Nga, và Trung Quốc đã xin lỗi.", "label": "Gần bốn triệu người dân ở thành phố Cáp Nhĩ Tân thuộc Mãn Châu - Tây Bắc Trung Quốc đã được cung cấp nước trở lại, năm ngày sau khi bị cắt nước."}
{"q_idx": 94, "prediction": "Các nghị sĩ Dân chủ cắt giảm kế hoạch kích thích kinh tế xuống còn 780 tỷ đô la để thỏa thuận với phe Cộng hòa, bất chấp sự phản đối của Tổng thống Obama. Dự luật này bao gồm 42% cắt giảm thuế và 58% chi tiêu mới của chính phủ.", "label": "Các thượng nghị sĩ ở Washington nói đã đạt thỏa thuận về khoản ứng cứu kinh tế khổng lồ nhằm làm hồi sinh nền kinh tế Mỹ."}
{"q_idx": 95, "prediction": "Vào tháng 8, 38 người Phi thương vong trong các cuộc tấn công do dân quân Ả Rập bị cáo buộc gây ra ở Darfur. Liên Hiệp Quốc kêu gọi điều tra và trừng phạt thủ phạm, trong khi Sudan phủ nhận sự ủng hộ đối với các cuộc tấn công và phản đối việc triển khai lực lượng gìn giữ hòa bình của Liên Hiệp Quốc.", "label": "Một báo cáo của Liên Hiệp Quốc nói hàng trăm người Sudan bị giết ở Darfur, trong lúc chính phủ biết và ủng hộ các vụ tấn công này."}
{"q_idx": 96, "prediction": "Ngưng bắn giữa Hamas và Fatah được tuyên bố lúc 0300 giờ địa phương, sau 3 ngày giao tranh làm chết hơn 30 người. Các dân quân sẽ rút khỏi đường phố và thả các con tin, và các đàm phán chính phủ hòa hợp đang được tiến hành.", "label": "Hai phe kình địch của Palestine Fatah và Hamas đã đạt được thỏa thuận ngừng bắn, một quan chức cao cấp của Hamas cho biết."}
{"q_idx": 97, "prediction": "Giáo dân Hà Tĩnh tuần hành phản đối Luật An ninh mạng và dự Luật Đặc khu. Sau tuần hành, giáo xứ bị cắt internet và điện thoại trong 6 giờ. Tổng bí thư Nguyễn Phú Trọng cáo buộc các cuộc biểu tình là do phần tử chống đối và hoan nghênh bầu không khí dân chủ hiện nay.", "label": "Cuộc 'tuần hành cầu nguyện' sáng 17/6 thu hút gần 1.000 giáo dân Song Ngọc tham gia, Linh mục Nguyễn Đình Thục cho BBC biết."}
{"q_idx": 98, "prediction": "Trong năm 2019, những sự kiện nổi bật bao gồm:\n\n* Tranh chấp biển đảo Trung-Việt tại bãi Tư Chính\n* Biểu tình kéo dài ở Hong Kong\n* Vụ 39 người Việt thiệt mạng trong xe đông lạnh ở Anh\n* Những câu chuyện về cộng đồng người Việt toàn cầu\n* Việt Nam có 12 nhà báo bị cầm tù\n* Bóng đá Việt Nam giành chiến thắng tại SEA Games", "label": "Năm 2019 sắp đi qua, Ban biên tập BBC News Tiếng Việt nhìn lại các sự kiện trong nước và quốc tế nổi bật trong năm 2019 mà chúng tôi đã đem tới cho quý vị khán thính giả trong 12 tháng qua."}
{"q_idx": 99, "prediction": "\"Sex and the City\" dẫn đầu phòng vé với 55,7 triệu đô la, vượt kỳ vọng ban đầu của Warner Bros là 30 triệu đô la. Phim đứng đầu bảng xếp hạng phim dành cho khán giả từ 17 tuổi trở lên trong lịch sử Hoa Kỳ. \"Indiana Jones\" xếp thứ hai với 46 triệu đô la, trong khi \"The Strangers\" xếp thứ ba với 20,7 triệu đô la.", "label": "Bộ phim ‘Sex and the City’ với Sarah Jessica Parker và các bạn diễn hiện đang là phim ăn khách nhất tại các rạp chiếu bóng Hoa Kỳ và Canada."}
{"q_idx": 100, "prediction": "Walmart ra mắt đồ chơi mang tính chất tôn giáo thử nghiệm trong 425 cửa hàng, nhắm vào thị trường sản phẩm Thiên Chúa giáo đang phát triển ở Mỹ.", "label": "Trẻ em ở Mỹ sắp có thể cầm trên tay đồ chơi là Chúa Jesus biết nói, Thánh Moses để râu, hay hình tượng dũng sĩ Goliath."}
{"q_idx": 101, "prediction": "Trung Quốc bị chỉ trích vì không can thiệp vào cuộc xung đột ở Darfur và Spielberg cân nhắc từ bỏ vai trò cố vấn Thế vận hội Bắc Kinh để gây sức ép lên Trung Quốc.", "label": "Đạo diễn Steven Spielberg có thể sẽ chấm dứt vai trò đạo diễn nghệ thuật của Olympics Bắc Kinh nếu Trung Quốc không có quan điểm cứng rắn hơn với Sudan."}
{"q_idx": 102, "prediction": "Trung Quốc đã chứng kiến sự tăng trưởng kinh tế ngoạn mục trong 40 năm qua, đưa hàng trăm triệu người thoát khỏi đói nghèo. Tuy nhiên, sự bất bình đẳng ngày càng gia tăng, với sự chênh lệch lớn về giàu có giữa nông thôn và thành thị. Mặc dù tăng trưởng chậm lại, Trung Quốc vẫn là động lực lớn của kinh tế thế giới. Nước này cũng đang mở rộng phạm vi ảnh hưởng kinh tế thông qua Sáng kiến ​​Vành đai và Con đường.", "label": "Trung Quốc mất chưa đầy 70 năm để thoát khỏi sự cô lập và trở thành một trong những cường quốc kinh tế lớn nhất thế giới."}
{"q_idx": 103, "prediction": "Cuộc bầu cử năm 2004 vẫn còn cạnh tranh như cuộc bầu cử năm 1980, với các ứng viên Bush và Kerry có tỷ lệ ủng hộ sít sao. Các thăm dò ý kiến ​​cử tri hiện đang không đáng tin cậy, vì nhiều người vẫn đang chần chừ quyết định cho đến phút cuối. Người Mỹ gốc Việt tại California đang tích cực tham gia chính trị, với nhiều ứng viên gốc Việt tranh cử nhiều chức vụ, nhưng họ cũng phải đối mặt với thách thức về sự chia phiếu.", "label": "Chỉ còn vài ngày nữa người dân Hoa Kỳ sẽ chọn người lãnh đạo cao nhất cho nước Mỹ."}
{"q_idx": 105, "prediction": "Nhóm G7 loại Nga khỏi nhóm G8, lên án hành động sáp nhập Crimea của Nga và chuẩn bị áp dụng các biện pháp trừng phạt bất chấp chi phí kinh tế có thể xảy ra. Tổng thống Obama cho rằng hành động của Nga là dấu hiệu của sự yếu kém, trong khi Nga cảnh báo về khả năng suy thoái nếu bị trừng phạt thêm. Các nước châu Âu và Lithuania đang kêu gọi Mỹ nới lỏng hạn chế xuất khẩu năng lượng để giảm sự phụ thuộc vào Nga.", "label": "Tổng thống Mỹ Barack Obama đã phát biểu rằng việc Nga sáp nhập Crimea chưa phải là ‘sự đã rồi’ vì cộng đồng quốc tế không công nhận nhưng ông cũng thừa nhận rằng trên thực địa ‘quân đội Nga đang kiểm soát Crimea’."}
{"q_idx": 106, "prediction": "Bộ Tài chính Việt Nam tìm kiếm đầu tư từ Anh cho doanh nghiệp nhà nước, nhấn mạnh vào việc hiểu rõ \"khẩu vị\" của nhà đầu tư về tính minh bạch, quản trị và tỷ lệ bán cổ phần.", "label": "Đại diện Bộ Tài chính Việt Nam nói với BBC về \"khẩu vị\" của các nhà đầu tư Anh khi tham gia cổ phần hóa DNNN."}
{"q_idx": 107, "prediction": "Giá trị cổ phiếu của Shell giảm 15 tỷ USD do quyết định loại 3,9 tỷ thùng dầu trong dự trữ Nigeria do đối tác chậm trễ đầu tư, khiến Chủ tịch Sir Philip Watts phải từ chức sau áp lực từ các nhà đầu tư mất niềm tin.", "label": "Hồi tháng Giêng năm nay, cổ phiếu của hãng Shell đã sụt mạnh sau khi công ty loan báo trữ lượng dầu hỏa của họ đã bị khai khống lên 20%."}
{"q_idx": 108, "prediction": "Đoàn xe đưa thi hài Nelson Mandela đến Tòa nhà Liên hợp, nơi ông sẽ được quàn. Trước đó, hàng chục nghìn người tham dự lễ tưởng niệm tại sân vận động FNB, với diễn văn của Tổng thống Obama ca ngợi Mandela là \"người khổng lồ của lịch sử\". Các lãnh đạo và nhân vật nổi tiếng thế giới cũng có mặt tại buổi lễ, thể hiện vị thế toàn cầu của Nam Phi sau thời đại Mandela. Lễ quốc tang sẽ được tổ chức tại làng quê của ông vào ngày 15/12.", "label": "Thi hài cố Tổng thống Nam Phi Nelson Mandela đang được quàn tại Tòa nhà Liên hiệp ở Pretoria trong ba ngày, sau khi hàng chục nghìn người dân Nam Phi và hàng chục lãnh đạo thế giới tham dự lễ tưởng niệm ông hôm 10/12."}
{"q_idx": 110, "prediction": "Thủ tướng Nguyễn Tấn Dũng phát biểu về tầm quan trọng của việc \"làm người tử tế\" trước Quốc hội, sau đó là đại biểu Lê Nam kêu gọi giải quyết các vấn đề nghiêm trọng của đất nước.", "label": "Một đại biểu quốc hội Việt Nam mượn lời ông Nguyễn Tấn Dũng chúc các đại biểu Quốc hội khóa 13\"luôn là người tử tế\"."}
{"q_idx": 109, "prediction": "Trung Quốc lên án động thái của Philippines đưa tranh chấp Biển Đông ra Tòa án Trọng tài, vi phạm thỏa thuận song phương và khu vực. Bắc Kinh khẳng định chủ quyền đối với Đảo Nam Sa và sẽ giải quyết tranh chấp thông qua đàm phán song phương. Philippines cho biết họ đã cạn kiệt các biện pháp ngoại giao để giải quyết vấn đề.", "label": "Bộ Ngoại giao Trung Quốc tiếp tục phản đối việc Philipines đưa tranh chấp biển đảo ra tòa trọng tài quốc tế trong cuộc họp báo ngày 31/1/2013."}
{"q_idx": 111, "prediction": "Việt Nam đã phá giá VND, theo sau động thái phá giá nhân dân tệ của Trung Quốc. Ngân hàng Nhà nước Việt Nam lo ngại về tác động bất lợi đối với nền kinh tế do Trung Quốc là đối tác thương mại lớn. Các chuyên gia cảnh báo về khả năng \"cuộc chiến tiền tệ\" trong khu vực, nhưng cho rằng phá giá VND là phản ứng cần thiết trước những diễn biến bất ngờ trên thị trường.", "label": "Động thái phá giá tiền tệ của Ngân hàng Nhân dân Trung Quốc đã gây chấn động cho các thị trường tài chính thế giới trong 24 tiếng qua."}
{"q_idx": 113, "prediction": "Những hạt kim cương lớn được phát hiện trong thiên thạch Almahata Sitta chỉ ra một hành tinh cổ đại đã tan vỡ thành nhiều mảnh, tạo thành hệ mặt trời ban đầu hỗn loạn.", "label": "Một số thiên thạch rơi xuống Trái Đất có chứa những hạt kim cương nhỏ xíu. Một nghiên cứu mới đưa ra giả định rằng chúng được tạo ra từ một hành tinh bí ẩn đã tan vỡ từ lâu."}
{"q_idx": 112, "prediction": " Ngoại trưởng John Kerry trở thành ngoại trưởng Mỹ đầu tiên thăm Cuba kể từ năm 1961, tham dự buổi lễ khai trương Đại sứ quán Hoa Kỳ tại Havana. Fidel Castro tuyên bố Hoa Kỳ nợ Cuba hàng triệu đô la do lệnh cấm vận thương mại vẫn còn hiệu lực.", "label": "Hoa Kỳ vừa mở lại đại sứ quán ở thủ đô Havana của Cuba sau 54 năm đóng cửa."}
{"q_idx": 114, "prediction": "Cựu tổng thống Argentina Cristina Fernandez bị buộc tội gian lận, tài sản bị phong tỏa. Bà Fernandez cáo buộc Tổng thống Mauricio Macri âm mưu chống bà vì động cơ chính trị.", "label": "Cựu Tổng thống Argentina Cristina Fernandez de Kirchner bị truy tố vì cáo buộc tham nhũng."}
{"q_idx": 115, "prediction": "Cảnh sát Thái Lan cho biết hai người đàn ông bị nghi liên quan đến vụ đánh bom đền Erawan đã được xác định không có liên quan. Nghi phạm chính vẫn đang lẩn trốn với sự trợ giúp của một chiếc xe ôm. Ông ta được cho là đã lên kế hoạch cho vụ tấn công trước một tháng.", "label": "Hai người đàn ông bị cho là ‘nghi phạm’ trong vụ đánh bom Bangkok được xác định là ‘không liên can’, cảnh sát nói."}
{"q_idx": 116, "prediction": "John Ridsdel, một người Canada bị bắt cóc năm 2015, đã bị nhóm Abu Sayyaf giết hại. Cái đầu của ông được tìm thấy sau khi hết hạn chuộc.", "label": "Một người đàn ông Canada bị các chiến binh Hồi giáo bắt làm tù nhân đòi tiền chuộc trong nhiều tháng ở Philippines đã bị giết."}
{"q_idx": 117, "prediction": "Trung Quốc can thiệp vào vụ trục xuất bốn nghi phạm Đài Loan bị bắt ở Việt Nam vì gian lận viễn thông, gây căng thẳng trong quan hệ Trung-Đài. Đài Loan phản đối vụ việc, cho rằng Việt Nam chịu áp lực từ Trung Quốc và cản trở nỗ lực điều tra của Đài Loan.", "label": "Đài Bắc vừa lên tiếng phản đối Việt Nam về việc trao trả bốn công dân Đài Loan bị tình nghi có hành vi gian lận viễn thông quốc tế."}
{"q_idx": 118, "prediction": "Công dân Canada Robert Lloyd Schellenberg bị kết án tử hình ở Trung Quốc vì tội buôn lậu ma túy sau khi kháng cáo bản án 15 năm tù. Vụ việc xảy ra sau khi Canada bắt giữ giám đốc tài chính Huawei là Mạnh Vãn Chu để dẫn độ, dẫn đến căng thẳng ngoại giao giữa hai nước.", "label": "Gia đình người đàn ông Canada bị xử lại và nâng án từ 15 năm lên tử hình ở Trung Quốc nói \"nỗi sợ hãi tồi tệ nhất\" của họ đã thành sự thực."}
{"q_idx": 120, "prediction": "Tại sự kiện cưỡi ngựa của Thế vận hội, Christina Chan bị đuổi khỏi sân vận động vì cố gắng giương cờ Tây Tạng.", "label": "Một sinh viên định tung cờ Tây Tạng tại nơi diễn ra thi đấu Olympic đã bị các nhân viên an ninh dùng vũ lực buộc phải ra ngoài."}
{"q_idx": 121, "prediction": "Việt Nam bị cáo buộc làm gia tăng nhu cầu về sừng tê giác khi người giàu có coi chúng là một món đồ xa xỉ và có đặc tính chữa bệnh. Nam Phi từ chối đơn xin cấp phép săn tê giác của Việt Nam cho đến khi họ thực hiện các biện pháp bảo đảm không buôn bán sừng tê.", "label": "Giới chức Nam Phi cho biết nước này đã từ chối tất cả hồ sơ xin cấp phép săn tê giác của Việt Nam năm nay, sau khi 159 con tê giác bị giết bất hợp pháp tại Nam Phi tính từ đầu năm 2012."}
{"q_idx": 119, "prediction": "15 nhà hoạt động dân chủ Hong Kong bị bắt, trong đó có ông trùm truyền thông Jimmy Lai. Việc bắt giữ này liên quan đến lo ngại về chiến thắng của phe dân chủ trong cuộc bầu cử tháng 9, bao gồm cả luật an ninh mới theo yêu cầu của Bắc Kinh. Chính phủ các nước phương Tây, các tổ chức nhân quyền và các chính trị gia đã lên án hành động này là tấn công vào tự do và pháp quyền của Hong Kong.", "label": "Chính quyền Trung Quốc nói các phát biểu của chính trị gia Phương Tây về Hong Kong là “sự can thiệp vào tình hình nội bộ Trung Quốc”, sau khi có các chỉ trích về việc bắt giữ 15 nhà hoạt động dân chủ Hong Kong."}
{"q_idx": 122, "prediction": "Nhật Bản đã đưa vấn đề tranh chấp lãnh hải với Trung Quốc ra hội nghị G7, cảnh báo rằng Trung Quốc có thể gây ra một sự kiện \"tương tự như Crimea\" ở Châu Á. Trung Quốc phản đối mạnh mẽ và cáo buộc Nhật Bản \"đạo đức giả\". Ngoại trưởng Nhật Bản nhấn mạnh tầm quan trọng của đối thoại cấp cao, nhưng cho rằng quả bóng đang ở phía Trung Quốc. Mối quan hệ Nhật-Trung và Nhật-Hàn cũng căng thẳng do những vấn đề trong quá khứ.", "label": "Trung Quốc tức giận phản ứng trước việc Thủ tướng Nhật Bản Shinzo Abe so sánh hành động của Bắc Kinh trong các tranh chấp lãnh hải trên biển Hoa Đông và Biển Đông với hành động của Nga trong vấn đề Crimea, theo hãng tin Reuters."}
{"q_idx": 124, "prediction": "Dự luật cải cách thuế của Trump đã được Thượng viện thông qua với tỷ lệ sít sao, giảm thuế cho doanh nghiệp nhưng có thể làm tăng thâm hụt ngân sách.", "label": "Thượng viện Mỹ đã thông qua dự luật về cải cách thuế, tạo nên chiến thắng bước đầu về mặt lập pháp cho Tổng thống Donald Trump."}
{"q_idx": 125, "prediction": "WHO lo ngại về đại dịch cúm gà do khả năng biến đổi di truyền nhanh chóng của vi-rút, khiến vaccine kém hiệu quả. Điều tra thực địa về các ca nhiễm ở người là rất quan trọng để phát hiện và ngăn chặn sự lây lan từ người sang người. Đại dịch có thể dẫn đến tỷ lệ mắc bệnh cao, bao gồm cả bệnh nặng và tử vong.", "label": "Một điều thấy rõ, là cúm gia cầm lại đang bùng phát tại các nước Đông Nam Á, nhất là Thái Lan và Việt Nam."}
{"q_idx": 127, "prediction": "Trang web BlueBeat phân phối nhạc vi phạm bản quyền của The Beatles và các nghệ sĩ khác. Trang web vẫn hoạt động nhưng phải trả tiền bản quyền.", "label": "Trang web bán nhạc Beatles trái phép giá 25 xu mỗi bài vừa đồng ý trả cho công ty băng đĩa gần 1 triệu đôla để giải quyết vụ kiện."}
{"q_idx": 126, "prediction": "Blogger Mẹ Nấm được trả tự do khỏi nhà tù Việt Nam với lý do cá nhân sau hai năm ngồi tù và đã tị nạn ở Mỹ cùng gia đình. Bà cho biết việc trả tự do này đã được sắp xếp trước, nhưng chính phủ Việt Nam đã trì hoãn cho đến chuyến thăm của Bộ trưởng Quốc phòng Hoa Kỳ Jim Mattis để \"ghi thêm điểm\" với Hoa Kỳ.", "label": "Bà Nguyễn Ngọc Như Quỳnh, tức blogger Mẹ Nấm, nói rằng Hà Nội trì hoãn việc trả tự cho cho bà cho tới khi có chuyến thăm của Bộ trưởng Quốc phòng Hoa Kỳ Jim Mattis tới Việt Nam."}
{"q_idx": 130, "prediction": "Hoa Kỳ và Việt Nam sẽ tiến hành hoạt động trao đổi hải quân từ ngày 23 đến 27 tháng 4 tại Đà Nẵng, tập trung vào các sự kiện phi tác chiến và trao đổi kỹ năng.", "label": "Ba tàu chiến của hải quân Hoa Kỳ sẽ tham gia chương trình hoạt động chung kéo dài 5 ngày với hải quân Việt Nam vào tuần tới."}
{"q_idx": 129, "prediction": "Chủ tịch Việt Nam Trương Tấn Sang thăm Nga, thảo luận tăng cường hợp tác kinh tế và chính trị, cũng như các ưu tiên cho Nga tại cảng Cam Ranh trong bối cảnh Nga tìm kiếm cơ sở hải quân ở nước ngoài.", "label": "Chủ tịch nước Việt Nam Trương Tấn Sang vừa có cuộc hội đàm với Tổng thống Vladimir Putin tại khu nghỉ mát Sochi, trên bờ Hắc Hải hôm thứ Sáu 27/7."}
{"q_idx": 128, "prediction": "Tỷ lệ nợ xấu của Việt Nam tăng mạnh, đạt 8,82% (gấp đôi so với báo cáo của ngân hàng) do chất lượng tín dụng của một số tổ chức tín dụng yếu. Tình trạng nợ xấu do trách nhiệm chính của ngân hàng bao gồm trích lập dự phòng rủi ro thấp và đầu tư mạnh vào tín dụng thay vì công cụ thanh khoản. Dù khó khăn, Thống đốc Ngân hàng cho rằng nợ xấu có thể giải quyết được bằng cách tái cơ cấu và tăng trích lập dự phòng.", "label": "Thống đốc Ngân hàng Nhà nước Việt Nam cho biết nợ xấu tiếp tục tăng và không dễ giải quyết trong phiên trả lời chất vấn của Quốc hội sáng 13/11."}
{"q_idx": 131, "prediction": "Tổng thống Bush thăm châu Âu để kêu gọi đoàn kết sau nhiệm kỳ chia rẽ. Ông dự kiến sẽ có bài phát biểu về chính sách đối ngoại và mối quan hệ với châu Âu, đồng thời gặp gỡ các nhà lãnh đạo Nga và Pháp. Cuộc thăm viếng của ông được đánh dấu bằng các biện pháp an ninh nghiêm ngặt và các cuộc biểu tình phản đối từ cộng đồng phản chiến.", "label": "Tổng thống Hoa Kỳ George W Bush đã đến Brussels, khởi đầu chuyến thăm châu Âu mà mục đích chính là để hàn gắn quan hệ Âu Mỹ đã phần nào rạn nứt quanh cuộc chiến Iraq."}
{"q_idx": 134, "prediction": "Vợ chồng bị triệu tập làm việc ở công an xã vì bài đăng Facebook liên quan đến việc trường mầm non con họ theo học xin ý kiến phụ huynh về việc mua tivi. Nội dung làm việc tại công an xoay quanh bài đăng chia sẻ từ một Facebook khác bị coi là \"phản động\".", "label": "Sau khi đăng bài bày tỏ bức xúc về một mức phí đề nghị của trường học mẫu giáo nơi con trai đang theo học, hai vợ chồng ở Thanh Hóa đã bị công an mời lên làm việc vì \"vi phạm luật An ninh mạng\"."}
{"q_idx": 132, "prediction": "Chính phủ Anh đang cân nhắc cấm công ty Trung Quốc Huawei tham gia mạng 5G vì lo ngại về bảo mật. GCHQ của Anh bày tỏ nghi ngờ về các phương pháp bảo mật của Huawei, mặc dù Huawei đã cam kết chi 2 tỷ đô la vào một chương trình chuyển đổi để giải quyết vấn đề.", "label": "Một quan chức an ninh mạng hàng đầu nói rằng thực hành kỹ thuật 'kém' của Huawei có thể khiến thiết bị mạng di động của họ có thể bị cấm tại khu dinh thự và trụ sở chính phủ, nghị viện Anh tại Westminster, London và các nơi khác ở Anh."}
{"q_idx": 133, "prediction": "Quân đội Gruzia rút khỏi Nam Ossetia để tránh thương vong cho dân thường sau cuộc ném bom của Nga. Thủ tướng Nga Putin cáo buộc Gruzia diệt chủng và bảo vệ can thiệp quân sự. Những nỗ lực ngoại giao đang được tiến hành để chấm dứt xung đột, nhưng các cuộc đàm phán ngừng bắn vẫn chưa đi đến đâu.", "label": "Gruzia nói đã rút quân lực khỏi khu vực ly khai Nam Ossetia đồng thời cho biết lính Nga giờ đã kiểm soát thủ phủ của vùng này."}
{"q_idx": 136, "prediction": "Hội nghị APEC về Du lịch sẽ thảo luận về phát triển ngành du lịch: tạo việc làm, tăng trưởng bền vững, xóa bỏ rào cản cho doanh nghiệp và xử lý khủng bố. PATA dự đoán ngành du lịch châu Á - Thái Bình Dương sẽ tạo thêm 30 triệu việc làm từ nay đến 2010. Việt Nam đề xuất tổ chức Hội chợ Du lịch APEC hàng năm và lập Diễn đàn Đầu tư Du lịch APEC để thu hút tài chính.", "label": "Cuộc họp cấp bộ trưởng về du lịch của khối APEC vừa khai mạc tại Hội An, tỉnh Quảng Nam, để bàn việc thúc đẩy ngành \"công nghiệp không khói\" trong khu vực."}
{"q_idx": 138, "prediction": "Thủ tướng chỉ đạo SCIC thoái vốn nhà nước khỏi Vinamilk và 9 doanh nghiệp khác, ước tính thu về 4 tỷ đô la để bù đắp bội chi ngân sách và cơ cấu lại nợ nước ngoài.", "label": "Chính phủ Việt Nam sẽ thoái vốn nhà nước tại nhiều công ty lớn, gồm cả Vinamilk và FPT."}
{"q_idx": 137, "prediction": "Trong cuộc gặp với cử tri sau kỳ họp Quốc hội, cử tri bày tỏ quan điểm về văn hóa từ chức trong đội ngũ cán bộ, kêu gọi giám sát thu nhập và thực hiện kê khai tài sản trung thực. Cử tri cũng bày tỏ lo lắng trước tình trạng tham nhũng và đề nghị xử lý nghiêm minh. Quốc hội đã quyết định thành lập ban chống tham nhũng dưới quyền Tổng bí thư Đảng Cộng sản, không thành lập ủy ban độc lập chống tham nhũng.", "label": "Người dân thành phố Hồ Chí Minh đã đề cập tới văn hóa từ chức và tình trạng tham nhũng tràn lan khi gặp gỡ Chủ tịch nước Trương Tấn Sang và các Đại biểu Quốc hội khác hôm 25/11, theo báo Quân đội Nhân dân."}
{"q_idx": 139, "prediction": "Ai-len đang hồi phục sau Brexit và chứng kiến sự trở về của người dân cũng như sự gia tăng của \"Người Ai-len Mới\" từ khắp EU. Dublin là một trung tâm kinh doanh lớn với sự hiện diện của các công ty công nghệ lớn và các công ty dịch vụ kinh doanh. Môi trường kinh doanh được chào đón nồng nhiệt với các buổi tiếp khách thông thường diễn ra trong không khí \"vui nhộn\" (giao lưu xã hội). Ai-len dễ tiếp cận thông qua Sân bay Dublin, có các chuyến bay đến nhiều địa điểm trên toàn thế giới.", "label": "Là thành phố Liên Minh châu Âu sinh động và dễ sống với thuế kinh doanh thấp, Dublin sẵn sàng thay thế London làm trung tâm kinh doanh, nhưng Brexit cũng mang đến bất chắc."}
{"q_idx": 140, "prediction": "Bão Krosa phá hủy nhà cửa và mất điện ở Trung Quốc, không gây thương vong, trong khi bão Lekima tàn phá Việt Nam, gây thiệt hại 40 triệu đô la và khiến 67 người thiệt mạng.", "label": "Khoảng năm triệu người bị ảnh hưởng khi cơn bão lớn Krosa với mưa to gió lớn đổ bộ vào khu vực duyên hải đông nam Trung Quốc."}
{"q_idx": 142, "prediction": "Cựu Tổng thống Hàn Quốc Park Geun-hye bị cách chức vì bị cáo buộc cho phép bạn thân tống tiền các công ty. Bà bị thẩm vấn 14 giờ và phủ nhận cáo buộc.", "label": "Các công tố viên Nam Hàn xin lệnh bắt cựu Tổng thống Park Geun-hye, vì vai trò của bà trong vụ bê bối tham nhũng."}
{"q_idx": 143, "prediction": "Mỹ tố cáo Bắc Hàn buôn lậu vũ khí và ma túy nên cô lập tài chính nước này. Các định chế tài chính tự nguyện ngưng hợp tác với Bắc Hàn. Mặc dù vậy, Thứ trưởng Tài chính Mỹ thừa nhận không thể cô lập hoàn toàn Bắc Hàn về mặt tài chính. Hoa Kỳ đã hành động với một số ngân hàng bị cáo buộc tiếp tay cho Bắc Hàn. Việt Nam đang điều tra thông tin mở tài khoản của Bắc Hàn tại các ngân hàng Việt Nam.", "label": "Các định chế tài chánh quốc tế đang tẩy chay Bắc Hàn, một quan chức cao cấp của Bộ tài chánh Mỹ nói với AP."}
{"q_idx": 144, "prediction": "Hai tiếp viên của Vietnam Airlines bị bắt vì tuồn lậu 300.000 đô la vào Hàn Quốc. Đây không phải là trường hợp vi phạm đầu tiên liên quan đến nhân viên hãng bay này trong các vụ chuyển tiền trái phép.", "label": "Vietnam Airlines có thể sa thải hai tiếp viên vì chuyển lậu một lượng lớn ngoại tệ vào Hàn Quốc."}
{"q_idx": 146, "prediction": "Tóm tắt:\nÔng Lê Quốc Quân, luật sư và blogger nhân quyền, bị bắt với cáo buộc trốn thuế. Các tổ chức quốc tế kêu gọi ông Kerry can thiệp để trả tự do cho ông Quân trong chuyến công du ASEAN. Phiên tòa xử công khai Quân dự kiến diễn ra vào ngày 9/7.", "label": "Hơn một chục tổ chức phi chính phủ (NGOs) đã lên tiếng yêu cầu Ngoại trưởng Mỹ, ông John Kerry, đề cập về luật sư Lê Quốc Quân trong chuyến đi Đông Nam Á sắp tới của ông."}
{"q_idx": 145, "prediction": "Cơ quan An ninh Điều tra khởi tố và truy nã ông Phan Văn Anh Vũ ở Đà Nẵng về tội danh liên quan đến dự án đất đai. Ông Vũ bị cáo buộc ép buộc Ban Thường vụ Thành ủy mua lại trụ sở Hải quan TP với giá định sẵn mà không đấu thầu công khai. Ông Vũ sở hữu nhiều công ty và góp vốn nhiều dự án, trong đó có những dự án ở \"đất vàng\" tại Đà Nẵng. Ông có quan hệ rộng rãi, từng tặng xe và nhà cho cựu Bí thư Đà Nẵng Nguyễn Xuân Anh.", "label": "Doanh nhân Phan Văn Anh Vũ, người còn có biệt danh là Vũ 'Nhôm' bị khởi tối bị can về tội \"Cố ý làm lộ tài liệu bí mật nhà nước\" theo Điều 263 Bộ luật Hình sự."}
{"q_idx": 148, "prediction": "Trung Quốc đang hiện đại hóa quân đội, bao gồm cả việc nâng cấp tên lửa, máy bay chiến đấu và tàu sân bay. Động thái này diễn ra khi Trung Quốc gia tăng sức mạnh ở Biển Đông và đối với Đài Loan.", "label": "Trung Quốc có thể sẽ thử tên lửa không đối không tầm xa có khả năng triệt tiêu phi cơ mang thiết bị cảnh báo sớm và phi cơ tiếp nhiên liệu trên không, một tờ báo nhà nước cho biết hôm thứ Năm, sau khi hình ảnh của tên lửa loại này được phát tán trên mạng."}
{"q_idx": 147, "prediction": "Ca nhiễm cúm gia cầm H5N1 ở người ở Indonesia làm dấy lên lo ngại về khả năng lây truyền từ người sang người, mặc dù nguồn lây vẫn chưa rõ. Những trường hợp mới nhất liên quan đến những người có quan hệ họ hàng trong cùng một làng, nơi không phát hiện virus H5N1 ở gia cầm. Indonesia, với đàn gia cầm lớn, đang phải vật lộn để kiểm soát dịch bệnh, đặc biệt là ở các hộ chăn nuôi nhỏ lẻ. Dù đã có những tiến bộ trong giám sát và điều trị, mối đe dọa đối với sức khỏe con người vẫn còn tồn tại chừng nào virus vẫn lưu hành trong gia cầm.", "label": "Việc khẳng định các ca tử vong mới đây ở người do virus H5N1 gây ra tại Indonesia đã gây thêm quan ngại về chuyện giới chức xử lý mối đe dọa này ra sao."}
{"q_idx": 149, "prediction": "Đạo diễn Thái Lan giành giải Cành Cọ Vàng Weerasethakul nói rằng Thái Lan thiếu \"tự do thực sự\" sau cuộc đảo chính gần đây, dẫn đến kiểm duyệt gia tăng, ông từ chối chiếu bộ phim mới trong nước.", "label": "Một đạo diễn điện ảnh Thái Lan nổi tiếng không muốn bộ phim của mình được chiếu tại quê nhà vì có thể bị yêu cầu tự kiểm duyệt nội dung."}
