{"q_idx": 400, "prediction": "شن الجيش حملة في سيناء لمنع هجمات المسلحين، الذين يُعتقد أنهم إسلاميون متشددون. وأسفرت إحدى الهجمات عن مقتل اثنين من أفراد الشرطة وإصابة ثالث بجروح خطيرة، كما عُثر على جثة مواطن آخر مقتول. وفي هجوم منفصل، أصيب مهرب بطلق ناري. وتأتي هذه الحملة في إطار حالة الطوارئ وحظر التجوال الليلي المفروضة في شمال سيناء منذ أكتوبر الماضي لمواجهة هجمات المسلحين التي أسفرت عن مقتل مئات الأشخاص، معظمهم من الجيش والشرطة.", "label": "أفادت مصادر أمنية وطبية بمقتل إثنين من أفراد الشرطة المصرية وإصابة ثالث بعد هجوم مسلحين عليهم في مدينة العريش في محافظة شمال سيناء."}
{"q_idx": 401, "prediction": "رفضت محكمة الاستئناف دعوى حملة ترامب بشأن مخالفات الانتخابات، مشيرة إلى عدم وجود أدلة. ويواصل ترامب الادعاء بوقوع تزوير رغم فشله المتكرر في المحكمة. ومن المقرر أن يغادر منصبه في 20 يناير على الرغم من عدم اعترافه بفوز بايدن.", "label": "رفضت محكمة استئناف أمريكية طلبا تقدمت به حملة الرئيس دونالد ترامب لمنع إعلان فوز جو بايدن بانتخابات الرئاسة في ولاية بنسلفانيا."}
{"q_idx": 402, "prediction": "سجلت الولايات المتحدة 250029 حالة وفاة و11.5 مليون إصابة بكورونا، وتزداد الحالات مرة أخرى وسط مخاوف من التجمعات في الأماكن المغلقة مع انخفاض درجات الحرارة. حذّر الدكتور فاوتشي من زيادة الوفيات المرتبطة بهذه الزيادة، داعيًا إلى اتباع إجراءات الصحة العامة. أغلقت مدينة نيويورك مدارسها مؤقتًا بعد تجاوز معدل الاختبارات الإيجابية للفيروس 3٪، مما أثر على 300 ألف طالب. تواجه المستشفيات في جميع أنحاء الولايات المتحدة صعوبة في التعامل مع عدد متزايد من المرضى، كما أن المرافق مكتظة ويطلب البعض مقطورات مبردة كمشارح متحركة.", "label": "سجلت الولايات المتحدة أكثر من 250 ألف حالة وفاة بسبب كوفيد - 19 مع ارتفاع عدد حالات الإصابة مرة أخرى، في جميع أنحاء البلاد."}
{"q_idx": 403, "prediction": "تجاوزت أرباح بريتيش بتروليوم التوقعات البالغة 3.27 مليار دولار، حيث بلغت 4.2 مليار دولار، بفضل بيع حصتها في مشروع مشترك مع تي إن كيه الروسية، مما أدى إلى إجمالي عوائد قدرها 16.6 مليار دولار في الربع الأول من عام 2013. ويضع الرئيس التنفيذي بوب دودلي هذه النتائج باعتبارها \"بداية قوية\" مع خطط لإعادة شراء الأسهم بقيمة 8 مليارات دولار.", "label": "تراجعت أرباح شركة النفط العملاقة بريتيش بتروليوم \"بي بي\" خلال الأشهر الثلاثة الأولى من العام الحالي."}
{"q_idx": 404, "prediction": "تحطمت مروحية تابعة للبحرية النيجيرية في ولاية بايليسا، ما أدى إلى مقتل حاكم الولاية باتريك إبراهيم ياكوا وعدد غير معروف من الركاب. ويشير المحللون إلى السجل السيئ لنيجيريا في السلامة الجوية، حيث وقعت حوادث تحطم عديدة مؤخرًا.", "label": "سقطت طائرة نيجيرية تحمل مسؤولين قيل إنهم \"رفيعو المستوى\" في منطقة الدلتا الجنوبية. وقال يوشاو شويبو، المتحدث باسم وكالة إدارة الطوارئ، إن الطائرة سقطت في ولاية بيليسا."}
{"q_idx": 405, "prediction": "استدعى حسن ثلاثة لاعبين للمنتخب الأردني استعدادًا لتصفيات كأس العالم وكأس آسيا، واستبعد لاعبين من الرمثا مؤكدًا على سياسة الباب المفتوح. وسيخوض الأردن مباراتين ضد سوريا وأوزبكستان، وسيتابع المدرب اللاعبين المحترفين في الخارج.", "label": "أجرى المصري حسام حسن المدير الفني للمنتخب الأردني لكرة القدم عددا من التعديلات على القائمة التي كان أعلن عنها قبل نحو عشرة أيام استعدادا لمشوار الفريق في تصفيات كأس العالم 2014 وكأس آسيا 2015."}
{"q_idx": 407, "prediction": "يُناقش المقال وجهات نظر متباينة حول دور الصين في جائحة فيروس كورونا المستجد. يرى البعض أنها أظهرت \"زعامة مبكرة\" من خلال السيطرة على الفيروس وتقديم المساعدة للبلدان الأخرى. بينما يرى آخرون أن \"الأخطاء الصينية\" في التعامل مع الوباء ساهمت في انتشاره العالمي. ويرى بعض الكتاب أن الصين أصبحت قوة عظمى جديدة وأن الولايات المتحدة تتراجع. بينما يجادل آخرون أنه على الرغم من نجاحها الاقتصادي، فإن الصين تحتاج إلى مزيد من الانفتاح لمنافسة الولايات المتحدة على المسرح العالمي.", "label": "ناقشت صحف عربية، ورقية وإلكترونية، التغيرات التي قد تطرأ على موازين القوى العالمية بسبب وباء كورونا."}
{"q_idx": 410, "prediction": "اختفى صحفي واشنطن بوست جمال خاشقجي بعد دخوله القنصلية السعودية في إسطنبول. وتقول السلطات التركية إنه لا يزال في القنصلية، بينما تنفي السفارة السعودية اختفائه. ولم يظهر خاشقجي بعد مغادرته هاتفه المحمول ودخول القنصلية. وتقول خطيبته إنها انتظرت بالخارج حتى أغلقت القنصلية. وبدأت الشرطة التركية تحقيقًا بينما توترت العلاقات بين تركيا والسعودية بسبب الخلاف بشأن قطر. وكان خاشقجي من منتقدي الحكومة السعودية ويعيش في الولايات المتحدة.", "label": "قالت الرئاسة التركية إن الصحفي السعودي البارز جمال خاشقجي لا يزال في مقر القنصلية السعودية في اسطنبول، حسب معلوماتها، رغم نفي مسؤولين سعوديين تقارير اختفائه في القنصلية."}
{"q_idx": 411, "prediction": "أصبح النشيد الوطني الفرنسي \"لا مارسيليز\" رمزًا عالميًا للتضامن مع فرنسا بعد الهجمات الإرهابية. وقد وضعه الجندي روجيه دي ليل عام 1792 لإلهام الثوار خلال الثورة الفرنسية. وتتميز كلمات النشيد التي تدعو للإراقة الدماء وافتتاحيته القوية بإلهام مشاعر الفخر والوحدة بين الفرنسيين. واستخدم موسيقيون من جميع أنحاء العالم النشيد، مما يبرز قوته الموسيقية وتأثيره التاريخي والعاطفي العميق.", "label": "يعد النشيد الوطني للجمهورية الفرنسية من بين أقوى الأناشيد حول العالم، ومن المرجح أن معرفة جذوره التاريخه ستزيد من الإعجاب به، كما يقول الصحفي \"أليكس مارشال\"."}
{"q_idx": 412, "prediction": "أعلنت وزارة الدفاع الأمريكية (البنتاغون) عن سقوط صواريخ كروز روسية في إيران أثناء استهدافها لسوريا. ولم تؤكد وزارة الخارجية الأمريكية التقارير، بينما عبر وزير الخارجية الأمريكي جون كيري لوزير الخارجية الروسي عن قلقه من أن أهداف روسيا في سوريا غير مرتبطة بتنظيم الدولة الإسلامية.", "label": "رفضت روسيا ادعاءات مسؤولي وزارة الدفاع الأمريكية بأن أربعة من صواريخ كروز التي أطلقتها سفنها الحربية في بحر قزوين باتجاه سوريا قد سقطت في إيران."}
{"q_idx": 413, "prediction": "الصاروخ الياباني الجديد \"إبسيلون\" يقلل تكلفة الإطلاق إلى النصف باستخدام الذكاء الاصطناعي، ويحمل أكبر منظار فضائي في العالم لمراقبة الكواكب.", "label": "شرعت اليابان في إطلاق الجيل الجديد من صواريخ فضائية، تأمل أن يساعد تصميمها في خفض تكلفة مهماتها."}
{"q_idx": 414, "prediction": "عكست احتجاجات \"السترات الصفراء\" في فرنسا الغضب المتصاعد تجاه الحكومة. بعد تعليق ضريبة الكربون مؤقتًا، ألغاها رئيس الوزراء فيليب من مشروع موازنة 2019. تعكس حركة \"السترات الصفراء\" القلق من تجاهل الحكومة لمعاناة عامة الناس، بما في ذلك ارتفاع تكاليف المعيشة، وتهميش المناطق الريفية، وسياسات ماكرون الاقتصادية.", "label": "تراجعت الحكومة الفرنسية عن زيادة الضرائب على الوقود، التي كانت مقررة العام المقبل، بعد احتجاجات استمرت على مدار أسابيع."}
{"q_idx": 415, "prediction": "ارتفعت قيمة \"بيتكوين\" إلى مستوى قياسي جديد، مدفوعة بقبولها كوسيلة للدفع من شركات مثل \"تيسلا\"، وارتفاع الطلب نتيجة جائحة \"كوفيد-19\". ومع ذلك، تحذر الخبراء من تقلب سعرها واحتمالية استخدامها كأداة للمضاربة. ويؤكدون على ضرورة إجراء المستثمرين لأبحاثهم الخاصة واتباع نهج حذر في الاستثمار.", "label": "واصلت \"بيتكوين\" العملة الرقمية الشهيرة تسجيل أرقام قياسية في الارتفاع بعد أن تجاوزت قيمتها 50 ألف دولار الأسبوع الماضي."}
{"q_idx": 430, "prediction": "حضر أنصار بوتفليقة مسيرة انتخابية، ومن المتوقع فوزه بالانتخابات رغم مشاكله الصحية. ومع ذلك، عبرت منظمة العفو الدولية عن قلقها بشأن تقييد حرية التعبير في الجزائر، بما في ذلك قمع الاحتجاجات وترهيب الصحفيين الذين ينتقدون السلطات.", "label": "اتهمت منظمة العفو الدولية السلطات الجزائرية بتكميم الأفواه المنتقدة، والحد من حرية التعبير، مع اقتراب موعد الانتخابات الرئاسية المقررة الخميس."}
{"q_idx": 432, "prediction": "تواجه سارة نتنياهو اتهامات بإساءة معاملة الموظفين، بما في ذلك طرد بستاني وطرد خادمة وتقديم دعوى قضائية ضدها بتهمة الاعتداء. تنفي سارة هذه المزاعم وتقول إن وسائل الإعلام تحاول تشويه سمعتها. يدافع رئيس الوزراء بنيامين نتنياهو عن زوجته ويطلب من الصحفيين انتقاده وليس أسرته.", "label": "رفعت ساره نتنياهو زوجة رئيس الوزراء الاسرائيلي بنيامين نتنياهو دعوى قضائية ضد صحيفة إسرائيلية بتهمة القذف والتشهير."}
{"q_idx": 434, "prediction": "قرر الناتو وروسيا الاجتماع في 13 يوليو لبحث العلاقات المتوترة بينهما حول الأمن العسكري، ولا سيما الأنشطة العسكرية المتزايدة قرب الحدود الروسية والوضع في أوكرانيا وأفغانستان.", "label": "أعلن حلف شمال الأطلسي(ناتو) عن عقد محادثات جديدة مع روسيا الأسبوع المقبل، وذلك بعد أيام من القمة المقررة في وارسو في خطوة تخطيها واشنطن وموسكو لتخفيف التوتر في أوروبا."}
{"q_idx": 435, "prediction": "سيتم تأجيل تنصيب الرئيس الفنزويلي المُعاد انتخابه هوغو تشافيز بسبب تعافيه من عدوى تنفسية في كوبا. وبموجب الدستور، يجب إجراء انتخابات خلال 30 يومًا إذا لم يحضر الرئيس في العاشر من يناير، لكن رئيس البرلمان أوضح أن تشافيز سيظل رئيسًا ولن يُجرى انتخابات جديدة.", "label": "استبعد رئيس البرلمان الفنزويلي ديوسدادو كابيللو إجراء انتخابات رئاسية جديدة إذا لم يتمكن الرئيس هوغو تشافيز من أداء اليمين في الموعد المقرر في يناير/ كانون الثاني بسبب مرضه."}
{"q_idx": 436, "prediction": "دفعت السلطات المصرية بتعزيزات أمنية لاحتواء ذكرى الثورة، وتم الإبلاغ عن مقتل 4 في عمليات تبادل لإطلاق النار مع قوات الأمن، لكن جماعة الإخوان ادعت أن القتلى الأربعة كانوا من غير المسلحين. واعتُقل 125 شخصًا. وذكرى الثورة مرت في الغالب بسلام، ولكن قد تكون هناك المزيد من الاحتجاجات المحدودة.", "label": "شهد يوم الاثنين، ذكرى ثورة 25 يناير، إجراءات أمنية مشددة في كل الساحات والميادين وحول المنشآت الحيوية في كل انحاء البلاد."}
{"q_idx": 439, "prediction": "لا يوجد دليل علمي قاطع على أن تخطي وجبة الإفطار ضار بالصحة. تشير بعض الدراسات إلى أن الأشخاص الذين يتخطون وجبة الإفطار قد يكتسبون وزنًا، بينما تشير دراسات أخرى إلى أنهم لا يكتسبون وزنًا إضافيًا. بشكل عام، يميل الأشخاص الذين يتناولون وجبة الإفطار إلى اتباع نظام غذائي أكثر صحة، لكن هذا لا يعني بالضرورة أن وجبة الإفطار هي السبب. قد يكون لديهم عادات غذائية أفضل بشكل عام.", "label": "نسمع دائما من يقول إن وجبة الإفطار هي أهم وجبة على الإطلاق في اليوم، وإن عادة الحفاظ على هذه الوجبة لها آثار إيجابية على صحتك بشكل عام. لكن ماذا تقول الدراسات الفعلية التي أجريت في هذا الشأن عن ذلك الموضوع؟"}
{"q_idx": 451, "prediction": "وجدت دراسة أمريكية أن الاستهلاك اليومي للمشروبات المحلاة صناعياً يزيد من مخاطر الإصابة بالاكتئاب، بينما يقلل تناول القهوة من هذه المخاطر. ومع ذلك، هناك حاجة لمزيد من الدراسات، حيث يجب مراعاة عوامل أخرى ولا يمكن تعميم النتائج على الفئات العمرية أو البلدان الأخرى.", "label": "يطرح خبراء تساؤلات حول إلى أي مدى يمكن أن تتسبب المشروبات الخالية من السكريات أو المحلاة صناعيا التي يُطلق عليها \"مشروبات الحمية\" في الإصابة بالاكتئاب، بعد أن وجدت دراسة علاقة بين المرض وهذه المشروبات."}
{"q_idx": 452, "prediction": "توقع محامي مبارك إطلاق سراحه خلال 48 ساعة بعد صدور أحكام بإخلاء سبيله في جميع القضايا باستثناء قضية \"هدايا المؤسسات الصحفية القومية\". وقد يكون مبارك قد سدد الأموال المستحقة عليه في هذه القضية، مما قد يؤدي إلى إلغاء حبسه النهائي.", "label": "أشار مصدر قضائي مصري إلى \"قرب إخلاء سبيل\" الرئيس المصري الأسبق حسني مبارك بعدما قضت محكمة جنايات القاهرة الاثنين بإخلاء سبيله على ذمة المحاكمة في قضية الاستيلاء على مخصصات مالية للقصور الرئاسية."}
{"q_idx": 453, "prediction": "مبادرة \"ويكيبيديا زيرو\" تسمح بالوصول المجاني لموسوعة ويكيبيديا في 59 دولة، بما في ذلك العراق، من خلال شراكات مع شركات الاتصالات. وتهدف إلى توفير المعرفة للناس بغض النظر عن وضعهم الاقتصادي. لكن البعض يعترض على المبادرة معتبرين أنها تنتهك مبدأ حيادية الإنترنت التي تعامل جميع المعلومات على قدم المساواة.", "label": "أعلن موقع ويكيبيديا أنه سيتيح خدماته لمستخدمي شبكة آسيا سيل للهواتف النقالة في العراق، دون احتساب تكلفة الاتصال بالإنترنت."}
{"q_idx": 454, "prediction": "يحث الاتحاد الأوروبي الدول الأعضاء على تجريم التلاعب بأسعار الفائدة لحماية ثقة المستثمرين بعد فضائح التلاعب الأخيرة في القطاع المصرفي، مثل فضيحة باركليز.", "label": "اقترحت اللجنة التنفيذية للاتحاد الأوروبي تجريم التدخل لتحديد أسعار الفائدة في أعقاب فضيحة أسعار الفائدة على القروض بين المصارف المعروفة باسم\" ليبور\"."}
{"q_idx": 455, "prediction": "أعلنت وزارة الدفاع الأمريكية أنها ستمول بطاريات إضافية من نظام \"القبة الحديدية\" الدفاعي لإسرائيل، والتي أثبتت فعاليتها في اعتراض الصواريخ من غزة. يبلغ المدى الفعال للنظام من 4 إلى 70 كيلومترًا، وقد اعترض أكثر من 80% من الأهداف خلال هجمات غزة الأخيرة، مما أنقذ العديد من المدنيين.", "label": "اعلنت وزارة الدفاع الاميركية (البنتاغون) الثلاثاء نيتها طلب اموال من الكونغرس للمساعدة في توسيع نظام الدفاع الصاروخي الاسرائيلي، \"القبة الحديدية\"، الذي تتضمن اهدافه تدمير الصواريخ التي تطلق من غزة."}
{"q_idx": 456, "prediction": "شاركت روخاس في 12 مسلسلًا مكسيكيًا وعُرفت بدور إيزابيل في \"بريق الأمل\". اكتُشفت إصابتها بسرطان الثدي في 2008، وأصبحت مستشارة للتوعية بالسرطان. توفيت في منزلها في ميامي. كان آخر ما كتبته لمعجبيها على تويتر: \"شكرًا لكل من احتفل بعيد ميلادي معي\".", "label": "أعلنت في الولايات المتحدة الأمريكية وفاة الممثلة المكسيكية الشابة لورينا روخاس بعد كفاح طويل مع مرض السرطان عن عمر يناهز 44 عاما."}
{"q_idx": 457, "prediction": "أعرب الأمير وليام عن دعمه لحقوق المثليين، معربًا عن مخاوفه بشأن الحواجز التي يواجهونها. وقال إنه يدعم أي قرارات يتخذها أطفاله، ولكنه عبر عن قلقه كأب من التمييز الذي قد يتعرضون له. كما سلط الضوء على الهجوم الذي تعرضت له فتاتان مثليتان في لندن، وشدد على أهمية دعم الشباب المثليين الذين يعانون من ضغوط اجتماعية. وتلقى تعليقاته إشادة من المنظمات الخيرية التي تدافع عن حقوق المثليين.", "label": "قال الأمير وليام، حفيد ملكة بريطانيا، إنه \"سيساند تماما\" أطفاله لو أنهم مثليون جنسيا، لكنه اعترف \"بالقلق\" بسبب الضغوط الإضافية التي سيواجهونها."}
{"q_idx": 458, "prediction": "يمثل \"حزب الكنبة\" المقيمين المصريين الذين يرفضون المشاركة السياسية. أدى غياب ثقافة الديمقراطية والعوامل الأخرى، مثل حركة المقاطعة في الاستفتاءات، إلى انخفاض نسبة المشاركة في الانتخابات. على الرغم من دعوات المقاطعة المتبادلة، فقد اختار معظم المصريين عدم المشاركة. على الرغم من أن الجيش أطلق حملة منحازة للتصويت بنعم للدستور الجديد، إلا أن نسبة المشاركة بلغت 37٪ فقط. ومع ذلك، يعتبر الجيش هذه النسبة كافية لإضفاء الشرعية على الدستور الذي يتضمن حقوقًا مختلفة، ولكنه يحافظ أيضًا على قدسية الجيش وحقوقه. ومن المتوقع أن يترشح وزير الدفاع عبد الفتاح السيسي للرئاسة، ومن المقرر أن يواجه تحديًا في حشد الناخبين.", "label": "إذا رغب أي سياسي في مصر في التخطيط لحملة انتخابية أو حشد المواطنين للتصويت في أي استفتاء عليه أولا أن يراقب المزاج العام لما يسمى بـ\"حزب الكنبة\"."}
{"q_idx": 460, "prediction": "أعلن ديفيد كاميرون في عام 2013 عن استفتاء على عضوية المملكة المتحدة في الاتحاد الأوروبي، والذي فازت به حملة الخروج بنسبة 52%. بعد استقالة كاميرون، تولت تيريزا ماي رئاسة الوزراء وبدأت مفاوضات خروج بريطانيا من الاتحاد الأوروبي. استمرت المفاوضات على مدى سنوات، وانتهى الأمر بدخول اتفاقية بريكست حيز التنفيذ في 29 مارس 2019، وانتهت الفترة الانتقالية في 31 ديسمبر 2020.", "label": "في ما يلي رحلة خروج بريطانيا من الاتحاد الأوروبي منذ البداية وحتى الآن:"}
{"q_idx": 478, "prediction": "اقترح الحزب الديمقراطي الليبرالي الياباني السماح لخمس نائبات بالمراقبة فقط في اجتماعات مجلس إدارته دون التحدث، رداً على تصريحات رئيس اللجنة الأولمبية المثير للجدل التي انتقد فيها كثرة حديث النساء.", "label": "اتخذ الحزب الحاكم الياباني قرارا يقضي بالسماح للنساء بالمشاركة في اجتماعاته الرئيسية، بشرط عدم التحدث، في خطوة جاءت بعد أيام من اضطرار رئيس اللجنة المنظمة لأولمبياد طوكيو إلى التنحي عن منصبه بسبب تعليقات أعتبرت مسيئة للمرأة أدلى بها."}
{"q_idx": 479, "prediction": "اعتُقل زياماني، 19 عامًا، في أغسطس 2014 وهو يحمل سكين ومطرقة بعد اعتناقه للإسلام بأشهر. وكان يخطط لمهاجمة جنود، وفقًا للشرطة التي قالت إنه \"سرعان ما تبنى أفكارًا متطرفة\". ونفى زياماني التهم الموجهة إليه، لكن الشرطة اعتبرت اعتقاله بمثابة منع لعمل إرهابي محتمل.", "label": "أدانت هيئة محلفين في بريطانيا فتى مسلما بالإعداد لارتكاب عمل إرهابي."}
{"q_idx": 480, "prediction": "جاءت فنلندا ضمن أسعد الدول في العالم في عام 2020 وفقًا لتقرير السعادة العالمي، متفوقة على الدنمارك، بينما حلت أفغانستان في المرتبة الأخيرة. وأشار التقرير إلى آثار كوفيد-19 على الشعور بالسعادة، حيث لاحظ ارتفاعًا في المشاعر السلبية، رغم تقدم دول آسيوية مثل الصين. وأكد التقرير على أهمية الثقة المتبادلة في فنلندا، والتي ساهمت في حماية مواطنيها خلال الوباء.", "label": "للمرة الرابعة على التوالي، صُنفت فنلندا على أنها أسعد مكان للعيش فيه في العالم، وفقا لتقرير سنوي صادر عن الأمم المتحدة."}
{"q_idx": 481, "prediction": "رحبت سويسرا بالخطوات البحرينية لحقوق الإنسان لكنها عبرت عن قلقها بشأن:\n- مضايقات ناشطي حقوق الإنسان وحرية التعبير والتجمع.\n- سجن القاصرين المشاركين في الاحتجاجات.\n- تقارير عن التعذيب وسوء المعاملة، ودعت إلى التحقيق فيها.\nوتؤكد الحكومة البحرينية أن الشرطة تعاني من خسائر وأن لا أحد فوق القانون.", "label": "عبرت 32 دولة منها الولايات المتحدة وبريطانيا في رسالة عن قلقها من سجل البحرين في مجال حقوق الانسان، وحثت الحكومة البحرينية على حماية حرية التجمع السلمي ومعالجة ما يقال عن ممارسة التعذيب بحق السجناء."}
{"q_idx": 482, "prediction": "أعلنت إسبانيا إلغاء الحجر الصحي للقادمين من الخارج، في خطوة ترافقت مع استعداد بريطانيا لفرض الحجر على المسافرين إليها من 8 يونيو، مما أثار مخاوف من التأثير السلبي على قطاع السياحة الإسباني. وأعلنت شركات طيران مثل \"إيزي جت\" و\"جت 2\" عن استئناف رحلاتها قريبًا، وحذرت هيئات تجارية بريطانية من \"عواقب وخيمة\" للحجر على الاقتصاد البريطاني، داعيةً إلى \"جسر جوي\" مع الدول الآمنة.", "label": "لن يخضع الوافدون إلى إسبانيا لأسبوعين من الحجر الصحي ابتداء من الأول من شهر يوليو/تموز بحسب ما أعلنت الحكومة."}
{"q_idx": 483, "prediction": "جوائز رابطة كتاب أمريكا، مؤشر على الفائزين المحتملين بالأوسكار، منحت أفضل سيناريو لفيلم \"الأحفاد\"، وأفضل مسلسل تلفزيوني لـ \"مودرن فاميلي\"، \"بريكينغ باد\"، و\"هوملاند\". حصل تيت تايلور، مخرج \"ذا هيلب\"، على جائزة خاصة تعترف بالعمل الذي يعكس الحريات والحقوق المدنية. حاز ستيفن سبيلبرغ على جائزتي \"Golden Reel\" عن الصوت في \"مغامرات تين تين\" و\"حصان الحرب\". حصد فيلم \"Hugo\" جائزة أفضل موسيقى تصويرية وأفضل صوت، بينما فاز فيلم \"The Muppets\" بجائزة أفضل موسيقى تصويرية لفيلم موسيقي.", "label": "حصل المخرج البارز وودي ألن على جائزة السيناريو الأصلي من رابطة الكتاب الأميركية على الفيلم الرومانسي الكوميدي \"منتصف الليل في باريس\"."}
{"q_idx": 484, "prediction": "صنع مطار فيلنيوس في ليتوانيا شجرة عيد ميلاد من مواد صودرت من المسافرين، لإبراز أهمية أمن الطيران. كما برزت أشجار عيد ميلاد غير تقليدية، مثل شجرة مصنوعة من أقفاص صيد المحار في قرية أولابول في اسكتلندا. وتتجه بعض المجتمعات أيضًا نحو بدائل صديقة للبيئة، مثل استئجار الأشجار أو زراعتها أو إعادة استخدامها بعد انتهاء الموسم.", "label": "إذا كُنت من المحتفلين بأعياد الميلاد فلا بد أن أضواء شجرة الميلاد تتلألأ في ركن من بيتك وهي حتما ليست كشجرة مطار فيلنيوس في ليتوانيا المصنوعة من السكاكين وقداحات السجائر أو بقايا الرصاص."}
{"q_idx": 502, "prediction": "أجبر ترامب وزير دفاعه ماتيس على الاستقالة مبكرًا، ليحل محله نائبه شاناهان المؤيد لتأسيس \"قوة الفضاء\". وقد ألمح ماتيس في خطاب استقالته إلى خلافات في الرأي مع ترامب، ولا سيما فيما يتعلق بسحب القوات الأمريكية من سوريا. سعى ترامب إلى تبديد المخاوف بشأن الانسحاب السريع من سوريا، وأكد على التنسيق مع تركيا لتجنب الفراغ عقب الانسحاب.", "label": "عيَّن الرئيس الأمريكي، دونالد ترامب، نائب وزير الدفاع باتريك شاناهان قائما بأعمال الوزير، بداية من مطلع يناير/ كانون الثاني المقبل."}
{"q_idx": 503, "prediction": "اعتقلت الشرطة الألمانية شابًا مخمورًا يحمل ثعبانًا ملكيًا بطول 35 سم في سرواله. تحقق الشرطة في احتمال انتهاك قوانين حماية الحيوان.", "label": "اعتقلت الشرطة الألمانية شابا في مدينة دارمشتات وعثرت في سرواله على ثعبان."}
{"q_idx": 504, "prediction": "شكر الرئيس الأوكراني بوروشينكو الولايات المتحدة لدعمها. أشاد أوباما بجهود بوروشينكو في حل الأزمة الأوكرانية ودعا الدول الأخرى لدعم حكومته. حث أوباما روسيا على استخدام نفوذها لوقف هجمات الانفصاليين، محذرًا من فرض عقوبات جديدة إذا استمرت الاستفزازات.", "label": "يقول الرئيس الأمريكي باراك أوباما إن أوكرانيا يمكن أن تكون ديمقراطية نابضة بالحياة ومزدهرة إذا وقفت الولايات المتحدة والمجتمع الدولي وراءها."}
{"q_idx": 505, "prediction": "تغلب لاتسيو على روما بهدف وحيد في نهائي كأس إيطاليا ليحرز لقبه السادس في البطولة والأول منذ 2009، فيما فشل روما في الانفراد بالرقم القياسي، بتحقيقه للقب التاسع وآخرها عام 2008. شهد الشوط الأول تبادلًا للهجمات دون أهداف، وفي الشوط الثاني، تفوق لاتسيو وسجل هدف الفوز بواسطة لوليتش في الدقيقة 71، لتنتهي المباراة بفوز لاتسيو وكأس إيطاليا.", "label": "احرز لاتسيو كأس ايطاليا لكرة القدم بفوزه على جاره روما 1-صفر في المباراة النهائية يوم الاحد على الملعب الاولمبي في العاصمة روما."}
{"q_idx": 506, "prediction": "فرضت الولايات المتحدة عقوبات على أفراد وشركات مرتبطة بحزب الله، الذي يشارك في الحرب السورية إلى جانب بشار الأسد. وتستهدف هذه العقوبات تمويل الحزب غير القانوني، وتهدف إلى الحد من نفوذ إيران التي تمول حزب الله. وتسعى الولايات المتحدة لإقناع الاتحاد الأوروبي بالانضمام إلى فرض عقوبات مماثلة.", "label": "أعلنت إدارة الرئيس الأميركي، دونالد ترامب، فرض عقوبات على ستة أشخاص من حزب الله وسبع مؤسسات مالية تابعة له بهدف تقويض نفوذ إيران في منطقة الشرق الاوسط وأبعد منها."}
{"q_idx": 507, "prediction": "تصدّر فيلم \"السجناء\" إيرادات شباك التذاكر البريطاني، متفوقًا على \"رش\" و\"بلو جاسمين\"، ويؤدي هيو جاكمان دور أب يبحث عن ابنته المختطفة، بينما يجسد جيك جيلينهال دور مفتش الشرطة المحلي. حصل \"فيلث\" على بداية جيدة في اسكتلندا، يليه \"العداء\" و\"إنسيديس 2\". وتوقع النقاد ترشيح كيت بلانشيت لجائزة الأوسكار عن دورها في \"بلو جاسمين\".", "label": "أعاد فيلم هيو جاكمان، وجيك غيلينال الجديد \"السجناء\" النجاح الذي لاقاه في أمريكا بتصدره صندوق التذاكر في بريطانيا بعد عرض افتتاحه فيها خلال عطلة نهاية الأسبوع."}
{"q_idx": 509, "prediction": "كانت تركيا حليفة إسرائيل الوحيدة في العالم الإسلامي حتى تفجر الصراع حول قافلة غزة عام 2008، مما أدى إلى جمود التعاون العسكري والسياحة الإسرائيلية في تركيا. وثمة أسباب كامنة وراء ذلك، منها الغضب التركي من الهجوم الإسرائيلي على غزة، وشعور بخيانة رئيس الوزراء التركي إردوغان الذي كان وسيطًا بين إسرائيل وسوريا في ذلك الوقت. وعلاوة على ذلك، شهد المجتمع التركي تحولًا في العقدين الماضيين، حيث أصبح التدين أكثر بروزًا. وأصبحت الجمعية الخيرية IHH، التي نظمت قافلة غزة، تحظى بشعبية بسبب دعمها للقضية الفلسطينية، مما أدى إلى دعم رسمي وغير رسمي من الحكومة التركية، مما تسبب في مزيد من التوتر مع إسرائيل.", "label": "قبل أقل من ثلاث سنوات ألقى شيمون بيريز كلمة أمام الجمعية الوطنية الكبرى – البرلمان التركي- في أنقرة."}
{"q_idx": 523, "prediction": "في الذكرى السنوية لتفجيرات لندن عام 2005، استخدم البريطانيون هاشتاغ لندن بومبينغز لإحياء ذكرى الضحايا ونشر ذكريات ذلك اليوم. كما تم إطلاق حملة \"ووك توغذر\" للدعوة إلى المشي معًا لإظهار الوحدة ونشر صوراً بها علامات \"نحن لسنا خائفين\" و\"تخليداً لذكراهم\" على منصات التواصل الاجتماعي.", "label": "تصدر الهاشتاغات الأكثر انتشارا في لندن على تويتر هاشتاغ \"#LondonBombings\" أو \"تفجيرات لندن\"، في الذكرى العاشرة للتفجيرات الدامية التي اودت بحياة 52 شخصا."}
{"q_idx": 524, "prediction": "ناقش الرئيسان الأمريكي والصيني قضية التجسس الإلكتروني وقضايا أخرى عالية المخاطر خلال اجتماعهما. وشدد أوباما على الحاجة إلى العمل معًا لمعالجة أمن الإنترنت، مع الاعتراف بوجود نقاط توتر. وبدأت الزيارة الرسمية للرئيس الصيني جينبينغ في الولايات المتحدة بلقاء ثنائي وعشاء عمل، حيث من المتوقع أن تستمر المباحثات يوم السبت.", "label": "التقى الرئيس الأمريكي باراك أوباما نظيره الصيني شي جينبينغ في ولاية كاليفورنيا، وذلك للمرة الأولى منذ تسلم جينبينغ دفة القيادة في الصين في شهر مارس/آذار الماضي."}
{"q_idx": 525, "prediction": "يحقق الإيطاليون في مقتل جوليو ريجيني (2016) من خلال فحص ممتلكات المشرفة المصرية (مها عبد الرحمن)، التي سلمتها للشرطة البريطانية بعد تفتيش منزلها. يهدف التحقيق إلى تحديد سبب اختيار ريجيني لموضوع بحثه ومدى تعرضه لخطر محتمل. وتنفي مصر تورط الشرطة في مقتله، لكنها أقرت بمراقبة أنشطته.", "label": "صادر محققون إيطاليون جهاز كمبيوتر وهاتف محمول خاصين بمحاضرة في جامعة كامبريدج كانت تشرف على رسالة الدكتوراة التي يعدها الطالب جوليو ريجيني الذي قتل في مصر في عام 2016."}
{"q_idx": 526, "prediction": "انتقد رئيس الوزراء العراقي السابق نوري المالكي نشر وثائق ويكيليكس، واصفا إياها بأنها عملية مدبرة لعرقلة مساعيه بالبقاء في السلطة. ومع أن الوثائق لم تقدم معلومات جديدة للعراقيين الذين يعيشون أوضاعًا مشابهة منذ سنوات، إلا أنها أثارت انتقادات سياسية في بغداد. وأشار المالكي في بيانه إلى أن القوات الخاضعة لقيادته تعمل وفق القانون وليس وفق دوافع طائفية أو سياسية. كما أقر متحدث حكومي سابق بوقوع انتهاكات، لكنه قال إنها لا تمثل السياسة الرسمية للحكومة. واعتبر المالكي أن تسريبات ويكيليكس هي \"فقاعات إعلامية\" و\"ألعاب سياسية\". وأضاف أن تركيز السلطة في يد شخص واحد هو أمر خطير، حيث أن غالبية ضحايا التعذيب هم من السنة الذين دعموا قائمة العراقية بزعامة إياد علاوي في الانتخابات الأخيرة. وقد أدت قضية ويكيليكس إلى تأزيم الوضع السياسي في العراق وجعلت من تشكيل حكومة جديدة مهمة أكثر صعوبة.", "label": "لم يتفاجأ الجمهور العراقي ولم يبد اهتماما كبيرا بطوفان الوثائق العسكرية الامريكية السرية التي نشرها امس السبت موقع ويكيليكس."}
{"q_idx": 527, "prediction": "أفرجت السلطات المصرية عن الصحفي محمود حسين من سجن مصري بعد أربع سنوات، وسط تحسن العلاقات مع قطر. وتسري إجراءات احترازية على حسين تشمل المبيت ليلتين أسبوعياً في قسم الشرطة بعد عودته إلى منزله في القاهرة الكبرى. رحبت قناة الجزيرة بإطلاق سراح حسين، الذي ألقي القبض عليه دون تهم رسمية وأصبح رمزاً لحرية الصحافة. تواجه مصر انتقادات لاحتجاز الصحفيين، حيث تحتل المرتبة الثالثة عالمياً في سجن الصحفيين بعد الصين وتركيا.", "label": "أطلقت السلطات المصرية سراح محمود حسين الصحفي المصري بقناة الجزيرة محمود بعد أربع سنوات من احتجازه على ذمة التحقيقات بتهم نشر أخبار كاذبة والانتماء لجماعة محظورة."}
{"q_idx": 529, "prediction": "أعلنت الولايات المتحدة عن نشر حاملة طائرات لضمان أمن الممرات الملاحية، بينما تستهدف غارات جوية للتحالف الذي تقوده السعودية مواقع يمنية أسفرت عن مقتل 25 شخصًا. ونفت الولايات المتحدة اعتراضها لشحنات أسلحة إيرانية للحوثيين. وتواجه عدن نقصًا في الإمدادات الطبية، حيث يعاني 12 مليونًا من نقص الغذاء.", "label": "أرسلت الولايات المتحدة حاملة طائرات لتنضم إلى سفنها الحربية قبالة سواحل اليمن، وذلك في استجابة للنزاع الدائر هناك."}
{"q_idx": 530, "prediction": "حققت القوات الأوكرانية مكاسب في مواجهة الانفصاليين المدعومين من روسيا في شرق أوكرانيا. وأعلنت أوكرانيا عن أسر عشرة جنود روس، فيما تنفي روسيا دعمها للانفصاليين. وقتل ما يزيد عن ألفين في القتال، وأعلنت كل من لوهانسك ودونيتسك استقلالهما عن كييف. تجري محادثات مصالحة بتنسيق من الاتحاد الجمركي الأوروأسيوي الذي تقوده روسيا، بمشاركة الاتحاد الأوروبي. كما أعلن الرئيس الأوكراني بوروشينكو عن انتخابات مبكرة في أكتوبر، بعد أن انهار التحالف الحاكم.", "label": "من المقرر أن يشارك الرئيس الأوكراني بيترو بوروشينكو ونظيره الروسي فلاديمير بوتين في محادثات على هامش قمة تعقد في مينسك عاصمة بيلاروسيا."}
{"q_idx": 533, "prediction": "يخوض الجيش في جنوب السودان \"قتالًا كبيرًا\" ضد المتمردين، الذين يسيطرون على مفترق طرق بالقرب من معسكر الأمم المتحدة. وحدد الزعماء الأفارقة مهلة للرئيس للبدء في الحوار مع المتمردين، لكن المحللين يشككون في إمكانية تحقيق ذلك. يهدد الاتحاد الإفريقي بعقوبات على مرتكبي العنف.", "label": "هاجمت القوات المناوئة لحكومة جنوب السودان مدينة بور الاستراتيجية، عاصمة ولاية جونغلي."}
{"q_idx": 543, "prediction": "تشهد العلاقات بين تركيا والولايات المتحدة توترا حادا بسبب قضايا متنوعة مثل سوريا وحقوق الإنسان ومحاولة الانقلاب في تركيا. أدى تعليق منح التأشيرات المتبادل إلى زيادة التوتر. وتصاعد التوترات مع قيام تركيا بمهاجمة المقاتلين الأكراد في سوريا، الذين تدعمهم الولايات المتحدة. ويؤدي انعدام الثقة حول رجل الدين فتح الله غولن المقيم في الولايات المتحدة إلى تفاقم الوضع. كما تثير مساعدة الولايات المتحدة للمتمردين الأكراد والمواجهة اللفظية بين فريق الأمن التابع لأردوغان والولايات المتحدة المخاوف. وبدأت وسائل الإعلام الموالية للحكومة في تركيا في استخدام خطاب معادٍ للولايات المتحدة، مما يزيد من العداء الشعبي. يشعر بعض الطلاب الأتراك بالقلق بشأن استمرار الدراسة في الولايات المتحدة بسبب قضايا التأشيرات. وتتجه تركيا نحو روسيا والشرق الأوسط وسط تدهور علاقاتها مع الغرب، وهو تحول مقلق بسبب أهمية تركيا الاستراتيجية.", "label": "في أحد الملاعب خافتة الإضاءة بمدينة اسطنبول التركية، يتنافس رياضون أتراك وأمريكيون مع بعضهم البعض."}
{"q_idx": 544, "prediction": "تباينت الآراء حول هدم آثار مكة المكرمة:\n\n* رأى المفتي العام أن هدم آثار الحرمين ضروري لتوسعتهما، وأن ما يعتبر آثارًا ليس له اعتبار.\n* انتقدت صحيفة \"إندبندنت\" السلطات السعودية لهدمها أجزاء قديمة من المسجد الحرام.\n* أعرب بعض علماء الآثار عن قلقهم إزاء إزالة المواقع التاريخية المهمة، بينما رأى آخرون أن الهدم ضروري لمصلحة المسلمين.\n* يشدد العديدون على أهمية الحفاظ على تراث مكة المكرمة، معتبرين أن هدمه يمثل هدمًا للهوية الإسلامية.\n* انعكس هذا الخلاف على وسائل التواصل الاجتماعي، مع وجود آراء متباينة حول ضرورة التوسعة والحفاظ على الآثار.", "label": "أجاز مفتي عام السعودية الشيخ عبد العزيز آل الشيخ هدم الآثار بمكة المكرمة لتوسعة الحرمين الشريفين."}
{"q_idx": 545, "prediction": "تقترح رابطة الأندية الأوروبية إقامة كأس العالم 2022 في مايو لتجنب الحرارة الشديدة في قطر خلال الصيف، وذلك بعد مخاوف سلامة اللاعبين. ويعتبر الفيفا إمكانية إقامته في شهري نوفمبر وديسمبر، لكن الرابطة ترى أن شهر مايو قد يكون حلًا وسطًا مقبولًا، حيث تبلغ درجات الحرارة حوالي 35 درجة مئوية ومن المتوقع انخفاضها بشكل تدريجي.", "label": "من الممكن أن تطلب أندية كرة القدم الكبرى من اتحاد كرة القدم \"الفيفا\" إقامة كأس العالم 2022 في قطر في مايو/ أيار."}
{"q_idx": 547, "prediction": "يعاني منزل عائلة دومة المصرية من انقسام عميق بسبب تأييد الأب لجماعة الإخوان المسلمين ومعارضة ابنه للحكم الحالي، مما أدى إلى سجنه بسبب إهانة الرئيس. يتردد الابن في انتقاده الشديد بينما ينتقد الأب اعتداله. تتواجد ابنة الزوج في القاهرة وتواصل نشاط زوجها، وتشارك في الاحتجاجات المناهضة للحكومة. يعتقد سكان الريف في محافظة البحيرة أن الاحتجاجات هي السبيل الوحيد لحل الأزمة، بينما يعتقد سكان القاهرة أن المعارضة تعيق تقدم الرئيس. على الرغم من الانقسام، يثق كل من الأب وابنة الزوج في أن روح الشعب المصري ستوحد البلاد في النهاية. ومع ذلك، فإن وقوع إصابات أو وفيات قد يضعف هذه الثقة.", "label": "مع موجة المصادمات التي تشهدها شوارع القاهرة بين مؤيدي الرئيس المصري محمد مرسي ومعارضيه، يلتقي مراسل بي بي سي عليم مقبول عائلة مزقها ذلك الصراع السياسي."}
{"q_idx": 548, "prediction": "عَينت حركة حماس في غزة إسراء المدلل (23 عامًا) كمتحدثة رسمية، وهي أول امرأة في هذا المنصب. وتهدف حماس من هذه الخطوة إلى \"تعزيز الانفتاح على الغرب\". وتتميز المدلل بنهجها المختلف عن المتحدثين السابقين لحماس، فهي تتحدث إلى وسائل الإعلام الغربية وتتجنب المصطلحات التقليدية مثل \"الكيان الصهيوني\". وتتطرق المدلل في تصريحاتها إلى شؤون غزة والتعليم والحصار الإسرائيلي، لكنها لن تناقش الهجمات الانتحارية أو محاولات المصالحة مع حكومة الضفة الغربية.", "label": "وستكون مهمة إسراء المدلل نقل وجهات نظر حكومة حماس التي تدير شؤون الحكم في غزة إلى وسائل الإعلام الأجنبية."}
{"q_idx": 549, "prediction": "فاجأ رئيس الوزراء الياباني شينزو آبي بزيارة ضريح ياسوكوني المثير للجدل، والذي يرمز إلى ماضي اليابان العسكري، حيث اعتبرتها بكين \"احتجاجًا شديدًا\"، واعتبرها مسؤولو الولايات المتحدة \"مفاقمة للتوتر\" في المنطقة. وأكد آبي أن الزيارة شخصية ولا تمثل الحكومة اليابانية.", "label": "أدانت الصين وكوريا الجنوبية الزيارة التي قام بها رئيس الوزراء الياباني شينزو آبي لضريح ياسوكوني الذى يكرم قتلى الحرب بما في ذلك مجرمي الحرب المدانين."}
{"q_idx": 550, "prediction": "تراجعت الحكومة اللبنانية عن فرض الضريبة على الإنترنت تحت ضغط المظاهرات. استخدم اللبنانيون وسائل التواصل الاجتماعي لنشر مقاطع فيديو وصور من الاحتجاجات. طالب المتظاهرون بإسقاط الحكومة، على الرغم من إلغاء الضريبة. دعم بعض السياسيين المظاهرات، وطالبوا المتظاهرين بالسلمية. يطالب المتظاهرون بحل الأزمة الاقتصادية المتدهورة.", "label": "تفاقمت الاحتجاجات وموجة الغضب العارم في لبنان في ظل غليان شعبي من إجراءات حكومية شملت فرض حزمة ضرائب جديدة أضافت إلى الاستياء العام من أزمة العملة وتردّي الأوضاع المعيشية."}
{"q_idx": 551, "prediction": "استلمت مصر قرضًا بقيمة 2.77 مليار دولار من صندوق النقد الدولي، وتجري محادثات بشأن قروض إضافية بقيمة 9 مليارات دولار. يرى البعض أن الاقتراض يخلق عبئًا من الضرائب الجديدة ويؤدي إلى ديون خارجية متزايدة. يزعم آخرون أن القروض ضرورية لدعم الاقتصاد في مواجهة آثار فيروس كورونا وأنها لا تشكل عبئًا إضافيًا على المواطنين. على الرغم من مخاوف الديون، فإن خبراء آخرين يرون أن الاقتراض من صندوق النقد الدولي يمنح مصر شهادة جدارة ائتمانية ويعطيها أريحية في السداد. يشدد البعض على أهمية العوامل الجيوسياسية والاستقرار الاقتصادي كمؤثرات على استدامة الديون المصرية.", "label": "في الخامس من مايو/ أيار الجاري، توقع وزير المالية المصري محمد معيط ارتفاع حجم الدين العام لبلاده بنهاية العام المالي الجاري، نتيجة للتداعيات السلبية لتفشي فيروس كورونا."}
{"q_idx": 558, "prediction": "حصل فيلم \"الفنان\" الصامت على 3 جوائز أوسكار، منها أفضل مخرج وممثل لجان دوجاردان. وفازت ميريل ستريب بجائزة أفضل ممثلة للمرة الثالثة عن دورها في فيلم \"المرأة الحديدية\". كما حصل فيلم الرسوم المتحركة \"رانجو\" على جائزة أفضل فيلم رسوم متحركة، بينما فاز كريستوفر بلامر وأوكتافيا سبنسر بجائزتي أفضل ممثل وأفضل ممثلة مساندين عن فيلمي \"مبتدئون\" و\"المساعدة\" على التوالي. وحصل فيلم \"هوغو\" على 5 جوائز فنية. وفاز الفيلم الإيراني \"انفصال\" بجائزة أفضل فيلم بلغة أجنبية.", "label": "حصد الفيلم الفرنسي الصامت (الفنان The Artist) ثلاث جوائز أوسكار في الدورة الرابعة والثمانين للمنافسة. فقد حصل مخرجه ميشيل هازانفيشوس على جائزة أفضل مخرج."}
{"q_idx": 559, "prediction": "شكوك بأن حريق كنيسة \"الطابغة\" على بحيرة طبريا عمل تخريبي متعمد نفذه 16 محتجزًا من مستوطنة \"يتسهار\" المتطرفة، حيث وجدت عبارات باللغة العبرية على الجدران تدعو إلى إزالة \"عبادة الأوثان\" وأخرى عنصرية، ودعت تصريحات الشرطة إلى اعتقالهم للتحقيق.", "label": "أحرق مجهولون جزءا من كنيسة كاثوليكية تاريخية في طبرية في شمال إسرائيل."}
{"q_idx": 562, "prediction": "استهدفت تسعة انفجارات معبد بودغايا في الهند، وأسفرت عن إصابة شخصين. وتحمل الانفجارات \"سمات إرهابية\" وفق وزير الدولة الهندي، وسط غياب أي جهة تتبنى الهجوم. يزور آلاف البوذيين سنويًا معبد بودغايا مقدس حيث تنوير بوذا. ألقت الشرطة القبض على مشتبه به ويجري فحص لقطات الكاميرات التي أظهرت زرع شخصين للعبوات.", "label": "ألقت سلطات التحقيق الاتحادية الهندية القبض يوم الاثنين على رجل للاشتباه في ضلوعه في سلسلة التفجيرات التي تعرض لها معبد بودغايا، أقدس المعابد البوذية في البلاد."}
{"q_idx": 564, "prediction": "يسعى رئيس الوزراء العراقي المالكي للحصول على دعم إيران وسوريا لتشكيل حكومة ثانية. وتُظهر تقارير أن إيران قد تساعد مالكي بإقناع الصدر بدعمه، بينما اتهم علاوي رئيس العراقية إيران بالتلاعب في السياسة العراقية. وزار المالكي طهران ودمشق والأردن لحشد الدعم، وسط جهود إيران لتشكيل حكومة موالية لها، والتي قد تكون بمثابة \"هزيمة استراتيجية\" للولايات المتحدة في العراق.", "label": "وصل رئيس الوزراء العراقي المنتهية ولايته نوري المالكي اليوم الاثنين إلى ايران في إطار جولة يقوم بها تشمل عددا من الدول المجاورة للعراق، وترمي إلى حشد التأييد الذي يمكنه من تشكيل الحكومة العراقية الجديدة."}
{"q_idx": 566, "prediction": "ستقام مباراة افتتاح كأس العالم 2014 في ساو باولو بحضور 65 ألف متفرج، وتتوقع الحكومة البرازيلية أن يحضر أكثر من مليون متفرج فعاليات البطولة. ويعتبر المنتخب البرازيلي، بصفته الدولة المنظمة، مرشحًا للفوز باللقب للمرة السادسة، إلى جانب منتخبات إسبانيا وألمانيا والأرجنتين.", "label": "بدأت في البرازيل فعاليات بطولة كأس العالم 2014 مساء الخميس، حيث انطلق حفل افتتاحي تعقبه المباراة الأولى بين الفريق المضيف والمنتخب الكرواتي."}
{"q_idx": 577, "prediction": "حققت النساء العربيات تقدمًا في عام 2017، بما في ذلك تعيين محافظ في مصر، وتمكين السعوديات من القيادة، وإلغاء الأردن والعراق ولبنان لتشريعات تعفي المغتصبين من العقوبة عند الزواج من ضحاياهم. كما أطلقت الممثلة الأمريكية أليسا ميلانو حملة #MeToo للتوعية بالتحرش الجنسي، وأصبحت قطر أول دولة خليجية تعين نساء في مجلس الشورى. ومع ذلك، لا تزال هناك تحديات تواجه النساء العربيات في العادات المجتمعية والقوانين التمييزية.", "label": "تغيرت عام 2017 بعض القوانين التي تخص المرأة في البلاد العربية، حيث منحت بعض الدول النساء حقوقاً لطالما طالبن بها، كما وصلت بعض النساء إلى مناصب عليا وأضافت أخريات إلى رصيدهن إنجازات جديدة."}
{"q_idx": 578, "prediction": "أطلق شرطي النار على عمال منجم شركة لونمين في جنوب إفريقيا، مما أدى لمقتل 34 شخصًا وإصابة 70 آخرين. وسبب ذلك الصراع المستمر على زيادة الأجور بين عمال المنجم ونقابة العمال المحلية. وتقول الشرطة إنها فتحت النار بعد أن هاجمها عمال المناجم بأسلحة، فيما يتهم العمال الشرطة باستخدام القوة المفرطة. وقد تسبب الحادث في انخفاض كبير في أسهم لونمين وأثار صدمة في جنوب إفريقيا، حيث أعاد للأذهان أحداث الفصل العنصري.", "label": "تهاوت أسهم شركة لونمين للتعدين في بورصة لندن بنسبة ستة في المائة خلال تعاملات يوم الجمعة وذلك في أعقاب أحداث العنف التى شهدها منجم تابع للشركة في جنوب أفريقيا."}
{"q_idx": 579, "prediction": "تواجه بلدان مثل الهند تحدي فيروس كورونا بسبب عدم وجود اختبارات واسعة النطاق وإجراءات التباعد الاجتماعي الفعالة. وحذر تقرير طبي من إمكانية وفاة 40 مليون شخص هذا العام إذا لم يتم اتخاذ أي إجراء. ويمكن أن يقلل التباعد الاجتماعي الوفيات بنسبة النصف، بينما يمكن أن ينقذ التدخل المبكر (الاختبار والعزل والتباعد) 38.7 مليون شخص (نسبة 95%). لكن الدول المنخفضة الدخل ستواجه عبئًا أكبر، حيث من المتوقع أن يكون لدى مرضاها احتياجات الرعاية الحرجة أكبر بـ 25 مرة من قدرة المستشفيات مقارنة بالدول ذات الدخل المرتفع.", "label": "أشار تقرير أعده باحثون من كلية إمبريال كوليدج في لندن إلى أنه يمكن إنقاذ أكثر من 30 مليون شخص حول العالم من فيروس كورونا في حال تحركت الدول بسرعة."}
{"q_idx": 580, "prediction": "التقى ترامب بمراسلي البيت الأبيض لمدة 76 دقيقة، وهاجم وسائل الإعلام واتهمها بعدم النزاهة في تغطية اتصالات حملته مع روسيا. كما انتقد انتقادات قراره بشأن حظر السفر واستقالة مستشار الأمن القومي، معتبراً أن إدارته تعمل بكفاءة. ودعا إلى توسيع التحقيق في تدخل روسيا في الانتخابات ليشمل قضية مستشار الأمن القومي المستقيل. كما أعلن عن خطط لاستبدال أمر حظر السفر بدلا من الاستئناف على الحكم بتعليقه.", "label": "شن الرئيس الأمريكي دونالد ترامب هجوما لاذعا على وسائل الإعلام الأمريكية، في معرض دفاعه عن سجل أداءه خلال أسابيعه الأولى في البيت الأبيض."}
{"q_idx": 581, "prediction": "تم تكليف الفخفاخ بتشكيل حكومة تضم 32 وزيرًا من ائتلاف واسع لتوفير الاستقرار وإعادة الثقة بعد فشل الجملي. وتحتاج الحكومة الجديدة لدعم 109 عضو في البرلمان المكون من 217 عضوًا، وقد أيدتها حركة النهضة والتيار الديمقراطي وحركة الشعب وتحيا تونس، مما يرجح حصولها على الثقة بأغلبية مريحة.", "label": "قدم رئيس وزراء تونس المكلف، إلياس الفخفاخ، قائمة بأسماء وزراء حكومته الجديدة إلى الرئيس قيس سعيد."}
{"q_idx": 582, "prediction": "عقد الحزب الجمهوري مؤتمره الوطني في فلوريدا وسط مخاوف من العاصفة الاستوائية إيزاك. وفاز رومني بترشيح الحزب بـ 2061 صوتًا. ومن المتوقع إلقاء خطابات مهمة من زوجة رومني، ونائب الرئيس، ورومني نفسه في الأيام المقبلة.", "label": "اختار الحزب الجمهوري الأمريكي ميت رمني مرشحا عنه لانتخابات الرئاسة المزمع إجراؤها في شهر نوفمبر/تشرين ثاني المقبل."}
{"q_idx": 583, "prediction": "تعاني مدينة حلب من دمار هائل بسبب الحرب، والاتحاد الأوروبي حريص على المشاركة في حل الأزمة. اقترح مبعوث الأمم المتحدة تجميد القتال في حلب، مما سيوفر المساعدة الإنسانية ويخلق مساحة سياسية. ومع ذلك، فإن هذه الفكرة تواجه تحديات مثل الانقسامات بين الجماعات المسلحة وخطر حدوث رد فعل عكسي. تسعى الأمم المتحدة إلى استخدام التقدم في حلب كدافع سياسي، لكن الخوف من حدوث رد فعل عكسي موجود. وتسعى روسيا ودول عربية إلى طرح خطط سلام، في حين تعمل تركيا على خطط عسكرية لإنشاء منطقة عازلة. تحاول أوروبا المشاركة في الجهود لإحلال السلام.", "label": "مازالت الدول الغربية بعد أربع سنوات من الحرب الدائرة في سوريا تبحث عن استراتيجية."}
{"q_idx": 584, "prediction": "حكم على ثلاثة أشخاص بالإعدام في الهند بموجب قانون جديد ينفذ عقوبة الإعدام في قضايا الاعتداء الجنسي المتعدد. وكانوا من بين خمسة أشخاص حكم عليهم بالسجن المؤبد في قضية منفصلة. وقالت القاضية أن هذه القضايا \"لا ينبغي التسامح بشأنها أبداً\"، وأن هذه رسالة قوية يجب أن يتلقاها المجتمع.", "label": "أصدرت محكمة هندية أحكام الإعدام شنقا على ثلاثة من المشاركين في اغتصاب مصورة صحفية السنة الماضية في مدينة مومباي."}
{"q_idx": 585, "prediction": "وافق الاتحاد الأوروبي وتركيا على خطة عمل تهدف إلى تقليل تدفق المهاجرين إلى أوروبا. تشمل الخطة تسريع منح تأشيرات الدخول للأتراك وإعادة تنشيط محادثات انضمام تركيا إلى الاتحاد الأوروبي، بينما طلبت تركيا مساعدات بقيمة 3.4 مليار دولار. ووصف وزير الخارجية التركي المسودة بأنها غير مقبولة، كما أثار مسؤولون أوروبيون مخاوف بشأن ميزانية الاتحاد الأوروبي والتنازلات المقدمة لتركيا.", "label": "شدد مسؤولون أتراك على أن خطة العمل التي أقرها مسؤولون من الاتحاد الأوربي للعمل المشترك مع تركيا للحد من تدفق المهاجرين على أوروبا، ما زالت مجرد مسودة ولم يتم اقرارها."}
{"q_idx": 586, "prediction": "ظهرت عربات مدرعة في يانغون لأول مرة منذ الانقلاب مع فرض عقوبات بالسجن على التحريض على كراهية قادة الانقلاب. وتعزز القوات العسكرية وعلقت القوانين التي تطلب تصاريح للتفتيش والاعتقال لأكثر من 24 ساعة. ووسط الاحتجاجات المستمرة، أُطلق سراح خمسة صحفيين، بينما اعتقل آخرون في مداهمات ليلية. وقد أدانت الأمم المتحدة العنف ضد المتظاهرين ودعت لاحترام حقوق التجمع السلمي.", "label": "حذر الجيش في ميانمار المتظاهرين المناوئين للانقلاب في عموم البلاد من أنهم قد يواجهون عقوبة السجن لمدة تصل إلى 20 عاماً إذا ما عرقلوا عمل القوات المسلحة."}
{"q_idx": 587, "prediction": "استخدم ترامب الفيتو إزاء قرار الكونغرس بمنع بيع أسلحة بقيمة 8.1 مليار دولار للسعودية والإمارات، مدعيًا أن ذلك يضعف أمريكا ويضر علاقاتها مع حلفائها. ويدين القرار دور السعودية والإمارات في اليمن ومقتل خاشقجي. سيصوت مجلس الشيوخ على إلغاء الفيتو، لكن المحللين يتوقعون فشله. وقد التقى ترامب مع ولي العهد السعودي محمد بن سلمان وأشار إلى حجم مبيعات الأسلحة إلى السعودية.", "label": "قرر الرئيس الأمريكي دونالد ترامب، مواصلة تصدير الأسلحة إلى السعودية والإمارات، وإلغاء قرارات الكونغرس بوقف صفقات الأسلحة مع الدولتين."}
{"q_idx": 588, "prediction": "اتهمت هيئة الأوراق المالية الأمريكية الرئيس التنفيذي لشركة تسلا، إيلون ماسك، بتضليل المستثمرين بمزاعم حول خصخصة الشركة. وتسعى الهيئة لمنعه من شغل مناصب تنفيذية في الشركات العامة. ووصف ماسك الخطوة بأنها غير مبررة، قائلاً إنه تصرف لمصلحة المستثمرين. ويثق مجلس إدارة تسلا بماسك، الذي أثار ضجة بخطط الخصخصة التي تراجع عنها لاحقًا.", "label": "رفعت الهيئة المنظمة للبورصات وسوق الأوراق المالية في الولايات المتحدة دعوى قضائية ضد المدير التنفيذي لشركة تسيلا لصناعة السيارات الكهربائية، إيلون ماسك، تتهمه بالغش."}
{"q_idx": 589, "prediction": "أعلن مكتب الرئيس الجزائري تبون أنه يتعافى من كوفيد-19 وسيعود قريبًا. أثار غيابه مخاوف، لكن مكتبه أكد أنه بخير. أدى عدم اليقين إلى التساؤل حول تطبيق المادة 102 لتجنب أزمة دستورية. صوت الجزائريون على تعديلات دستورية مثيرة للجدل أثناء وجود تبون في ألمانيا.", "label": "غادر الرئيس الجزائري عبد المجيد تبون المستشفى، ويواصل ما تبقى من فترة النقاهة في ألمانيا، بحسب بيان صادر عن الرئاسة الجزائرية."}
{"q_idx": 590, "prediction": "وافق المجلس التشريعي في غزة على تعديلات حكومية أجراها إسماعيل هنية، والتي تضمنت تغيير في وزارات الدفاع والداخلية والشؤون الخارجية وغيرها. وأكد هنية أن التعديل لن يؤثر سلبًا على جهود المصالحة، وأنه مستعد لتشكيل حكومة وحدة وطنية إذا سمحت الظروف بذلك.", "label": "قال رئيس وزراء الحكومة الفلسطينية المقالة إسماعيل هنيه الأحد إن التعديل الوزاري على حكومته إجراء طبيعي بعد مرور ستة أعوام على عمل بعض الوزراء، موضحا أنه يرمي إلى تحقيق أهداف تتناسب مع المرحلة الحالية، وأن ذلك لن يؤثر في المصالحة الداخلية."}
{"q_idx": 591, "prediction": "توقف البحث عن ناجين في الانهيارات الأرضية اليابانية بسبب مخاوف من وقوع المزيد من الانهيارات. ارتفع عدد المفقودين إلى 51، بينما يشارك 3000 شخص في عمليات الإنقاذ، لكن هطول الأمطار يعيق جهودهم ويجبر أكثر من 100000 شخص على الإخلاء. قد يتجاوز عدد القتلى 100.", "label": "يعرقل هطول الامطار الغزيرة عمليات انقاذ ضحايا الانهيارات الارضية التي شهدتها محافظة هيروشيما اليابانية والتي قتل فيها 39 شخصا على الاقل."}
{"q_idx": 592, "prediction": "تناقش الصحف السورية أزمة الحرب في سوريا التي استمرت عشر سنوات والتي خلفت دمارًا واسع النطاق وملايين النازحين. تشير الصحف إلى المؤامرة \"الصهيو-أمريكية\" وتحمل تركيا ودول الخليج مسؤولية دعمها. ويؤكدون أنه على الرغم من التحولات الميدانية لصالح الحكومة السورية، إلا أن التسوية الحقيقية لا تزال غائبة بسبب التدخلات الخارجية وحسابات اللاعبين الدوليين. كما ينتقدون سياسة النظام السوري التي أدت إلى فقدان السيادة وتقسيم البلاد.", "label": "اهتمت الصحف العربية الاثنين، بنسخاتها الورقية والالكترونية، بمرور عشر سنوات على بداية الانتفاضة السلمية ضد نظام حكم الرئيس السوري بشار الأسد والتي انطلقت يوم 15 مارس/آذار عام 2011 وتحولت لاحقاً إلى حرب أهلية."}
{"q_idx": 593, "prediction": "أعلن الجنرال بتريوس عن مضاعفة المساعدات الأمنية الأمريكية لليمن، بهدف مكافحة تنظيم القاعدة. وتزيد المساعدة السنوية من 70 مليون دولار إلى أكثر من 140 مليون دولار. ويساعد البرنامج الأمريكي اليمن على شن غارات جوية على معسكرات القاعدة وتبادل المعلومات الاستخباراتية. وأشار بتريوس إلى الجهود اليمنية الفعالة ضد القاعدة، ودعم الولايات المتحدة لها من خلال برنامج المساعدة الأمنية.", "label": "قال رئيس القيادة المركزية الامريكية الجمعة ان الولايات المتحدة ستضاعف حجم برنامج مساعداتها الامنية لليمن البالغ نحو 70 مليون دولار."}
{"q_idx": 594, "prediction": "تدعي شركة آبل أن أجهزة آيفون الحديثة المزودة بنظام التشغيل iOS 8 وما بعده لا يمكن فك تشفيرها إلا بمفتاح الترميز. ومع ذلك، قد تكون آبل قادرة على مساعدة الشرطة في فتح الأجهزة القديمة. ورفض الرئيس التنفيذي لشركة آبل، تيم كوك، وجود \"أبواب خلفية\" في برامج آبل. بالإضافة إلى ذلك، أزالت آبل بعض التطبيقات من متجر التطبيقات بسبب مخاوف الخصوصية.", "label": "قالت شركة أبل الأمريكية إنه لا يمكن الوصول إلى البيانات المشفرة على هواتف أي فون الجديدة حتى من خلال الشركة نفسها."}
{"q_idx": 595, "prediction": "اشتكى المغني نيل يونغ منذ عام 2015 من استخدام الرئيس ترامب لأغانيه في التجمعات السياسية، ورفع دعوى قضائية للحصول على تعويض، مشيرًا إلى انتهاك حقوق الملكية الفكرية. ومن جانبه، حذرت فرقة الرولينغ ستونز ترامب من إجراء قانوني إذا استمر في استخدام أغانيها دون ترخيص خاص.", "label": "رفع نجم الروك الشهير نيل يونغ دعوى قضائية ضد الحملة الانتخابية للرئيس الأمريكي دونالد ترامب بسبب استخدام أغانيه بشكل متكرر بدون الحصول على إذن منه."}
{"q_idx": 596, "prediction": "فوز الكوميدي عديم الخبرة زيلينسكي في الانتخابات الرئاسية الأوكرانية يعكس عدم رضا الأوكرانيين عن المؤسسات السياسية والمسؤولين. استغل زيلينسكي شهرته في تقديم شخصية رئيس في مسلسل كوميدي كحملة انتخابية، متجنبًا المناظرات والمؤتمرات السياسية. ركزت حملته على وعود \"ثورية\" بمكافحة الفساد والمساءلة، لكن هناك مخاوف من تأثير مموله ورجل الأعمال كولومويسكي على قراراته السياسية.", "label": "أظهرت نتائج المرحلة الأولى من انتخابات الرئاسة الأوكرانية تفوق الممثل الكوميدي فولوديمير زيلينسكي بفارق كبير على منافسيه، وهو ما اعتبره الرئيس الحالي بيترو بوروشينكو \"درسا قاسيا\"."}
{"q_idx": 597, "prediction": "حصلت موتورولا على حكم ضد أبل بسبب انتهاك براءات اختراع نقل البيانات. عرضت أبل دفع رسوم الترخيص ولكن لم يتم الاتفاق على السعر. أزالت أبل بعض المنتجات من السوق الألمانية لكنها ظلت متوفرة في متاجر أخرى. وحذرت لجنة المنافسة في الاتحاد الأوروبي موتورولا من إساءة استخدام براءات الاختراع الضرورية القياسية، والتي يجب ترخيصها بمقابل عادل. وقالت اللجنة أن هذا السلوك يمكن أن يضر بالابتكار واختيار المستهلك.", "label": "قال مسؤولون في الاتحاد الأوروبي إن شركة موتورولا موبيليتي المملوكة لشركة غوغل استغلت وضعها المسيطر في سوق الهواتف المحمولة في ألمانيا حينما تقدمت للحصول على أمر قضائي يتعلق ببراءات إختراع ضد شركة أبل."}
{"q_idx": 598, "prediction": "رغم ارتفاع درجة حرارة العالم، تحدث عواصف ثلجية شديدة لأن التغير المناخي يسبب رطوبة أكثر في الغلاف الجوي بسبب وجود جيوب من الهواء الدافئ. في حين أن العالم سيواجه مناخًا أكثر دفئًا بشكل عام، فإن العواصف الثلجية الشديدة قد تظل شائعة، على الرغم من انخفاض إجمالي تساقط الثلوج. قد تؤثر هذه العواصف على الأعمال التي تعتمد على الثلج.", "label": "تسببت عاصفة ثلجية شديدة مؤخرا في وقف الحركة في نيويورك والعاصمة الأمريكية واشنطن، وهو أمر يبدو غريبا عندما تتذكر أن العالم يزداد حرارة في الفترة الأخيرة."}
{"q_idx": 599, "prediction": "جو بايدن، المرشح الديمقراطي للرئاسة الأمريكية، يؤيد إنهاء التدخل العسكري الأمريكي في الشرق الأوسط ويريد تقليل عدد القوات إلى أدنى حد ممكن. فيما يتعلق بالقضية الفلسطينية، يدعم بايدن حل الدولتين ويعتزم إعادة فتح القنصلية الأمريكية في القدس الشرقية وإعادة إحياء المساعدات للفلسطينيين. بشأن الاتفاق النووي الإيراني، قال بايدن أنه سيعيد الولايات المتحدة إلى الاتفاقية إذا امتثلت إيران لالتزاماتها. أما بالنسبة لوجود الولايات المتحدة العسكري، يعتقد بايدن أن القوات الأمريكية يجب أن تقتصر على مهمات محددة في سوريا والعراق وأفغانستان، وأنه سيعمل على إنهاء الدعم الأمريكي للحرب السعودية في اليمن.", "label": "الاختلاف ما بين الرئيس الأمريكي الحالي دونالد ترامب والمرشح الديمقراطي لانتخابات الرئاسة الامريكية المقبلة جو بايدن يكاد يكون مطلقاً ويشمل كل شيء سواءً على الصعيد الشخصي أم على الصعيد السياسي."}
{"q_idx": 601, "prediction": "حظيت الانتخابات الأمريكية بمتابعة عالمية مكثفة، حيث أظهرت تغطية وسائل الإعلام مخاوف من نتائجها المتقاربة والاحتمالات المحتملة، بما في ذلك خطر الحرب الأهلية والاضطرابات الاجتماعية. وشكلت العلاقات مع الصين نقطة اهتمام رئيسية في الصين، في حين حذرت وسائل الإعلام الأوروبية من وضع الولايات المتحدة المتفجر، خاصةً إذا قرر ترامب الطعن في النتائج. وعلقت وسائل الإعلام في أمريكا اللاتينية على دور الناخبين اللاتينيين في فلوريدا في نجاح ترامب.", "label": "غالبا ما تجتذب الانتخابات الأمريكية اهتماما عالميا بنتائجها لما لها من تأثير على العلاقات الخارجية بين الولايات المتحدة وبقية دول العالم."}
{"q_idx": 602, "prediction": "أُلقي القبض على مؤسس ويكيليكس، جوليان أسانج، في لندن لرفضه تسليم نفسه للمحكمة. وقام رئيس الإكوادور بسحب لجوء أسانج بعد انتهاكاته لقوانين السفارة. وصفت ويكيليكس التحرك بالإجراء غير القانوني، بينما أكد وزير الداخلية البريطاني أن أسانج سيواجه العدالة في بريطانيا.", "label": "ألقت الشرطة البريطانية القبض على جوليان أسانج، مؤسس ويكيليكس، في سفارة الإكوادور في لندن."}
{"q_idx": 603, "prediction": "انتشر هاشتاغ \"انتخبوا الـ***\" على وسائل التواصل الاجتماعي في مصر، يشير إلى المرشح الرئاسي السيسي الذي أطاح بمرسي المنتمي للإخوان المسلمين. وأثار الهاشتاغ رد فعل واسعًا، مع ظهور هاشتاغات مضادة مؤيدة للسيسي. وتواجه وسائل التواصل الاجتماعي قيودًا في مصر، لكن بعض الكتابات الساخرة ظهرت في الشوارع. ويُنظر إلى السيسي على نطاق واسع على أنه المرشح الأوفر حظًا للرئاسة.", "label": "لا يزال الهاشتاغ المسيء للمرشح الرئاسي الحالي وزير الدفاع السابق المشير عبد الفتاح السيسي على موقع تويتر يثير جدلا واسعا في شبكة التواصل الاجتماعي بمصر."}
{"q_idx": 604, "prediction": "حكمت محكمة هندية على سائق أوبر شيف كومار ياداف بالسجن المؤبد بتهمة اغتصاب امرأة هندية في عام 2015. رفعت الضحية قضية على أوبر بعد حصول الشركة على سجلاتها الطبية عبر تحقيق في الشكوى، زاعمة انتهاك الخصوصية والتشهير. توصلت الضحية وأوبر إلى تسوية خارج المحكمة، لكنها رفعت دعوى جديدة بعد تسرب معلومات عن التسوية.", "label": "وافقت شركة أوبر على تسوية قضية مدنية في الولايات المتحدة مع امرأة قالت فيها إن مسؤولي الشركة حصلوا بطريقة غير صحيحة على سجلاتها الطبية بعدما اغتصبها سائق في الهند."}
{"q_idx": 605, "prediction": "أوقفت قوات الاحتلال الإسرائيلي طفلاً فلسطينيًا (وديغ مسودة) لرميه الحجارة، واحتجزت والده. انتقدت منظمة حقوق الإنسان \"بتسليم\" الاعتقال، مشيرة إلى أن إسرائيل موقعة على اتفاقية حقوق الطفل التي تحظر اعتقال القاصرين. رد الجيش الإسرائيلي أن الطفل كان \"يهدد المارة\" وأنه لم يتم اعتقاله أو توجيه الاتهام إليه.", "label": "يواجه الجيش الإسرائيلي اتهامات بأنه احتجز بشكل \"غير قانوني\" طفلا فلسطينيا في الخامسة من عمره، لأنه كان يرمي حجارة بمدينة الخليل بالضفة الغربية."}
{"q_idx": 606, "prediction": "تحتاج اليمن إلى مساعدات عاجلة لـ13 مليون شخص. هناك صعوبات في إيصال المساعدات إلى المناطق المتضررة بسبب القتال. ويحذر برنامج الغذاء العالمي من أن اليمن على بعد خطوة من المجاعة. ويطالب مبعوث الأمم المتحدة بوقف إطلاق النار. وتدعو منظمة العفو الدولية إلى لجنة تحقيق في جرائم حرب مزعومة. وتدعو الأمم المتحدة لتحسين وصول المساعدات.", "label": "حذر برنامج الغذاء العالمي - التابع للأمم المتحدة - من أن اليمن على حافة المجاعة."}
{"q_idx": 607, "prediction": "اتفق ترامب ويونكر على بدء مفاوضات تجارية جديدة بين الولايات المتحدة والاتحاد الأوروبي، بما في ذلك إلغاء التعريفات الجمركية على السلع الصناعية، وتعزيز التعاون في مجال الطاقة، وزيادة التجارة في الخدمات والزراعة. كما اتفقا على تعليق المفاوضات وفرض أي تعريفات جمركية والتوجه نحو منظمة التجارة العالمية لإصلاحها.", "label": "أعلن الرئيس الأمريكى دونالد ترامب أنه اتفق ورئيس المفوضية الأوروبية جون كلود يونك ر على بدء محادثات مشتركة لتفادى حرب تجارية شاملة بين الولايات المتحدة والاتحاد الأوروبي ."}
{"q_idx": 609, "prediction": "أعلنت الكويت عن مساعدات لمصر بقيمة 4 مليار دولار، تشمل وديعة بنكية بقيمة 2 مليار دولار في البنك المركزي المصري. وتأتي هذه المساعدات بعد إعلان السعودية والإمارات عن مساعدات بقيمة 8 مليار دولار. وتهدف المساعدات لدعم مصر في مواجهة النقص الحاد في الوقود الذي أعقب عزل الرئيس محمد مرسي، وتعزيز احتياط النقد الأجنبي لديها. ومن المتوقع أن تخفف هذه المساعدات من الضغوط على مصر في محادثاتها مع صندوق النقد الدولي بشأن قرض بقيمة 4.8 مليار دولار.", "label": "أعلن محافظ البنك المركزي المصري اعتزام الكويت ايداع مبلغ 2 مليار دولار بالبنك الأسبوع المقبل."}
{"q_idx": 610, "prediction": "التقى كيري بنظيره الإيراني لمناقشة الاتفاق النووي قبل زيارته للسعودية. ومن المتوقع التوصل إلى اتفاق إطار في مارس، بينما عبرت دول الخليج عن قلقها بشأن طموحات إيران النووية. ويحذر نتنياهو من الصفقة، قائلاً إنها ستمهد الطريق لإيران للحصول على أسلحة نووية. ويسعى كيري لطمأنة قادة الخليج بأن الاتفاق لن يسمح لإيران بذلك. كما سيناقش كيري في جولته الوضع في اليمن وسوريا والحرب على داعش.", "label": "يلتقي وزير الخارجية الأمريكي، جون كيري، زعماء الخليج في الرياض لمناقشة مخاوفهم من الاتفاق بشأن ملف إيران النووي."}
{"q_idx": 611, "prediction": "منعت أوكرانيا دخول الممثل الروسي جيرارد ديبارديو لمدة 5 سنوات بسبب دعمه لضم روسيا لشبه جزيرة القرم. كما نشرت وزارة الثقافة الأوكرانية قائمة سوداء بأسماء فنانين حظرت أعمالهم، بما في ذلك المطرب كوبزون بسبب دعمه للتدخل الروسي في أوكرانيا. وأشاد بعض الممثلين والمطربين بوضعهم في القائمة السوداء واعتبروه \"شرفًا\".", "label": "حددت أوكرانيا 14 مطربا وممثلا روسيا لمنع بث أعمالهم على شاشات التلفزيون وعبر محطات الإذاعة ومنع عرض أفلامهم في دور السينما داخل البلاد، من بينهم الممثل الشهير الروسي فرنسي المولد جيرارد ديبارديو."}
{"q_idx": 613, "prediction": "تعترض وزارة العدل الأمريكية، وأمازون، وياهو على صفقة غوغل لنشر الكتب التي أبرمتها مع نقابة المؤلفين ورابطة الناشرين، بحجة أنها تثير مخاوف بشأن حقوق الملكية وحقوق النشر والمنافسة. وتدعي الوزارة أن الصفقة ستستبعد الناشرين الآخرين، وتمنح جوجل حقوقًا حصرية للكتب التي لا يمكن العثور على مالكي حقوق نشرها، ولا تحمي المؤلفين الأجانب بشكل كافٍ. ومن المتوقع صدور حكم المحكمة حول الصفقة في الشهر القادم.", "label": "حثت وزارة العدل الأمريكية محكمة في نيويورك على عدم إقرار صفقة تتيح لمحرك البحث (جوجل) نشر ملايين الكتب على الانترنت."}
{"q_idx": 614, "prediction": "انتقد الصدر الحكومة العراقية واتهمها باستغلال القضاء والإعلام لتشويه معارضيها واتهامهم بالإرهاب. أعلن اعتزاله الحياة السياسية وحل تياره السياسي. أسباب ودوافع قراره غير واضحة، ومن المتوقع أن تتضح في وقت لاحق. سيؤثر انسحابه على موازين القوى الشيعية في البرلمان وفرص المالكي في الانتخابات المقبلة.", "label": "بكلمات قاسية وحادة، هاجم مقتدى الصدر، زعيم التيار الصدري في العراق، رئيس الوزراء العراقي نوري المالكي، ووصفه بأنه \"ديكتاتور وطاغية\"، وقال إن العراقيين علقوا آمالا على الحكام الحاليين لتخليصهم من \"دكتاتورية النظام السابق\"، لكنه تبين أنهم \"أسوء منه\"."}
{"q_idx": 616, "prediction": "أعلنت أستراليا أنها لن تمنح تأشيرات إقامة دائمة للمهاجرين الواصلين بالقوارب. لكن المحكمة العليا حكمت بأن هذا غير قانوني، وأمرت الحكومة بإعادة النظر في حالة مواطن باكستاني وصل عام 2012. ورفض وزير الهجرة مرة أخرى منحه التأشيرة، لكن المحكمة العليا قضت بأن هذا يخالف القانون، وأمرت بالمنح الفوري.", "label": "أصدرت المحكمة العليا في أستراليا قرارا يلزم الحكومة بمنح تأشيرة للاجئ باكستاني وصل على متن قارب عام 2012."}
{"q_idx": 617, "prediction": "يواجه المستثمرون قلقًا بشأن المؤسسات اليابانية التي تعاني من صعوبات مالية، والمعروفة باسم \"شركات الزومبي\". وتوشيبا، البالغة من العمر 142 عامًا، أصبحت أبرز مثال على هذه الظاهرة بعد فضائح محاسبية وخسائر فادحة. قد تحصل توشيبا على عملية إنقاذ حكومية، وهو ما يثير قلق المستثمرين من عواقب اقتصادية سلبية. ويُقترح تفكيك الشركة عن طريق بيع قسم إنتاج الرقائق التابع لها، لكن المعارضة من حملة الأسهم والحكومة قد تعيق ذلك. وإذا فشل البيع، فقد تواجه توشيبا الانهيار، مما يؤدي إلى خسائر فادحة لحاملي الأسهم.", "label": "تسجل شركة توشيبا اليابانية خسائر تقدر بمليارات الدولارات ولكنها تحاول طمأنة مستثمريها بأنها بعيدة عن الإفلاس."}
{"q_idx": 618, "prediction": "عادل، رمز حركة 6 أبريل، سيقضي 12 ساعة يوميًا في قسم \"أجا\" بمراقبة شرطية لمدة ثلاث سنوات كعقوبة على انتهاك قانون التظاهر. وكانت حركة 6 أبريل قد عارضت ترشح السيسي في انتخابات 2014.", "label": "أخلت الشرطة المصرية سبيل الناشط السياسي محمد عادل، أحد أبرز مؤسسي حركة شباب 6 أبريل المعارضة، وذلك من أحد أقسام الشرطة في محافظة الدقهلية بدلتا مصر . وجاء قرار إخلاء سبيل عادل بعد انتهاء عقوبة الحبس بحقه لمدة ثلاث سنوات لادانته بانتهاك قانون التظاهر."}
{"q_idx": 619, "prediction": "تسببت فيضانات في ولاية أوتاراخاند الهندية في انهيارات أرضية، مما أسفر عن أكثر من 200 قتيلًا مع وجود 50 ألف عالق. ويشارك الجيش في جهود الإنقاذ، حيث تشير التقديرات إلى أن عدد القتلى قد يصل إلى أكثر من ألف. وما زال نحو 5000 شخص مفقود. وفي مومباي، قتل 10 أشخاص في انهيار مبنى بسبب الأمطار الغزيرة.", "label": "تخطى عدد قتلى الفيضانات التي اجتاحت الهند جراء الأمطار الموسمية الغزيرة 500 قتيل."}
{"q_idx": 620, "prediction": "حملة \"الراتب ما يكفي الحاجة\" على تويتر السعودية، والتي تضم 17 مليون تغريدة، تسلط الضوء على الفقر وتفاوت الثروة. بينما يطالب الداعمون بزيادة الأجور، ينتقد آخرون الحملة باعتبارها مضللة ويعتبرون المناقشة علنًا انتهاكًا. وتثير الحملة مشكلات مثل سوء الإنفاق الحكومي، والتجاوزات الملكية، وارتفاع تكاليف السكن. ومع ذلك، يرى بعض السعوديين أن الحملة تشوه صورة المملكة ويؤكدون على الحاجة إلى حلول أكثر شمولية لمعالجة مشاكل معيشة المواطنين.", "label": "تحظى حملة على مواقع التواصل الاجتماعي للمطالبة بزيادة الأجور في السعودية بمتابعة كبيرة من المواطنين السعوديين، الذين يواجه العديد منهم مصاعب متزايدة في الوفاء بتكاليف معيشتهم اليومية."}
{"q_idx": 622, "prediction": "اتهم مندوب مصر في جامعة الدول العربية قطر بدعم الإرهاب، في حين نفت قطر ذلك مؤكدة توافق تحفظها على الضربة الجوية المصرية مع مبادئ العمل العربي المشترك التي تتطلب التشاور قبل أي عمل عسكري منفرد.", "label": "قررت قطر استدعاء سفيرها لدى مصر للتشاور، وذلك كرد على تصريحات أدلى بها مندوب مصر لدى جامعة الدول العربية."}
{"q_idx": 623, "prediction": "رفض بوتين فرض عقوبات على روسيا وذكر أن أسعار النفط المتدنية قد تكون متعمدة. وقال إنه قد يفكر في الترشح لولاية رئاسية رابعة، لكنه نفى أنه يريد البقاء في المنصب مدى الحياة.", "label": "قال الرئيس الروسي فلاديمير بوتين إن بلاده لن تكون المتضرر الوحيد من العقوبات التي تفرض عليها بسبب الأزمة في أوكرانيا."}
{"q_idx": 624, "prediction": "اعتقل فرانسيس ماثيو، مسؤول تحرير صحيفة \"غلف نيوز\"، بعد وفاة زوجته إثر تعرضها للضرب على رأسها بجسم صلب. وكشفت تحقيقات الشرطة عن اعتراف ماثيو بضرب زوجته بمطرقة خلال شجار، لكنه نفى نية القتل. ووزارة الخارجية البريطانية تقدم الدعم لعائلة الزوجة وعضوها المحتجز في دبي.", "label": "قالت الحكومة الإماراتية إن صحفيا بريطانياً يعمل في صحيفة في دبي وجهت إليه تهمة قتل زوجته."}
{"q_idx": 625, "prediction": "سترسل المملكة المتحدة 75 جنديًا لدعم أوكرانيا لوجستيًا وطبيًا بالإضافة إلى تدريب قوات المشاة. في الوقت ذاته، اتفق الانفصاليون الموالون لروسيا على سحب الأسلحة الثقيلة، لكن أوكرانيا تشكك في ذلك. حذر رئيس الوزراء البريطاني كاميرون من عقوبات على روسيا إذا لم تلتزم بالهدنة المعلنة. واتهم وزير الدفاع الأمريكي روسيا بالكذب بشأن دورها في أوكرانيا.", "label": "تعتزم المملكة المتحدة إرسال أفراد من الجيش إلى أوكرانيا خلال أسابيع لدعم القوات الأوكرانية بتقديم استشارات والتدريب، حسب رئيس الوزراء البريطاني ديفيد كاميرون."}
{"q_idx": 626, "prediction": "تطلق فيسبوك مبادرة \"internet.org\" لجعل الإنترنت متاحًا للعالم النامي بتكلفة منخفضة، بهدف ربط \"خمسة مليارات شخص إضافي\"، من خلال شراكات وتطوير هواتف ذكية أرخص وأنظمة استخدام بيانات فعالة.", "label": "ترغب شركة فيسبوك للتواصل الاجتماعي في زيادة عدد مشتركيها ليتجاوز 7 مليارات مشترك من خلال الدخول في شراكة مع شركة سامسونغ وشركة نوكيا وشركات أخرى تعمل في مجال التكنولوجيا."}
{"q_idx": 627, "prediction": "أثارت قضية مقتل الصحفي خاشقجي ردود فعل غاضبة على مستوى العالم. ونفت السعودية معرفة مصيره في البداية، لكنها اعترفت لاحقًا بقتله في قنصليتها. وصرح ترامب أنه لم يشعر بالخداع، لكنه طالب بالشفافية في التحقيق وعلق تأشيرات الدخول على سعوديين مرتبطين بالقضية. ويطالب الأعضاء الجمهوريون والديمقراطيون في مجلس الشيوخ بتعليق محادثات الطاقة النووية مع السعودية بسبب مقتل خاشقجي.", "label": "قال الرئيس الأمريكي، دونالد ترامب، إنه لا يشعر بأن السعوديين قد خدعوه بخصوص مقتل الصحفي، جمال خاشقجي، في قنصلية بلاده في اسطنبول."}
{"q_idx": 629, "prediction": "أكد قائد قوات الدعم السريع، حميدتي، عزم المجلس العسكري تسليم السلطة لحكومة مدنية، مشيرًا إلى عدم رغبته في الاحتفاظ بها. جاء ذلك خلال اجتماع كبير في الخرطوم، حيث أشار حميدتي إلى نشر قوات عسكرية لضمان الأمن، دون التأكيد على إصدار أمر بفض الإعتصام الأخير. وأكد على أن المجلس العسكري يهدف لضمان إجراء انتقال سلمي للسلطة.", "label": "حذر نائب رئيس المجلس العسكري الانتقالي في السودان من وجود مخربين لهم أجندة خفية تحاول استغلال المظاهرة الحاشدة التي دعت لها المعارضة في الخرطوم، يوم الأحد 30 يونيو/حزيران."}
{"q_idx": 630, "prediction": "انطلق القمر الصناعي \"سينتينيل 2-إيه\" لالتقاط صور الأشعة تحت الحمراء للأرض، بما في ذلك نمو المدن والكوارث الطبيعية. وسيراقب القمر إنتاجية المحاصيل العالمية من خلال الكشف عن الضوء المنعكس من النباتات، مما يوفر إشعارًا مسبقًا بالمجاعات المحتملة. ويعتبر هذا القمر جزءًا من سلسلة أجهزة استشعار فضائية ستطلق على مدار العقد القادم، حيث يوفر بيانات متعددة لدعم الزراعة والأمن الغذائي العالمي.", "label": "انطلق القمر الصناعي \"سينتينيل 2-إيه\" التابع لبرنامج الاتحاد الأوروبي الجديد لمراقبة الأرض، والذي تبلغ تكلفته مليارات من اليورو، على متن صاروخ من طراز فيغا من قاعدة كورو بإقليم غويانا الفرنسي."}
{"q_idx": 631, "prediction": "كشفت صحيفة تركية عن اتفاق بين أردوغان والسراج لإقامة قاعدتين عسكريتين تركيتين في ليبيا، مما أثار تساؤلات حول طموحات تركيا في البلاد. يرى بعض المحللين أن تركيا تسعى لتعزيز نفوذها في ليبيا سياسياً وعسكرياً، مستفيدة من انتصارات حكومة الوفاق بمشاركة عسكرية تركية. وتتوقع دول الجوار الليبي مثل الجزائر وتونس ومصر التعايش مع الوجود التركي أو مواجهته. ويعتقد الكاتب محمد نور الدين أن تركيا لن تنسحب من ليبيا، وأن وجودها يضمن مجالها البحري في المنطقة.", "label": "سلطت صحف عربية، ورقية وإلكترونية، الضوء على خطة تركيا لإقامة قاعدتين عسكريتين، جوية وبحرية، في ليبيا."}
{"q_idx": 633, "prediction": "أقال برشلونة مدربه سيتين بعد فشله في الفوز بأي لقب هذا الموسم، ومن المتوقع أن يحل رونالد كومان مكانه، مدرب هولندا السابق.", "label": "أفادت تقارير بأن نادي برشلونة في طريقه لإعلان إقالة المدرب كيكي سيتين بعد الهزيمة التاريخية التي مني بها الفريق في بطولة دوري أبطال أوروبا."}
{"q_idx": 634, "prediction": "أكد المرشح لمنصب مدير مكتب التحقيقات الفيدرالي، كريستوفر راي، أنه لن يسمح لأي شيء غير الوقائع والقانون بالتحكم في عمل المكتب. ورفض وصف تحقيق المستشار الخاص روبرت مولر بشأن التدخل الروسي في انتخابات 2016 بأنه \"مطاردة ساحرات\"، مؤكدًا أنه سيدعم عمله. وأعرب راي عن استعداده للاستقالة إذا طلب منه الرئيس ترامب فعل أي شيء غير قانوني، كما عارض استخدام التعذيب في الاستجوابات.", "label": "رفض مرشح الرئيس الأمريكي، دونالد ترامب، لرئاسة مكتب التحقيق الفيدرالي\" إف بي آي\" وصف الرئيس للتحقيق الخاص بشأن التدخل الروسي المزعوم في الانتخابات الأمريكية، بأنه نوع من \"مطاردة الساحرات\" أو حملة لاضطهاد المعارضين."}
{"q_idx": 635, "prediction": "تتهم شركة إريكسون شركة آبل باستخدام براءات اختراع غير مرخصة تقنيًا في منتجاتها، ورفعت دعوى قضائية ضد آبل في ثلاث دول أوروبية. يعتمد النزاع على استخدام إريكسون لتكنولوجيا الاتصالات في شبكات وأجهزة الهاتف المحمول وقد عرضت إريكسون إجراء محادثات تحكيم، لكن آبل لم ترد بعد.", "label": "رفعت شركة إريكسون دعوى قضائية في ثلاث دول ضد عملاق التكنولوجيا الأمريكي آبل، زاعمة أن الأخيرة لم تلتزم بسداد مستحقات تراخيص ابتكارات تكنولوجية."}
{"q_idx": 637, "prediction": "غرق قارب مهاجرين قبالة مالطا، مما أسفر عن مقتل 500 شخص ونجاة 11. ويرجع معظم الضحايا إلى سوريا وغزة ومصر (بما في ذلك 12 طفلاً من قرية أجهور الصغرى). وتطالب عائلات المفقودين بالعدالة وتبحث عن دليل على مصير أحبائهم. تعاني أجهور الصغرى من الفقر وانعدام الفرص، مما يدفع الشباب إلى الهجرة إلى أوروبا، لكن الحادث لم يثبط عزيمة الشباب عن السعي لتحقيق مستقبل أفضل.", "label": "في الوقت الذي تسعى فيه أوروبا لمعالجة أزمة المهاجرين، هناك أقارب ضحايا ومجموعة صغيرة من الناجين لا يزالون يبحثون عن إجابات لواحدة من أسوأ كوارث غرق المهاجرين في مصر بعد مرور عام على وقوعها."}
{"q_idx": 638, "prediction": "انتقد لافروف قرار الولايات المتحدة إرسال جنود سريين إلى سوريا، معتبرًا أنه يزيد الحاجة للتعاون بين البلدين، حيث ستقدم القوات الأمريكية لأقل من 50 جنديًا التدريب والمشورة لمسلحي المعارضة السورية ضد داعش.", "label": "حذرت روسيا من احتمال اندلاع \"حرب بالوكالة\" في الشرق الأوسط بعد قرار الولايات المتحدة إرسال قوات خاصة إلى سوريا."}
{"q_idx": 639, "prediction": "اختفاء قسري لمئات اليمنيين في الصراع الدائر منذ 2015، مع توثيق حالات تعذيب ووفاة رهن الاحتجاز، وتنفي جميع الأطراف مسؤوليتها عن الاعتقالات العشوائية.", "label": "من ينظر إلى تلك المجموعة من الصور الصغيرة لنساء وأطفال يمنيين يحملون لافتات، يلاحظ تعبير البؤس على وجوهمم المكشوفة."}
{"q_idx": 640, "prediction": "صعقت لجنة جولدستون من حجم الدمار في غزة بعد إجراء جلسات استماع علنية لشهود من غزة وإسرائيل والضفة الغربية. وتحقق اللجنة في جرائم حرب محتملة ارتكبتها إسرائيل وحماس خلال هجوم غزة عام 2009. ودخلت اللجنة غزة عبر مصر بعد رفض إسرائيل منحها تأشيرات دخول. وتسعى اللجنة لاستكمال تقريرها بحلول سبتمبر 2009.", "label": "قال ريتشارد جولدستون رئيس لجنة الامم المتحدة للتحقيق في جرائم الحرب في غزة إن الشهادات حول الحرب الأخيرة كان \"من الصعب الاستماع اليها\"، وذلك بعد أربعة أيام من جلسات الاستماع العلني."}
{"q_idx": 641, "prediction": "توفي موظف بالأمم المتحدة مصاب بالإيبولا تلقى العلاج في ألمانيا، مما يجعله ثاني ضحية من فريق الأمم المتحدة في ليبيريا. ويواجه موظفو الصحة في الخطوط الأمامية مخاطر عالية من الإصابة، حيث تُعرب منظمة الصحة العالمية عن قلقها بشأن عدد المصابين من العاملين في المجال الصحي، محذرة من أن الوباء يهدد المجتمعات.", "label": "توفي موظف تابع للأمم المتحدة يعمل في القطاع الصحي جراء إصابته بفيروس إيبولا في مستشفى بألمانيا."}
{"q_idx": 642, "prediction": "أفلام سكارليت جوهانسون تحقق أعلى الإيرادات العالمية في 2016، متفوقة على كريس إيفانز وروبرت داوني جونيور. وحققت 1.2 مليار دولار، بينما حقق فيلم \"كابتن أمريكا: الحرب الأهلية\" 1.15 مليار دولار. وجاءت مارغوت روبي في المركز الرابع بـ 1.1 مليار دولار، فيما احتلت فيليسيتي جونز المركز التاسع بـ 805 مليون دولار.", "label": "مُنحت الممثلة الأمريكية سكارليت جوهانسون لقب الممثلة الأعلى أجرا لعام 2016 وذلك بفضل أدوارها في فيلمي البطل الخارق \"كابتن أمريكا: الحرب الأهلية\"، وفيلم هوليوود الكوميدي الساخر \"يعيش القيصر\"."}
{"q_idx": 644, "prediction": "دعا وزير الخارجية الأمريكي جون كيري إلى استئناف وقف إطلاق النار في سوريا خلال مكالمة مع نظيره الروسي سيرجي لافروف. وأفاد كيري بأن المحادثات مع روسيا وحلفائها \"اقتربت من نقطة تفاهم\" بعد تجدد القتال في حلب. وأدان وزير الخارجية السعودي عادل الجبير تصاعد العنف ووصف الهجمات الجوية على حلب بأنها انتهاك للقانون الدولي. ويجري وزير الخارجية الأردني ومبعوث الأمم المتحدة إلى سوريا محادثات مع كيري. وقتل أكثر من 250 مدنيًا في حلب خلال الأيام العشرة الماضية، مما دفع منظمات الإغاثة إلى تحذير من وقوع كارثة إنسانية. وتقول الولايات المتحدة وروسيا إن الضربات الجوية تستهدف جبهة النصرة، فيما نفت منظمات الإغاثة ذلك. ويجري المسؤولون الروس حاليًا محادثات لإقامة \"نظام تهدئة\" في محافظة حلب.", "label": "حثت الولايات المتحدة وروسيا الحكومة والمعارضة في سوريا على الالتزام باتفاق وقف الأعمال العدائية."}
{"q_idx": 646, "prediction": "التقى وزير الخارجية الأمريكي مايك بومبيو سراً بزعيم كوريا الشمالية كيم جونغ أون، للإعداد لقمة بين هذا الأخير والرئيس ترامب ستعقد في يونيو. يأتي هذا الاجتماع وسط تلميحات من كوريا الجنوبية وأمريكا نحو حل سلمي للصراع بين الكوريتين.", "label": "أكد الرئيس الأمريكي دونالد ترامب أن مدير وكالة الاستخبارات المركزية \"سي آي إيه\"، مايك بومبيو، زار سرا بيونغيانغ لمقابلة زعيم كوريا الشمالية، كيم جونغ-أون."}
{"q_idx": 647, "prediction": "استقال رئيس الوزراء العراقي نوري المالكي ودعم خليفته حيدر العبادي، الذي كلفه الرئيس المنتخب بتشكيل حكومة جديدة لمواجهة تهديد تنظيم الدولة الإسلامية. أشاد كل من الولايات المتحدة والأمم المتحدة بقرار المالكي، الذي من المتوقع أن يؤدي إلى تشكيل حكومة شاملة توحد العراقيين وتدعمها دول الشرق الأوسط في صراعها ضد الدولة الإسلامية.", "label": "أشاد البيت الأبيض بقرار رئيس الوزراء العراقي نوري المالكي المنتهية ولايته التنحي عن منصبه لصالح رئيس الوزراء المكلف حيدر العبادي."}
{"q_idx": 648, "prediction": "تدعو الولايات المتحدة والأمم المتحدة إلى التحقيق في هجوم كيماوي مزعوم في سوريا بعد مقتل المئات. وتطالب المعارضة السورية المحققين الدوليين بزيارة الموقع، بينما تنفي الحكومة السورية هذه الاتهامات وتتهم المعارضة بتلفيقها. وقد دعا مسؤولون دوليون إلى محاسبة المسؤولين وتحذير من استخدام القوة من جانب المجتمع الدولي إذا ثبت صحة الادعاءات.", "label": "قال وزير الخارجية الفرنسي لوران فابيوس انه قد تكون هناك حاجة \"لرد فعل باستخدام القوة\" في حال وجود دليل على استخدام النظام السوري أسلحة كيماوية."}
{"q_idx": 650, "prediction": "وافقت إدارة الأغذية والعقاقير الأمريكية على تجربة البشرية الثانية للخلايا الجذعية الجنينية، لعلاج مرض فقدان البصر المتقدم. تستهدف التجربة 12 مريضًا يعانون من الضمور البقعي، تهدف إلى التأكد من سلامة العلاج مع احتمالية استخدام الخلايا الجذعية مستقبلًا لمنع فقدان البصر عند صغار السن.", "label": "ستجرى بالولايات المتحدة تجربة على اثني عشر شخصا للتأكد من فعالية الخلايا الجذعية في تجنب العمى عند البشر."}
{"q_idx": 651, "prediction": "انتقدت الوكالة الدولية للطاقة الذرية إيران لفشلها في وقف تخصيب اليورانيوم ورفضها فتح منشآتها للتفتيش، وأصدر مجلس محافظيها قرارًا بأغلبية ساحقة يعرب عن \"قلق شديد\" بشأن برنامجها النووي. ويدين القرار إيران لتجاهل مطالب مجلس الأمن الدولي، لكنه يعرب أيضًا عن الرغبة في حل الأزمة سلميًا.", "label": "انتقد مجلس محافظي الوكالة الدولية للطاقة الذرية ايران الخميس لتحديها المطالب الدولية بوقف تخصيب اليورانيوم وعدم تعاملها مع القلق المتزايد بشأن الاشتباه في اجرائها لابحاث تتعلق بالتسلح النووي."}
{"q_idx": 652, "prediction": "قلّص مانشستر سيتي الفارق بينه ويونايتد المتصدر إلى 12 نقطة بعد فوزه على تشيلسي بهدفين مقابل لا شيء. جاء الهدف الأول ليحي توري في الدقيقة 63، بينما سجل كارلوس تيفيز الهدف الثاني في الدقيقة 85. وبعد هذا الفوز، توسع الفارق بين مانشستر سيتي وتشيلسي إلى 7 نقاط في معركة الصراع على المركز الثاني.", "label": "استعاد مانشستر سيتي حامل اللقب توازنه وذلك بعد ان فاز على ضيفه تشلسي بهدفين مقابل لا شيئ على ستاد \"الاتحاد\" في قمة المرحلة السابعة والعشرين من الدوري الانجليزي لكرة القدم."}
{"q_idx": 653, "prediction": "رفضت حماس إدانة مصر للإخوان المسلمين كجماعة إرهابية ونشرت وثيقة تزعم تورط السفير المصري في رام الله في التنسيق مع الأجهزة الأمنية الفلسطينية ضد حماس. واتهمت حماس السفير بالتحريض عليها وتلفيق الاتهامات، بينما نفى السفير التدخل في الشأن الفلسطيني ووصف اتهامات حماس بأنها \"تشويش\" يستهدف إحباطه شخصيًا.", "label": "اتهمت حركة حماس السفير المصري في رام الله، ياسر عثمان، بالتنسيق مع قيادات في الأجهزة الأمنية في السلطة الفلسطينية للتحريض عليها وتلفيق اتهامات باطلة ضدها."}
{"q_idx": 654, "prediction": "انتخب الكرادلة الأرجنتيني فرانسيس الأول بابا جديدا بعد أربع جولات تصويت. ظهر فرانسيس في شرفة كاتدرائية القديس بطرس ودعا إلى \"روح الأخوة\" بين الكاثوليك وطالبهم بالدعاء له. عبر البابا الجديد عن امتنانه لسلفه بنديكتوس السادس عشر وعبر عن انفتاحه على الكنائس الأخرى. يعتبر فرانسيس أول بابا غير أوروبي منذ قرون وله خبرة في أجهزة الفاتيكان.", "label": "اختير الكاردينال الارجنتيني خورخيه برغوليو على رأس الكنيسة الكاثوليكية خلفا لبنديكتوس السادس عشر، وسيحمل من الآن فصاعدا لقب البابا فرانسيس الأول، وهو أول بابا من أمريكا اللاتينية."}
{"q_idx": 655, "prediction": "تصارع هايدي، الفتاة البريطانية ذات التسع سنوات، مرضًا وراثيًا نادرًا (BPAN) يؤثر على دماغها. يسبب هذا الخلل المحدودية في الحركة والكلام، وقد يؤدي إلى مرض باركنسون والخرف. على الرغم من عدم وجود علاج معروف، تكرس والدة هايدي حياتها لخدمة ابنتها وجمع التبرعات للبحث العلمي وإيجاد علاج لها.", "label": "في ظاهرة فريدة من نوعها في بريطانيا، شخص الأطباء حالة طفلة (9 سنوات) ليكتشفوا أنها مصابة بخلل وراثي نادر جدا، توجد منه مئة حالة فقط على مستوى العالم ويتعلق بظاهرة \"انحلال الأعصاب\" في الدماغ. ويصيب المرض إلا واحد في المليون من سكان العالم."}
{"q_idx": 656, "prediction": "أثارت تسريبات سنودن رد فعل حساس في ألمانيا بسبب تجاربها المريرة مع الرقابة. وقد ألغت ألمانيا اتفاقية تجسس تعود إلى الحرب الباردة مع الولايات المتحدة والمملكة المتحدة وفرنسا، والتي كانت تمنحهم حق طلب عمليات تجسس لحماية جنودهم. على الرغم من عدم نشاط الاتفاقية منذ عقود، إلا أن الإلغاء يمثل خطوة رمزية بشأن مخاوف الخصوصية.", "label": "ألغت ألمانيا اتفاقا للتجسس كان يربطها مع الولايات المتحدة وبريطانيا منذ الحرب الباردة ردا على التسريبات المتعلقة ببرنامج مراقبة الإنترنت الذي تديره واشنطن."}
{"q_idx": 657, "prediction": "في إطار اتفاق إيران والقوى الكبرى، ستتوقف محطة أراك للماء الثقيل عن العمل ولن تزود بالوقود لمدة ستة أشهر. تسمح زيارة محطة أراك للوكالة الدولية للطاقة الذرية بمراقبة المنشأة التي كان يُخشى استخدامها في إنتاج البلوتونيوم لصنع أسلحة نووية، على الرغم من نفي إيران لذلك.", "label": "يزور وفد من مفتشي الوكالة الدولية للطاقة الذرية محطة أراك النووية الإيرانية الأحد وذلك للمرة الأولى منذ عامين."}
{"q_idx": 658, "prediction": "أظهر تحليل جامعة شرق لندن معدلات عالية من وصفات مرض انفصام الشخصية في شمال كستيفن (39 لكل ألف شخص)، وأقلها في إيست دورست (9 لكل ألف شخص). تشير الاختلافات إلى تأثيرات بيئية محتملة مثل معدلات تعاطي الكحول أو المخدرات، والاختلافات في الاتجاهات أو الممارسات الطبية. شهدت إيست أنغليا أعلى معدلات زيادة في الوصفات خلال 2011-2016 بنسبة 3٪ سنويًا، مما يثير تساؤلات حول سياسة الرعاية الصحية النفسية وحاجتها إلى التحقيق.", "label": "كشف تحليل بالخرائط النقاب عن \"البؤر الساخنة\" لانتشار مرض انفصام الشخصية وغيره من الأمراض النفسية في إنجلترا، وذلك استنادا إلى كمية الأدوية التي يصفها الأطباء."}
{"q_idx": 659, "prediction": "تواجه أسترازينيكا تأخيرات في زيادة إنتاج اللقاح بمصانعها في هولندا وبلجيكا، وهو ما يؤخر مواعيد تسليم الاتحاد الأوروبي شهرين. وتعمل الشركة على حل هذه المشكلات، كما أنها تصنع لقاحًا لاستهداف السلالة الجديدة من جنوب إفريقيا.", "label": "دافع رئيس شركة أسترازينيكا عن خطة توزيع لقاح فيروس كورونا في الاتحاد الأوروبي، وسط توتر مع الدول الأعضاء بشأن التأخير في إمدادها باللقاح، وحمل الاتحاد المسؤولية لتأخير توقيع اتفاق بينهما."}
{"q_idx": 660, "prediction": "وافق مجلس اللوردات على خطة زواج المثليين في المملكة المتحدة، مما دفع بها خطوة للأمام نحو إقرارها. على الرغم من بعض المعارضة، تم رفض اقتراح بإسقاط القانون بأغلبية كبيرة. يرى مؤيدو الزواج المثلي هذه النتيجة خطوة مهمة نحو المساواة، بينما يجادل المعارضون بأنها ستغير مفهوم الزواج التقليدي. ومع ذلك، يرى البعض أن القانون يمكن أن يفرض ضمانات لحماية أولئك الذين يعارضون الزواج المثلي.", "label": "وافق مجلس اللوردات البريطاني بأغلبية تجاوزت الثلثين على خطط الحكومة المتعلقة بتقنين زواج مثليي الجنس في انجلترا وويلز."}
{"q_idx": 661, "prediction": "أحرزت البرازيلية دي سوزا ثلاثة أهداف ضد جامايكا، بينما تستعد لمواجهة أستراليا في وقت لاحق. ستلعب جنوب إفريقيا مع الصين، في حين أصبحت مارتا جاهزة للمشاركة مع البرازيل بعد تعافيها من الإصابة.", "label": "يواجه منتخب البرازيل نظيره الأسترالي، في مباراة تقام اليوم في مدينة مونبلييه جنوبي فرنسا، وذلك ضمن منافسات المجموعة الثالثة من كأس العالم للسيدات لكرة القدم."}
{"q_idx": 662, "prediction": "حظيت عصبة الشمال بقيادة ماتيو سالفيني بشعبية متزايدة، حيث هاجم سياسة الاتحاد الأوروبي والهجرة والتقشف. وقد واجه سالفيني مظاهرة معارضة في روما، بينما تصف استطلاعات الرأي صعوده السياسي. ومن المتوقع أن تساهم معارضته المتزايدة للهجرة في نجاحه في الانتخابات المحلية المقبلة، حيث يستغل المشاعر السلبية تجاه الاتحاد الأوروبي وزيادة الهجرة.", "label": "شارك الآلاف من مؤيدي حزب \"عصبة الشمال\" الايطالي اليميني السبت في مظاهرة حاشدة في احدى الساحات الكبرى في العاصمة روما للتعبير عن معارضتهم للهجرة والإتحاد الأوروبي وحكومة رئيس الوزراء ماتيو رينزي."}
{"q_idx": 664, "prediction": "سجلت آبل أرباحًا قدرها 13.6 مليار دولار في الربع الأول من عام 2015. ويعتقد المستثمر كارل إيكان أن سهم الشركة يستحق 240 دولارًا للسهم، أي ما يقرب من ضعف قيمته الحالية. ويرى إيكان أن آبل يمكنها \"السيطرة\" على سوقي التلفزيون والسيارات ويتوقع أن تحقق الشركة أرباحًا بقيمة 12 دولارًا للسهم في عام 2016.", "label": "حذر رجل الأعمال الأمريكي كارل إيكان من أن أسهم شركة أبل \"أقل بكثير من قيمتها الحقيقية\"."}
{"q_idx": 665, "prediction": "ينضم فيسبوك وغوغل إلى جماعة ضغط سياسية جديدة في واشنطن لتعليم الكونجرس الأمريكي حول شبكة الإنترنت. سيبحث المشاركون في التأثير على صنع القرار السياسي من خلال نشر تحليلات سياسية عبر الإنترنت. وقد أنفق فيسبوك وغوغل بالفعل ملايين الدولارات للضغط السياسي.", "label": "يبدا موقع التواصل الاجتماعي الشهير فيسبوك شراكة مع كل من ايباي وغوغل وامازون لانشاء جبهة ضغط سياسي ضخمة في العاصمة الامريكية واشنطن."}
{"q_idx": 667, "prediction": "ظهرت 34 حالة إصابة بفيروس كورونا في الصين الخميس، لكن جميعها وافدة من الخارج. يشير هذا إلى نجاح جهود احتواء الصين للفيروس محليًا، لكن زيادة الحالات الوافدة قد تهدد ذلك. أصيب أكثر من 81 ألفًا بالفيروس وتوفي أكثر من 3200.", "label": "لم تسجّل الصين أي \"إصابة جديدة محلية المصدر\" بفيروس كورونا المستجد لمدة 24 ساعة، للمرة الأولى منذ بدء انتشار الوباء في مدينة ووهان نهاية العام الماضي."}
{"q_idx": 669, "prediction": "أكد المرشد الأعلى الإيراني دعم إيران المستمر لحلفائها في المنطقة، بما في ذلك الأسد في سوريا، رغم الاتفاق النووي. وأستبعد التفاوض مع الولايات المتحدة، وحث السياسيين على التحقق من حماية الاتفاق للمصالح الوطنية الإيرانية.", "label": "أكد المرشد الأعلى الإيراني آية الله على خامنئي أن طهران لن تغير سياستها مع الولايات المتحدة \"المستكبرة\" أو داخل منطقة الشرق الأوسط."}
{"q_idx": 670, "prediction": "حذر الرئيس التركي أردوغان من تمديد حالة الطوارئ وتقديم تعديلات أمنية تتطلب دعم المعارضة في البرلمان. وتتضمن هذه التعديلات إغلاق المدارس العسكرية وإنشاء جامعة عسكرية، وتقليل قوات الدرك وزيادة تسليحها. تأتي هذه التطورات بعد محاولة انقلاب فاشلة، حيث أعلنت السلطات عن فصل أكثر من 150 جنرالا واعتقال أكثر من 18 ألف شخص.", "label": "قال الرئيس التركي رجب طيب أردوغان إنه يرغب في تعديلات دستورية بحيث تصبح وكالة الاستخبارات وقيادة القوات المسلحة تحت إمرته مباشرة."}
{"q_idx": 672, "prediction": "تحطمت مروحية أمريكية طراز بلاك هوك يو إتش-60 في أوكيناوا باليابان، ما أسفر عن إصابة 7 أشخاص وإنقاذ 17 آخرين. سبب الحادث غير معروف، لكن الصور تظهر كسر المروحة الخلفية.", "label": "أفاد مسؤولون يابانيون بتحطم مروحية عسكرية أمريكية قبالة شاطئ جزيرة أوكيناوا في جنوب اليابان."}
{"q_idx": 673, "prediction": "اختار الائتلاف الوطني المعارض حكومة مؤقتة لإدارة المناطق المحررة، وعين أحمد طعمة رئيسا لها. وتمثل الحكومة جميع أطياف المجتمع السوري وتهدف إلى تقديم الخدمات في المناطق المحررة.\n\nناقش المؤتمر جهود البحث عن حل سياسي للنزاع السوري، ومن بين المشاركين توفيق دنيا الذي دعا إلى مشاركة المعارضة والحكومة في محادثات سلام جنيف 2.\n\nرغم خلافاتهم، اتفق المشاركون على ضرورة إنهاء إراقة الدماء وبناء سوريا موحدة. وافق أعضاء الائتلاف الوطني على حضور محادثات جنيف 2 شريطة تلبية مطالبهم، بما في ذلك رحيل الأسد والإفراج عن المعتقلين.\n\nأعرب الأسد عن استعداده للمشاركة في جنيف 2 دون شروط مسبقة، لكن المعارضة تشدد على رحيله. يعاني المدنيون من العنف المستمر، ويرون أن الحل السياسي هو الطريقة الوحيدة لإنهاء الصراع.", "label": "\"صرخة لإنقاذ سوريا\".. كان هذا شعار المؤتمر الذي عقدته في اسطنبول أخيرا حركة \"كلنا سوريون\" المعارضة المستقلة التي تضم جماعات تمثل بشكل أساس أقليات دينية."}
{"q_idx": 675, "prediction": "تلعب لغة العيون دورًا حيويًا في التواصل البشري، مما يؤثر على انطباعاتنا عن الآخرين وانتباهنا وقدراتنا المعرفية.\n\nيُثير النظر إلى العينين انتباهًا أكبر ويقلل من الوعي المحيطي، ويحفز المناطق الدماغية المرتبطة بالوعي الذاتي والتفاعلات الاجتماعية.\n\nيغير النظر في أعين الآخرين تصوراتنا عنهم، حيث نرى الأشخاص الذين ينظرون إلينا أكثر ذكاءً وصدقًا.\n\nيؤدي تبادل النظر إلى إحداث تماهي مؤقت بين الذات والآخر، ويدعم عمليات الوعي بالذات.\n\nاتساع حدقة العين مرتبط بالإثارة الفسيولوجية، وله آثار نفسية على الجاذبية ووظائف الدماغ.\n\nيمكن نقل الانفعالات المعقدة من خلال حركات عضلات العين، مثل تضييق العينين عند الشعور بالاشمئزاز.\n\nالهالات حول القزحية هي علامة على الصحة والشباب، وقد تزيد من الجاذبية.", "label": "لا بد أنك خبرت يوما التقت فيه عيناك بعيني شخص آخر في غرفة تعج بآخرين، وبدا الأمر أشبه بالأفلام، فالعالم كله كأنه اختفى من حولك، ولوهلة التقت الأفئدة وأدركتما أنكما تتبادلان النظر العين في العين."}
{"q_idx": 676, "prediction": "في منطقة حندرات بحلب، أظهر مقطع فيديو جنود معارضة ي围ون طفلا فلسطينيا مرعوبا قبل قطع رأسه. وقع الحادث أثناء معركة بين المعارضة والحكومة للسيطرة على حندرات، وتعتقد جماعة المعارضة \"نور الدين الزنكي\" أنها مسؤولة عن الواقعة وتجري تحقيقًا. أفادت منظمة العفو الدولية في وقت سابق عن انتهاكات من قبل نور الدين الزنكي، المدعومة دوليًا.", "label": "انتشرت على مواقع التواصل الاجتماعي مقاطع فيديو لمسلحين يعتقد أنهم من المعارضة السورية في حلب أثناء قطع رأس طفل في العاشرة من عمره لأنه \"يقاتل إلى جانب القوات الموالية للحكومة السورية\"."}
{"q_idx": 678, "prediction": "قدّر دي كيرتشوف عدد المقاتلين الأوروبيين في سوريا بنحو 500 شخص، مع مخاوف من انضمامهم لجماعات مرتبطة بالقاعدة. بريطانيا وأيرلندا وفرنسا هي الأكثر عددًا. يُعتقد أنهم يتطرفون ويتلقون تدريبات في سوريا، مما يشكل تهديدًا محتملًا عند عودتهم. عززت وكالات الاستخبارات الأوروبية تحقيقاتها الأمنية، ورفعت هولندا مستوى التهديد الإرهابي بسبب المخاوف من مواطنيها العائدين من سوريا. في سياق ميداني، تدور اشتباكات في مطار منغ العسكري بشمال سوريا، حيث سيطر مقاتلو المعارضة على كتيبة عسكرية قريبة.", "label": "قال منسق شؤون مكافحة الإرهاب في الاتحاد الأوروبي جيل دي كيرشوف لبي بي سي إن مئات الأوروبيين يقاتلون حاليا في صفوف المعارضة المسلحة في سوريا ضد حكم الرئيس بشار الأسد."}
{"q_idx": 680, "prediction": "تأهل المنتخب النيجيري لنهائي كأس الأمم الأفريقية بعد فوزه على مالي 4-1، محققًا النصر الأول له في نصف النهائي منذ 13 عامًا. وسجل أهداف نيجيريا كل من ايلديرسون وإيدي وإمينيكي وموسى، بينما أحرز محمد ديارا هدف مالي الوحيد.", "label": "فك المنتخب النيجيري، بطل 1980 و1994، عقدته مع الدور نصف النهائي وبلغ المباراة النهائية لكأس الامم الافريقية للمرة الأولى منذ عام 2000 والسابعة في تاريخه وذلك بفوز كبير على نظيره المالي 4-1 يوم الاربعاء على ملعب موزيس مابيدا في ديربان بجنوب افريقيا."}
{"q_idx": 681, "prediction": "أسفرت الانتخابات الإسرائيلية عن فوز كتلة اليمين بقيادة نتنياهو بـ59 مقعدًا، وهو أقل بمقعدين من الأغلبية. ويبرز حزب \"رعم\" العربي كصانع محتمل للملوك، حيث يتوقع حصوله على خمسة مقاعد. وإذا فشل أي طرف في تشكيل ائتلاف، فقد تجري إسرائيل انتخابات خامسة منذ 2019. وتعتمد نتائج الانتخابات النهائية على دعم \"رعم\" و\"يمينا\" لتأمين أغلبية لنتنياهو أو خصومه. وهذه النتائج لها آثار على مستقبل العلاقة مع الفلسطينيين ومحاكمة نتنياهو بتهم فساد.", "label": "تشير نتائج غير نهائية للانتخابات الإسرائيلية إلى أن رئيس الوزراء بنيامين نتنياهو أمامه عمل شاق لتأمين ما يكفي من المقاعد حتى يتمكن من البقاء في السلطة."}
{"q_idx": 682, "prediction": "تنظم روسيا مناورة \"فوستوك-2018\" بمشاركة 36 ألف دبابة و1000 طائرة و80 سفينة، بالإضافة إلى قوات من الصين ومنغوليا. وتُعد المناورة الأكبر منذ الحرب الباردة وتستهدف التحضير للحروب الكبرى. وتأتي المناورة وسط توترات متصاعدة مع حلف الناتو بعد ضم روسيا لشبه جزيرة القرم ودعمها للانفصاليين في شرق أوكرانيا. وقد أثارت مشاركة الصين مخاوف حول تعميق التعاون العسكري بين موسكو وبكين.", "label": "تبدأ روسيا الثلاثاء أكبر تدريبات عسكرية في تاريخها منذ الحرب الباردة، بمشاركة 300 ألف من عديد قواتها المسلحة وبمشاركة عسكريين صينيين ومنغوليين في سيبريا الشرقية."}
{"q_idx": 683, "prediction": "حذر رئيس وفد جنوب السودان من عواقب فشل محادثات ترسيم الحدود، وأشار إلى عقبة أبيي التي تعيق الاستفتاء على انفصال الجنوب. أكد الرئيس السوداني رفضه لبديل الوحدة، مشيرًا إلى أهمية ترسيم الحدود. عجز الأطراف عن الاتفاق على ترسيم الحدود، الأمر الذي يهدد عملية السلام. اقترحت الولايات المتحدة حلاً باستغناء عن استفتاء أبيي وتقسيم المنطقة، لكن الخلافات مستمرة بشأن ترسيم الحدود ومن يحق له المواطنة في أبيي. يعتزم نائب الرئيس السوداني زيارة جوبا لبحث الخلافات.", "label": "قال رئيس وفد جنوب السودان في المحادثات بين شمال السودان وجنوبه بالعاصمة الاثيوبية بشأن مستقبل منطقة أبيي الغنية بالنفط ان المحادثات بين الجانبين فشلت."}
{"q_idx": 684, "prediction": "احتج سلفيون من دماج على هجمات الحوثيين على بلدتهم مما تسبب في مقتل أكثر من 100 سلفي. وينفي الحوثيون مسؤوليتهم عن القصف على المناطق المدنية، ويؤكدون استهدافهم للمناطق الجبلية التي يتمركز فيها مسلحون أجانب. وتعرقل الاشتباكات الطائفية بين الحوثيين والسلفيين جهود المصالحة بين الحوثيين والحكومة اليمنية.", "label": "قتل 3 اشخاص واصيب 12 بجروح في قصف نفذه مسلحون حوثيون على مدرسة في بلدة دماج بمحافظة صعدة شمالي اليمن، حسبما ذكر ناطق باسم احدى الحركات السلفية في البلدة."}
{"q_idx": 686, "prediction": "يعتقد البعض أن فوز بايدن لن يؤثر في القضايا الرئيسية والمواقف الاستراتيجية. وتناول بايدن معتقداته الكاثوليكية في منشور على وسائل التواصل الاجتماعي، مشيدًا بالنزاهة والكرم ومعاملة الآخرين باحترام ومساواة. وقد زار الكنيسة يوم الانتخابات، مما يعكس اهتمامه بالتقاليد الكاثوليكية. ويواجه بايدن انتقادات من الكاثوليك لأنه من أنصار \"الخيار الحر\"، أي عدم تجريم الإجهاض، وهو ما يُعتبر خيانة لمعتقدات الكنيسة المناهضة للإجهاض. وفقًا لدراسة أجراها معهد بيو للأبحاث، فإن الأصوات الكاثوليكية منقسمة تقريبًا بين بايدن وترامب، مع دعم الكاثوليك البيض لترامب بشكل أكبر والكاثوليك ذوي الأصول اللاتينية لدعم بايدن. وتراجع الانحياز ضد المرشحين الكاثوليك منذ انتخاب جون كينيدي عام 1960، لكن لا يزال يتعين على بايدن إثبات الفصل بين إيمانه وعمله السياسي إذا فاز.", "label": "إذا فاز المرشح الديمقراطي، جو بايدن، بالانتخابات الرئاسية الأمريكية، سيكون أوّل رئيس من المذهب الكاثوليكي يصل إلى البيت الأبيض منذ انتخاب جون كنيدي في عام 1961."}
{"q_idx": 687, "prediction": "يجري وقف القتال في حلب مؤقتًا من الساعة 10 صباحًا إلى 1 ظهرًا للمساعدة في إيصال المساعدات الإنسانية إلى السكان المحاصرين البالغ عددهم مليوني نسمة، منهم 275000 في شرق حلب. وتسببت المعارك في مقتل 130 مدنياً وتدمير البنى التحتية الحيوية منذ يوليو.", "label": "أعلنت وزارة الدفاع الروسية أنه سوف يتم ايقاف إطلاق النار في حلب لمدة 3 ساعات يوميا لاتاحة الفرصة لدخول المساعدات الانسانية إلى المدينة."}
{"q_idx": 688, "prediction": "وكالة الأمن القومي الأمريكية تراقب هاتف ميركل منذ 2002، وفق وثائق حصلت عليها مجلة \"دير شبيغل\". ألمانيا سترسل مسؤولين استخباراتيين إلى واشنطن للتحقيق وتطالب باتفاقية عدم تجسس. الوثائق تكشف عن مركز تنصت في السفارة الأمريكية ببرلين و80 موقعًا آخر حول العالم. ميركل اتصلت بأوباما الذي نفى علمه بالمراقبة.", "label": "أفاد تقرير نشر في مجلة دير شبيغل الألمانية بأن الولايات المتحدة تجسست على هاتف المستشارة الألمانية أنغيلا ميركل منذ عام 2002."}
{"q_idx": 689, "prediction": "اعتقل تنظيم الدولة الإسلامية (داعش) 45 شخصًا من عشيرة الجميلة و170 من عشيرة الجبور بتهمة التجسس. وصدت القوات الأمنية ومقاتلو العشائر في الأنبار هجمات داعش تكبدوا فيها خسائر كبيرة. كما تعرضت قرية جبة لقصف عنيف بقذائف الهاون مما أدى إلى تدمير منازل وجامع دون وقوع خسائر بشرية.", "label": "تصدت قوات الشرطة العراقية مدعومة بمسلحي العشائر لهجوم شنه تنظيم \"الدولة الاسلامية\" على مناطق في مدينة الرمادي بمحافظة الأنبار، وذلك في الوقت الذي اعتقل التنظيم المتشدد العشرات في الفلوجة بتهمة التجسس."}
{"q_idx": 690, "prediction": "يتم اتخاذ تدابير صارمة لضمان سرية عملية انتخاب البابا، بما في ذلك حرق أوراق الاقتراع ومحو خط اليد وتغطية النوافذ وإلغاء الاتصالات الخارجية. تبدأ العملية بخطاب افتتاحي ويمين من الكرادينال الناخبين، ويجب أن يحصل المرشح على ثلثي الأصوات للفوز. في حالة عدم وجود فائز بعد أسبوع، يتم أخذ استراحة ويستمر التصويت لاحقًا. بعد الاختيار، يقبل البابا المنتخب ويتلقى التهنئة ويرتدي زي البابا قبل إعلان النتيجة رسميًا.", "label": "أخيرا وبعد 8 اجتماعات تحضيرية، أجمع الكرادلة على تحديد موعد افتتاح المجمع الانتخابي للبابا الجديد الثلاثاء في الثاني عشر من آذار/مارس، ٢٠١٣."}
{"q_idx": 692, "prediction": "يواجه الرئيس الباكستاني السابق مشرف محاكمة بتهمة الخيانة والقتل في أول محاكمة لقائد عسكري في تاريخ البلاد. وتأجلت المحاكمة بسبب مخاوف أمنية. ويرى بعض الباكستانيين أن المحاكمة محاولة من الحكومة لصرف الانتباه عن المشكلات التي تواجه البلاد، بما في ذلك الأزمة الاقتصادية والنزعة الطائفية والهجمات التي يتعرض لها المواطنون.", "label": "مازالت اتهامات الخيانة تطارد الرئيس الباكستاني السابق الجنرال برفيز مشرف، الذي من المتوقع أن يمثل أمام المحكمة بتهمة خيانة بلاده، بسبب القرارت التي اتخذها عام 2007 بتعليق العمل بالدستور وفرض حالة الطوارئ على البلاد."}
{"q_idx": 693, "prediction": "استبدلت جوجل اسم \"الأراضي الفلسطينية\" باسم \"فلسطين\" على صفحتها الرئيسية، وهي خطوة تثير تساؤلات في إسرائيل. ويأتي هذا التغيير بعد حصول فلسطين على صفة مراقب غير عضو في الأمم المتحدة عام 2012.", "label": "غير محرك البحث العملاق غوغل الوسم الذي يستخدمه على صفحته الرئيسة للدلالة على الموقع الجغرافي الذي يعمل به من \"الأراضي الفلسطينية\" إلى \"فلسطين\"."}
{"q_idx": 694, "prediction": "هدد مقتدى الصدر، زعيم التيار الشيعي، باستئناف الاحتجاجات ما لم يتم الاتفاق على حكومة تكنوقراط خلال 72 ساعة. وبدأ أنصاره بتشييد خيام في ساحة التحرير ببغداد، مطالبين باستقالة الوزراء. كما دعا الصدر رئيس الوزراء، حيدر العبادي، لتصحيح العملية السياسية خلال 45 يومًا. ودعا رئيس الجمهورية إلى اجتماع للرئاسات الثلاث لإنهاء التوترات، بينما يسعى رئيس البرلمان للإسراع في التصويت على قائمة مرشحين للحكومة. وتأتي هذه التطورات وسط حالة من الفوضى السياسية بعد إقالة النواب المعتصمين لرئيس المجلس وتعيين عدنان الجنابي بدلاً منه. وحذر العبادي من أن الأزمة قد تعرقل جهود الحكومة في مكافحة تنظيم الدولة الإسلامية.", "label": "بدأ المئات من أنصار الزعيم الديني مقتدى الصدر التجمع للاعتصام في وسط العاصمة العراقية بغداد للضغط على القيادات السياسية لإقرار حكومة جديدة."}
{"q_idx": 695, "prediction": "حاول زوكربيرغ التقليل من تأثير فيسبوك في انتخاب ترامب، لكن موظفي فيسبوك أنشأوا قوة عمل سرية لمواجهة انتشار الأخبار المزيفة خلال الحملة. نفت فيسبوك توقف برنامج فحص الأخبار المزيفة بسبب آراء محافظة. وذكر زوكربيرغ أن 99٪ من محتوى فيسبوك صحيح، لكن النسبة تم انتقادها لعدم دقتها. كما تواجه فيسبوك انتقادات بسبب حذف محتوى محافظ سابقًا، لكنها نفت ذلك وعزلت العنصر البشري من قسم الموضوعات الرائجة للحفاظ على الحياد.", "label": "ازدادت الانتقادات لموقع فيسبوك للتواصل الاجتماعي بنشر أخبار مزيفة بعد انتهاء الانتخابات الأمريكية، على الرغم من جهود مارك زوكربيرغ الرامية إلى التقليل من دور الموقع في انتخاب دونالد ترامب."}
{"q_idx": 696, "prediction": "أبدى الجربا رئيس الائتلاف السوري المعارض تمسكه بالمشاركة في مؤتمر جنيف بشرط إحراز تقدم عسكري على الأرض. وصرح وزير الخارجية الروسي لافروف باتهام الجربا بإعاقة مؤتمر السلام المقترح؛ فروسيا منعت مشروع قرار لمجلس الأمن يسمح بفريق دولي بالتحقيق في الأسلحة الكيماوية في سورية. ويتهم الائتلاف النظام السوري باستخدام الأسلحة الكيماوية وينفي اتهام روسيا للجيش الحر. كما أشار الجربا إلى رفض النظام السماح لمراقبي الأمم المتحدة بالتحقيق في استخدام الأسلحة الكيماوية.", "label": "نفت المعارضة السورية ادعاءات روسيا بشأن استخدام الأسلحة الكيماوية في إحدى ضواحي مدينة حلب في آذار/مارس، مشيرة إلى أنه يجب السماح لمفتشي الأمم المتحدة بالتحقيق في هذا الهجوم."}
{"q_idx": 697, "prediction": "رفض النشطاء اعتذار نائب رئيس الوزراء بولنت أرينج وطالبوه بحظر الغاز المسيل للدموع وإطلاق المحتجزين وإلغاء خطط البناء في حديقة \"غيزي\". واستمرت المواجهات بين الشرطة التركية والمحتجين مع دخول إضراب اتحاد نقابات القطاع العام يومه الثاني. ألقت الشرطة القبض على 25 شخصًا في مدينة أزمير بتهمة نشر \"معلومات خاطئة\" على موقع \"تويتر\". حثت الولايات المتحدة تركيا على احترام حقوق المعارضين، بينما قال متسللون إنهم سرقوا معلومات سرية من أجهزة كمبيوتر حكومية. اعتبر وزير الخارجية التركي تصريحات أمريكية بشأن الاحتجاجات \"إهانة لتركيا\" كونها \"ديمقراطية من الدرجة الأولى\".", "label": "طالب المتظاهرون في تركيا بإقصاء قادة الشرطة في أنقرة وإسطنبول ومدن أخرى بسبب استخدامهم العنف ضد المتظاهرين."}
{"q_idx": 698, "prediction": "أعلن الجيش الباكستاني عن مقتل القائد في تنظيم القاعدة عدنان شكري جمعة خلال غارة في جنوب وزيرستان. وكان جمعة على قائمة المطلوبين لدى الولايات المتحدة لتخطيطه هجومًا على مترو الأنفاق في نيويورك عام 2009. وتُعزى العملية العسكرية في شمال وزيرستان إلى ضغوط من الولايات المتحدة وفشل محادثات السلام مع طالبان باكستان، مما أجبر المقاتلين على الانتقال إلى أفغانستان أو المناطق القبلية في شمال غرب باكستان، بما في ذلك جنوب وزيرستان حيث لقي جمعة حتفه.", "label": "اكد الجيش الباكستاني السبت انه قتل احد قادة تنظيم القاعدة المطلوب لدى الولايات المتحدة في عملية محددة الاهداف في جنوب وزيرستان معقل طالبان على تخوم افغانستان."}
