{"q_idx": 400, "prediction": "中国党校编辑邓聿文批评中国领导层未能推进民主改革，权力缺乏制衡是许多社会问题的根源。文章强调了十项问题，包括经济改革停滞、收入不平等和污染，指责政府无视网络上的公民权利呼声。", "label": "由国家控制的报纸的一位主编对即将离任的中国领导人发出批评，指责他们政治改革进展甚微。"}
{"q_idx": 401, "prediction": "香港发现禽流感后销毁1.7万只活鸡，禁止鸡只进口和销售三周，将流感警报系统升至“严重”级别，追踪鸡只来源。", "label": "香港证实上周发生了3起禽类死于H5N1禽流感，周三（21日）销毁了1.7万只活鸡。"}
{"q_idx": 402, "prediction": "世界经济论坛报告指出，香港银行业规模较大，占本地生产总值比例高，是其竞争优势之一。尽管整体评分因金融危机而下跌，但香港在金融稳定性排名第三，银行业金融服务排名第一，整体排名较去年上升三级至第五位。", "label": "世界经济论坛（WEF）发表的最新报告称，香港银行业提供的金融服务为全球最佳。"}
{"q_idx": 403, "prediction": "中国关闭美国驻成都总领馆，回应美国关闭中国驻休斯顿总领馆。成都总领馆降旗闭馆，中国接管。美国表示失望，称其为与中国西部民众关系的中心。中方称美国关闭休斯敦总领馆是基于“政治谎言的大杂烩”。美国驻成都总领事林杰伟的夫人，台湾美食作家庄祖宜遭遇网络攻击。", "label": "美国外交人员在周一（7月27日）离开美国驻成都总领事馆，这座位于中国西南部的总领事馆在上周五被中国政府要求关闭。"}
{"q_idx": 404, "prediction": "英国在华为5G问题上犹豫不决，夹在美中压力之间。英国一方面想提升5G网络，但也担心华为技术的安全风险。美国警告称，使用华为技术可能损害信息主权，而华为坚持自己的技术没有风险。英国已采取折衷方案，允许华为有限参与5G建设，但将核心网络排除在外。英国舆论认为，决策者左右为难，得罪一方都会带来损失。", "label": "英国政府本周决定是否在5G网络建设中使用中国华为技术。首相约翰逊（庄汉生）在宣布英国是否将采用华为5G设备技术决定的前夜告诉媒体说：将作出一个既让国人获得新科技实惠，又不让国家安全受到威胁的选择。"}
{"q_idx": 405, "prediction": "全国首起公开纠正死刑冤案，副局长冯志明被免职“双开”待查，真凶赵志红二审待宣判，涉事责任人调查接近尾声。", "label": "中国消息人士向BBC中文网证实，涉及内蒙古呼格吉勒图冤案的呼和浩特市公安局副局长冯志明已被“双开”，但呼市官员出面否认。"}
{"q_idx": 406, "prediction": "反对中缅铜矿的示威者与仰光警察发生冲突，要求关闭矿场，抗议一名女性示威者被枪杀。", "label": "缅甸警方表示，反对中缅合资铜矿的数名抗议者因为举行“违法示威”活动而被起诉。"}
{"q_idx": 407, "prediction": "罗马时期的古代英国人牙龈健康优于现代人，但龋齿问题严重。现代人虽然龋齿问题改善，但牙龈疾病却更普遍，与吸烟和糖尿病有关。", "label": "考古研究发现，生活在“罗马不列颠”时期的英国人的牙龈，比现在英国人的要更健康。"}
{"q_idx": 408, "prediction": "利物浦放弃引进瓦尔德斯，后者将前往曼联训练。皇马拟正式签约埃尔南德斯，切赫欲离切尔西加盟贝西克塔斯，默特萨克批评阿森纳队友缺乏斗志。", "label": "利物浦暂时放弃签约前巴塞罗那门将瓦尔德斯——《利物浦回声报》"}
{"q_idx": 409, "prediction": "国务卿克里首次外访，将访问包括叙利亚、伊朗以巴冲突在内的多国外交热点话题。", "label": "美国新任国务卿克里周日（2月24日）启程前往伦敦，开始为期11天的出访。"}
{"q_idx": 410, "prediction": " 香港白皮书宣示中央全面掌控香港，香港媒体认为这是香港回归17年来中央对港权力阐述的分水岭，质疑中央全面管制下的香港是否是国家需要的香港。", "label": "香港各大报章在周三（6月11日）均纷纷发表社评，就国务院新闻办前一天发表的《“一国两制”在香港特别行政区的实践》白皮书做出评论。"}
{"q_idx": 411, "prediction": "枪手和红军本赛季展现夺冠实力。枪手的阵容受限，习惯攻势足球，容易受伤病困扰。然而，足总杯对枪手比欧冠更重要。红军敢于启用少帅罗杰斯，凭借坚韧素质和球迷期待，有望赢得英超冠军。", "label": "两支红色军团，一支八年无奖杯，一支期盼英超冠军 24 年；一支在温布利凭借点球击败了维冈竞技，一支在安菲尔德险胜客场挑战的曼城。阿森纳和利物浦在周末向冠军梦想迈进了一步。 迈进决赛的心酸"}
{"q_idx": 412, "prediction": "今年金马奖影帝为涂们，影后为惠英红。两岸电影合作与竞争良好，台湾演员和电影获得认可。金马奖为敏感或小众电影提供展示平台。两岸电影交流仍有障碍，如台湾电影需抽签才能在大陆上映，大陆电影需取得公映许可证才能在台湾上映。", "label": "（注：本文不代表BBC观点和立场） 台湾主办的\"华语\"电影金马奖颁奖典礼落幕，在两岸关系停滞的现在已经很难看到这种气氛和乐的两岸三地人士共聚一堂的场合。"}
{"q_idx": 413, "prediction": "大学生选宿舍优先考虑卫浴单间、无线上网、公共空间，以及地点、安全、价格、整洁度等因素。大学和私人投资者正在建设或改造宿舍楼以满足需求。", "label": "英国大学生选择宿舍，首要考虑带有卫浴设备的单人房，最好还能无线上网。"}
{"q_idx": 414, "prediction": "英国警方逮捕第六名曼彻斯特竞技场爆炸案嫌疑人，该爆炸案已造成 22 人死亡、64 人受伤。嫌疑人萨勒曼·拉马丹·阿贝迪的兄弟伊斯梅尔在曼彻斯特被捕，他的父亲和另一个兄弟在利比亚被拘押。警方正在调查该袭击背后的网络，并已将恐怖威胁等级提高至最高级别。纽约时报发布了据称是英国当局收集的爆炸现场图片，这引起了英国当局的愤怒。", "label": "曼彻斯特竞技场怀疑自杀袭击事件发生后，英国警方已逮捕第七名犯罪嫌疑人，警方并称在调查爆炸案幕后的\"网络\"。"}
{"q_idx": 416, "prediction": "香港政府与学生代表举行第三次筹备会议，同意公开对话，时间和地点待定。学联对政府限制议题范围表示失望，认为政府缺乏诚意。金钟仍有“占中”与“反占中”人士对峙。", "label": "香港学联与特区政府代表周二（7日）同时宣布，双方将于周五（10日）下午4点展开对话。"}
{"q_idx": 417, "prediction": "克格勃曾利用歌剧邀请促成时任英国首相布莱尔与普京会面，帮助普京展示政治实力。前军情六处首脑迪尔拉夫爵士表示，此次邀请可能是为普京“抛光”，当时西方国家普遍看好普京。不过，随着普京政权实质面貌显露，英俄关系急转直下。英国认为，普京应对前俄罗斯间谍在英国被毒杀事件负责，英俄关系跌至新低点。", "label": "在英国指责俄罗斯总统普京一手策划诺维乔克神经毒剂攻击，英俄关系陷入冷战结束以来最低点之际，英国情报机关军情六处（MI6）前首脑一语惊人。"}
{"q_idx": 418, "prediction": "据信俄罗斯已为斯诺登颁发证件，以证明其避难申请正在处理中，斯诺登凭此可入境俄罗斯。", "label": "俄国媒体称，前美国情报人员斯诺登将获得官方证件，离开莫斯科谢列梅捷诺国际机场。"}
{"q_idx": 419, "prediction": "买房后发现房屋有严重缺陷会带来极大损失。在购买前进行专业房屋检测，并取得卖家和保险公司的相关证明以保障自身利益。如发现问题，可拍照记录并联系相关方索赔。若协商无果，可考虑法律途径，但应注意仲裁和诉讼成本及风险。", "label": "当雪琳·法鲁塔（Sheilyn Faluta）今年7月买到自己的第一套房子时，她完全没想到还要在两个月内再支付好几万美元的维修费。"}
{"q_idx": 420, "prediction": "马英九支持香港民众争取普选，认为中国大陆应让一部份人先民主化，促成两岸双赢。但他批评台湾抗议团体不民主，导致社会对立和国会审议受阻。", "label": "兼任国民党主席的台湾总统马英九在庆祝双十国庆节的讲话上，支持港人眼下仍持续的争取普选行动，但他同时否定台湾民众对其发动的抗议。"}
{"q_idx": 421, "prediction": "谷开来涉嫌故意杀害英国商人海伍德案将于合肥中院开审，此前媒体通稿发布后中国网上相关讨论受到屏蔽。 分析认为审判具有政治色彩，有网民质疑谷开来是否能得到公平审判，并对审判信息保密和对外开放的差异提出疑问。", "label": "在中共重庆市委原书记薄熙来之妻谷开来涉嫌谋杀案即将开审之际，种种迹象显示中国当局对媒体与网络空间的讨论实行噤声。"}
{"q_idx": 422, "prediction": "BBC逍遥音乐会终场之夜将演奏《统治吧！不列颠尼亚》，但不会演唱歌词，引发英国社会对殖民历史和黑人平权运动的反思。有人认为这首歌宣扬种族主义，应被禁止，而另一些人则认为它是历史传承的一部分。BBC决定只演奏音乐不演唱歌词，被批评为“忘本”。", "label": "BBC英国广播公司夏天举办的逍遥音乐会（BBC Proms）每年都是全英国的一大音乐文化盛事，而终场之夜堪称这一活动的高潮。"}
{"q_idx": 423, "prediction": "白皮书概述苏格兰独立建国的方方面面，包括经济、军事、外交、社会和文化。其中关键要点包括：\n* 独立苏格兰可能继续使用英镑，拥有独立金融政策。\n* 苏格兰将作为北约独立成员国，拥有自己的军队，并寻求最快移除核潜艇。\n* 苏格兰将保留君主立憲政体，留在欧盟，不加入欧元。\n* 苏格兰将实施新的移民政策，提供免费托儿服务，并建立新的公共广播机构。", "label": "“这不仅是为苏格兰，也为所有展望独立的地区”。难怪中国记者也来到了格拉斯哥。苏格兰的独立要求从1707年苏格兰与英格兰签署联合条约（Act of Union）那天起就开始了。"}
{"q_idx": 424, "prediction": "中国否认武力袭击越南渔船，称驱逐其在西沙群岛海域非法捕捞是合法正当的，并要求越南尊重中国对西沙群岛的主权，停止非法侵渔。", "label": "中国外交部表示，中方驱逐西沙群岛海域越南渔船“完全正当合法”。"}
{"q_idx": 425, "prediction": "特朗普承认奥巴马出生于美国，指责希拉里2008年发起谣言，而他终结了这出“丑剧”。然而，没有证据支持特朗普对希拉里的指控，而奥巴马的出生地仍然影响着非裔美国选民的投票意向。", "label": "此前一直对有关美国总统奥巴马出生地存有质疑的唐纳德·特朗普（Donald Trump）终于承认，他相信奥巴马是出生在美国。"}
{"q_idx": 426, "prediction": "台湾政府表示，台湾人在中国设籍将丧失台湾公民身份。即使有“惠台31条”政策，但对于在大陆发展的台湾人，政府仍担忧会被统战拉拢。在两岸关系下，“脱台者”人数可能还会增加，未来甚至可能不当台湾人改当中国人。", "label": "在英国人脱欧、朝鲜人脱北之后，最接近类似概念的新词语应该算是“脱台者”。谁是“脱台者”？“脱台者”又引起哪些争议？"}
{"q_idx": 427, "prediction": "中纪委调查山西政协副主席令政策和副省长杜善学，令政策系令计划之兄。", "label": "中国官方媒体周一（6月21日）引述中共中央组织部负责人证实，山西省委常委、副省长杜善学和山西省政协副主席令政策已被免去领导职务。"}
{"q_idx": 428, "prediction": "候任特首梁振英就六四事件保持沉默，引发各界批评。梁于1989年曾谴责军队镇压，但现称邓小平比异见人士刘晓波更值得诺奖，被指“变色龙”。支联会主席李卓人斥其“出卖良心”。", "label": "候任香港特首梁振英对六四事件态度的转变引起强烈批评。"}
{"q_idx": 429, "prediction": "美国加大亚太军力应对中国崛起，保持地区稳定。", "label": "美国国防部副部长阿士顿·卡特星期四（3月8日）表示，美国将调派更多军力前往亚太地区，其中包括一艘航空母舰。"}
{"q_idx": 430, "prediction": "新加坡在TIMSS国际排名中名列前茅，因其重视教育而闻名。相反，尽管英国进行了教育改革，但英格兰学生的成绩并未提高。", "label": "根据独立的教育研究机构“国际教育成就评价协会”（IEA）最新公布的“国际数学和科学评测趋势”（TIMSS）测试结果，新加坡的中小学生在数学和科学科目的测试中取得了最佳成绩。"}
{"q_idx": 432, "prediction": "疫情期间居家办公令市中心办公大楼空置，导致周边零售和餐饮业萧条。呼吁政府采取措施让员工重返工作场所，支持地方经济。同时，居家办公可能成为新常态，科技公司等已宣布实施灵活工作制，平衡企业成本与员工福利。", "label": "新冠病毒疫情期间，许多人不进办公室而是在家工作，如果长期持续这个情况，市中心将变成空无一人的鬼城。"}
{"q_idx": 433, "prediction": "巴西石油公司因贪腐损失148亿美元，面对亏损和股价下跌的困境。", "label": "深陷贪污丑闻的巴西国家石油股公司Petrobras公布去年亏损72亿美元，其中20亿元损失与贪污有关。"}
{"q_idx": 434, "prediction": "潘，一位 25 岁的中国公民，加入叙利亚库尔德民兵组织 YPG，对抗“伊斯兰国”组织，但他面临语言障碍和武器不足等困难。", "label": "一名中国公民向BBC中文网表示，他今年10月只身前往叙利亚北部边境城市科巴尼，加入叙利亚库尔德民兵组织人民保护联盟（YPG），这是迄今为止加入这一组织反抗“伊斯兰国”的首位中国公民。"}
{"q_idx": 435, "prediction": "俄罗斯前领导人戈尔巴乔夫批评普京“阉割”俄罗斯民主，担忧俄罗斯未来发展停滞不前。", "label": "戈尔巴乔夫批评俄国总理普京“阉割”俄国选举体制，并说普京不应争取再次出任总统。"}
{"q_idx": 436, "prediction": "旅游大巴将游客带到了错误的目的地，比计划晚了24小时。由于GPS导航错误，大巴本来要去法国阿尔卑斯山的滑雪胜地，却开到了法国西南部的同名小镇。尽管延误，游客们以乐观看待此次意外之旅。", "label": "由于一位旅游大巴司机使用卫星导航仪时出现疏忽，比利时的一批旅游者绕道一千多公里，被送到距离目的地600公里的地方。"}
{"q_idx": 438, "prediction": "中美最新贸易谈判取得“新进展”，但具体内容未公布。美国表示谈判“富有成果”，特朗普暗示接近达成协议。谈判重点包括知识产权保护、服务业和技术转让，但执行保障和关税解除仍存在分歧。", "label": "中美贸易团队周四周五在北京进行了两天谈判。这是美国3月2日宣布暂停对2000亿美元中国输美商品进一步加征关税后，双方第一次面对面谈判。"}
{"q_idx": 439, "prediction": "奢侈品牌青睐金色，将其应用于手机、鞋履和手表等产品中，彰显尊贵和华美。金色在西方服饰史上一直扮演着重要的角色，象征着皇族贵胄和财富地位。现代时尚中，金色仍广泛运用，并带有仪式感，如圣诞节主题色之一。", "label": "金色苹果手机在中国大卖，点燃人们对“土豪金”相关话题的热议，也引起西方广泛关注，希望管中窥豹，通过小小颜色，观察这个新兴大国的社会现状。而金色在时尚圈和历史上，则一向是经久不息的热点。 金色潮流"}
{"q_idx": 440, "prediction": "美国副国务卿多尼伦访问北京会见范长龙，强调非传统军事合作将增进两军信任。此行主要目的是为习近平-奥巴马峰会做准备，峰会将讨论网络安全、朝鲜核计划、亚太局势等问题。", "label": "美国国家安全事务顾问多尼伦周二（5月28日）表示，希望中美两国进一步加强军事关系。"}
{"q_idx": 442, "prediction": "拜登在海军学院毕业典礼上宣布，美国将重心转向亚太地区，并表示美国海军将赴该地区“保卫和平”。中国在南海的行动被认为给该地区带来了新挑战。拜登表示，60%的美国海军力量将在2020年部署在亚太地区。美国军机在南海巡航引发中国警告，中美双方对此各执一词。", "label": "美国副总统乔·拜登（Joe Biden）向美国海军军校毕业生表示，中国在南海的行动正在令亚太区和平面临考验，而美国至2020年会将60%的海军驻扎在亚太区。"}
{"q_idx": 443, "prediction": "贾斯廷·特鲁多，前总理皮耶·特鲁多之子，击败现任总理哈珀，成为加拿大新总理。特鲁多是一位受人尊敬的活动人士，关注环保、少数民族和难民问题。他主张“求新求变”，包括提高富人税率、大麻合法化和投资基建。", "label": "在贾斯廷·特鲁多（杜鲁道）的领导之下，加拿大自由党成功地说服选民、从保守党手中夺回了政权。"}
{"q_idx": 444, "prediction": "保持均衡饮食至关重要。避免过度食用饱和脂肪，但也不要将其完全排除在外。水果和蔬菜是维生素和矿物质的良好来源，应每天摄入。全麦食品和鱼类富含纤维和蛋白质。地中海饮食模式有利于心脏健康。零食应选择水果，果汁应适量饮用。地中海饮食强调水果、蔬菜和鱼类，限制加工食品和甜食。", "label": "一直以来，地球人似乎都知道饱和脂肪对心脏不好。但这个自七零、八零年来以来广为流行的说法，如今受到挑战。科学家们指出，官方建议的饱和脂肪摄入量其实只建立在支离破碎的证据基础上。"}
{"q_idx": 445, "prediction": "远程办公兴起，引发对身心健康、企业运作和城市面貌影响的担忧。专家建议，管理者需要适应新的环境，重视沟通协调，以有效管理远程员工。尽管远程办公看似节约成本，但长期来看可能损害效率和忠诚度。技术进步可能取代部分人类工作，但同理心等软技能面临风险。远程办公可能会模糊工作与生活的界限，既带来自由，也带来随时待命的压力。", "label": "在我们的增强现实（Augmented Reality）专栏中，BBC Capital 探索了你在不远的将来可能遇到的场景。我们首先会探讨一个问题：倘若在你每周40小时的工作时间内，完全不跟其他同事面对面相处，将会是一种怎样的感受。"}
{"q_idx": 446, "prediction": "伊朗反政府抗议爆发，已致十人死亡。伊朗总统鲁哈尼表示将处理违法的抗议者，并否认抗议由外国势力挑起。美国总统特朗普支持抗议，称伊朗人民渴望自由。分析人士认为，抗议者主要关注民生问题，尚无革命迹象，特朗普干预内政不当。", "label": "伊朗各地持续几天的反政府示威已造成多人死亡，经济问题会演变为政治问题甚至国际问题吗？"}
{"q_idx": 447, "prediction": "2014年英联邦运动会火炬接力启动，女王将亲笔致辞放入火炬棒中。火炬棒将历经288天，跨越71个英联邦国家和地区，于2014年7月23日抵达格拉斯哥运动会现场。最后一名接力手将把女王致辞交给女王朗读，宣布运动会开幕。", "label": "英国女王伊丽莎白二世周三（9日）在白金汉宫启动2014年格拉斯哥英联邦运动会火炬传递仪式。"}
{"q_idx": 448, "prediction": "埃及最高宪法法院举行塞西宣誓就职仪式，塞西在大选中以 96.9% 得票率获胜，但投票率低于 50%。塞西的反对者担心国家重归独裁，专家警告他必须兑现承诺。塞西面临经济振兴、政治危机化解和贫困解决的挑战。", "label": "前埃及军方将领阿卜杜勒-法塔赫·塞西5月在大选中以压倒优势获胜，周日（6月8日）宣誓成为埃及新总统。"}
{"q_idx": 449, "prediction": "古巴为吸引外资，下调所得税至15%并免税8年，旨在振兴低迷经济。", "label": "古巴国民议会29日通过一项新法案，向外商投资进一步敞开大门。"}
{"q_idx": 450, "prediction": "苏格兰独立公投结束，计票连夜进行。苏台人士观摩公投，认为英国尊重住民自决值得仿效。公投背景为社会平等、福利和年轻人未来。支持独立者认为独立可保福利，支持留英者担忧不确定后果。", "label": "苏格兰独立公投的投票周四晚间10时结束，从早上投票开始，选民就络绎不绝的前往投票站投票。"}
{"q_idx": 451, "prediction": "中欧关系持续演进，分歧仍存（市场地位、人权、军售）。\n\n欧盟内部分歧加剧，对华批评声音减弱。\n\n中国经济发展保障生存权和经济自由。\n\n英国脱欧加速欧盟战略调整。\n\n中国“一带一路”战略获欧洲支持。\n\n美国全球领导力下降，中欧成气候变化领导者。\n\n中欧经贸关系稳固，利益高度交融。", "label": "欧盟首次未在联合国人权理事会上发表声明批评\"中国等国侵犯人权\"，显示出在国际经济和政治格局变化下中欧关系也在经历时代性的变动。"}
{"q_idx": 452, "prediction": "曼联球星鲁尼迎来28岁生日，过去与弗格森冲突引发离队传闻。现任主帅莫耶斯给了他新生，鲁尼表示：“这些都已过去，我要放眼未来。”在曼联1-0皇家社会后的采访中，鲁尼称赞球队表现，表示要为下一场比赛争取更舒服的胜利。", "label": "曼联前锋鲁尼称自己在主帅莫耶斯手下获得新生。"}
{"q_idx": 453, "prediction": "中国成功发射搭载嫦娥三号探月器的长征三乙运载火箭，计划在月球软着陆并开展三个月探测任务。这是继前苏联和美国之后，中国成为掌握月面软着陆技术的第三个国家。", "label": "中国在北京时间凌晨01:30（格林尼治标准时间17：30）成功发射了搭载着嫦娥三号探月器和月球车玉兔的运载火箭。"}
{"q_idx": 454, "prediction": "2012年英国是欧盟公民资格发放最多的国家，印度裔移民获得的公民资格最多。英国正努力减少移民人数，并收紧公民资格申请。", "label": "2012年，英国成为欧盟国家给与新移民公民身份最多的国家，占总数的四分之一。"}
{"q_idx": 455, "prediction": "黄金周期间，中国多地旅游景点人满为患，海外旅行团报名激增，全国公路出行6.47亿人次。高速公路节假日免收费政策首次实施，避免了严重拥堵。有评论指出，免费不应成为拥堵的替罪羊，并强调分流人群和经济发展的重要平衡。报道还显示，河南一条公路桥在超期收费16年后正式免费。", "label": "星期一（10月8日）的中国报章总结了一连八日的中秋国庆黄金周假期。"}
{"q_idx": 456, "prediction": "福建同安人李栋梁曾任厦门市分管工业副市长，早年从军，后长期在福建工作。自幼习武，精通多种拳种，曾获武术比赛最佳技术奖。", "label": "中共中央纪委网站周三（18）日发布消息称，中国福建省厦门市副市长李栋梁涉嫌严重违纪，目前正接受组织调查。"}
{"q_idx": 457, "prediction": "71岁高瑜涉嫌泄露国家机密被判5年，目前暂予监外执行。一审曾判7年，二审考虑高瑜认罪及健康状况从轻处罚。高瑜曾多次被关押，其儿子担忧她能否活到刑满释放。", "label": "中国异见人士高瑜被控涉露国家机密案在周四（11月26日）二审改判为有期徒刑五年，剥夺政治权利一年，监外执行。"}
{"q_idx": 458, "prediction": "俄罗斯否认参与乌克兰东部亲俄武装团伙活动，声称其为当地自发行为。但有证据表明，这些行动经过专业组织，可能由特种人员主导，旨在激化局势并挑战基辅政府控制力。俄罗斯外交部长警告称，如果乌克兰当局不能恢复秩序或使用武力解决问题，将承担责任。而西方则计划对俄罗斯实施更多经济制裁。随着乌克兰总统大选临近，局势仍存在不确定性，可能导致进一步动荡和外交努力受阻。俄罗斯和西方之间的关系正在悄然恶化。", "label": "一连几周基辅当局都在担心俄罗斯入侵。西方势力也在警告莫斯科从乌克兰边境撤回已经集结的军队。"}
{"q_idx": 459, "prediction": "中美两党高层在北京会面，强调“一个中国”，愿在该框架内协商。习近平对台湾“中华民国”和“马习会”态度积极开放。", "label": "中国国家主席习近平周二（18日）在北京会见到访的台湾前副总统连战，并表示北京尊重台湾民众选择的社会制度与生活方式。"}
{"q_idx": 460, "prediction": "日本货轮与塞拉利昂注册货轮相撞，造成5名日本船员死亡。塞拉利昂船员夏洪波因涉嫌业务过失致人死亡被逮捕。", "label": "日本海上保安部就东京附近海域发生的一起货轮相撞事故逮捕了一名中国籍海员。"}
{"q_idx": 462, "prediction": "英国提高投资移民门槛至 200 万英镑，取消房产投资政策。企业家移民申请增加，可能成为中国移民新趋势。", "label": "随着2014年末T1移民各项新政策的出台，投资移民和企业家移民两类签证都出现了一些新趋势和新变化。 投资移民"}
{"q_idx": 463, "prediction": "出国留学可拓宽人生观和世界观，促进思维多元化和独立性。留学经历增强适应能力、独立解决问题的能力，培养宽容、尊重和积极的心态。这些影响将伴随一生。", "label": "问：出国留学一趟，会给人带来哪些影响？"}
{"q_idx": 464, "prediction": "澳大利亚在南海上空进行海上巡逻，目的是维护安全稳定。中国外交部强调南海航行自由无问题，希望其他国家勿横生枝节。此前，BBC报道澳大利亚军机在南海进行“航行自由”飞行，中方强调拥有南海主权，他国行使航行自由时应尊重中国主权。", "label": "针对BBC报道的澳大利亚参与南海上空飞行活动，中国外交部周二（12月15日）警告称：“不要横生枝节，给南海平添复杂因素”。"}
{"q_idx": 465, "prediction": "一年前波士顿马拉松爆炸案纪念活动举行，副总统拜登和市长沃尔什等出席，赞扬幸存者和救援人员。2015年赛事安全将加强，嫌疑人特萨尔纳伊夫将于11月出庭受审。", "label": "美国城市波士顿星期二（4月15日）举行活动，缅怀一年前波士顿马拉松爆炸攻击事件的死难者，表彰幸存者和这座城市的居民表现出的勇气。"}
{"q_idx": 466, "prediction": "复活节起源于教会对春分后第一个星期日的规定，象征光明战胜黑暗。然而，其具体日期曾有争议，直至格利高里日历颁布才统一。现代复活节已商业化，彩蛋和兔子成为促销商品，巧克力蛋消费量逐年增加。", "label": "复活节（Easter）又称主复活日，是西方国家的一个重要节日。它的起源和历史跟宗教有关，是纪念耶稣被钉在十字架上第三天复活的日子。"}
{"q_idx": 467, "prediction": "默克尔\"开放门户\"政策导致难民涌入，引发国内批评。德国部署军队应对紧急情况。匈牙利总理警告欧盟\"基督教基础\"受到威胁。因踢绊难民被解雇的匈牙利女记者道歉，称出于惊恐，并非\"冷酷的种族主义者\"。", "label": "国际移民组织说，今年已经有43.3万难民和移民越过地中海。该组织说这个数字是个新纪录，是2014年的数字的两倍。"}
{"q_idx": 468, "prediction": "2013年中国亿万富豪人数增长3%，达到6.45万人。富豪主要分为企业主、炒房者和职业股民三种类型。过去一年，海外置业成为富豪投资首选。富豪幸福感偏低，健康状况堪忧，工作与生活失衡。", "label": "中国胡润研究院的最新报告称，受国家经济增长放慢影响，去年中国千万富豪与亿万富豪的增长速率创下五年低位。"}
{"q_idx": 469, "prediction": "英国校园有大量新奇的学生社团，如海盗酿蜜酒社、超级马里奥卡丁车社等，为学生生活增添乐趣。这些社团打破刻板印象，鼓励学生展现自我，缓解压力。", "label": "新生们口袋里装着贷款准备上大学，关注点却是学校里最古怪的学生社团。"}
{"q_idx": 470, "prediction": "戴耀庭表示不会抛弃学生，谴责警方过分使用武力。示威者批评戴耀庭等人未及时到场，戴表示理解，并感激学生努力。陈健民呼吁市民到场守护学生，香港警方拘捕13名示威者，行政会议召集人林焕光表示理解学生诉求，政改民意关注组成员施永青担忧香港发展。", "label": "香港“占领中环”运动发起人陈健民和戴耀庭，以及天主教香港教区荣休主教陈日君，星期六（9月27日）上午前往香港政府总部外的添美道声援留守的示威学生。"}
{"q_idx": 471, "prediction": "东萨郡中彩率最高，每 1238 人中就有 1 人中奖 5 万英镑以上。英格兰东北部中奖率也相对较高，缓解了经济困难。但全国各地都有百万元以上大奖得主，表明全国各地都有好运。", "label": "来自英国全国彩票公司（National Lottery）的统计数据显示，在英格兰东南部东萨郡（Essex）的罗姆福德镇（Romford）购买到的彩票赢得最多次数的奖项。"}
{"q_idx": 472, "prediction": "延安文艺座谈会《讲话》抄写引发争议，参与者被指“向扼杀文艺自由绞架顶礼”。有者认为抄写是对毛泽东左倾文艺思想的歌颂，支持者则认为纪念《讲话》有助于抵御资本主义文化堕落。", "label": "为纪念毛泽东《在延安文艺座谈会上的讲话》发表７０周年，中国作家出版社推出了《“讲话”百位文学艺术家手抄珍藏纪念册》的活动引发激烈争议。"}
{"q_idx": 474, "prediction": "英国新星Conor Maynard推出第二支单曲《Vegas Girl》，排名第四，发行处女专辑《Contrast》。", "label": "本周排行榜前10名中有两首新歌，两首上升，3首位置不变。"}
{"q_idx": 475, "prediction": "稀土并非土壤，而是 17 种化学元素的总称，也被称为稀有金属矿物。中国拥有约三分之一的全球稀土储量。稀土是高科技电子和军工产品不可或缺的原材料。美国严重依赖中国稀土供应，关税战中未对稀土征税。中国暗示可能限制稀土出口引发市场关注，但若完全切断供应也会伤害自身市场。中国正在调整稀土产业发展战略，整顿行业规范、加大生态治理、推动绿色开发，还计划促进高端产业应用。", "label": "中美贸易战持续之际，北京示意正在制定稀土战略，中国不会拿稀土资源要挟世界，但贸易战语境下的“稀土牌”并非无稽之谈。"}
{"q_idx": 476, "prediction": "金星作为跨性别者，事业初期因性别受阻，后凭借主持《金星秀》风靡一时。但《金星秀》因不明原因停播。金星回忆变性手术后险些致残，但坚强复出。她主持《中国式相亲》，引发争议，评论认为其加深男尊女卑思想。金星解释，节目旨在探讨中国婚姻观念，女性仍需自立以争取话语权。为解决养子户口问题，金星与丈夫离婚。现户口已解决，准备复婚。", "label": "28岁做变性手术前，金星是中国国内顶尖的舞蹈家，她成立了中国第一家私人现代舞团。在电视综艺领域，用金星自己的话说：“我也做得风生水起。”"}
{"q_idx": 477, "prediction": "52 岁中国公民孙伟疑非法向中国出口高级碳纤维，用于航天和军工领域。另一名美国公民何思雄因涉嫌为中国公司非法开发特殊核材料在美国被起诉。美国司法部强调，出口此类材料须经许可，并警告称逃避法律获取敏感核技术是其国家安全工作的重点。", "label": "美国司法部星期四（4月14日）发表声明，分别公布了涉及一名中国公民以及涉及一家中国公司和一名美籍华人的两起危害美国国家安全的案件。"}
{"q_idx": 478, "prediction": "复星国际认购 Thomas Cook 股份，推动其股价上涨 16%。复星计划增持 Thomas Cook 股份至不超过 10%，此举将加强复星在欧洲度假市场的份额，并助其拓展中国市场。", "label": "中国民营企业复星国际斥资9190万英镑认购了英国休闲旅游集团Thomas Cook 5%的股份。"}
{"q_idx": 479, "prediction": "剑桥大学开设实验小学，招收 4 岁幼儿，为实习教师提供师资培训和教育研究，采取多元化入学模式。", "label": "剑桥大学计划开设实验小学，提供实习老师在实际的课堂环境下培训。"}
{"q_idx": 480, "prediction": "因肺结核无法从军，二战后奥威尔为英国文化协会撰写一篇赞美英国料理的文章。该文章因批评餐馆饮食而被退稿，后来在《旗帜晚报》删减刊发。奥威尔从早餐到下午茶再到晚餐，全面介绍英式料理，驳斥了其“简单、厚重”的刻板印象，认为英国饮食美味多样，茶文化尤其讲究。", "label": "写文章投稿被拒不稀奇；退稿信通篇都是歉意也不稀奇，但文稿被拒之后73年收到编辑部的公开道歉，原文配上当年的退稿信全文发表，却很罕见。"}
{"q_idx": 481, "prediction": "美国批评德国出口导向增长模式对欧元区经济造成伤害。德国为其贸易顺差辩解，称其为经济竞争力和全球需求的结果。作为欧元区头号经济体，德国的出口是其关键优势，尽管内需有待提高，但预计仍将引领欧元区增长。", "label": "美国批评德国经济增长模式过于倚重出口驱动之后，德国予以反驳，称华盛顿的说法“令人费解”。"}
{"q_idx": 482, "prediction": "前国际足联执委班·哈曼被指控向官员行贿，以支持卡塔尔申办 2022 年世界杯。虽然卡塔尔否认了这一指控，但国际足联面临重新投票的压力。 FIFA 正在调查此案，如果发现确凿证据，可能会重新投票。", "label": "国际足联FIFA副主席吉姆·博伊斯表示，如果卡塔尔受贿指称证明属实的话，他支持重新投票为2022年世界杯寻找新的主办国。"}
{"q_idx": 483, "prediction": "乌克兰示威者占领司法部，设路障，要求紧急状态。司法部长表示可能要求实施紧急状态。示威者声称占领司法部是象征性行动，政府已无司法权。乌克兰各地已有10座城市政府大楼被占领。", "label": "乌克兰司法部长鲁卡许警告占领该部大楼的示威者，或将宣布全国进入紧急状态。"}
{"q_idx": 484, "prediction": "日本在展示中国侦察机照片后，指责中国单方面扩大防空识别区，刺激了紧张局势。日本计划与其他不满中国此举的国家联合应对，将召见中国大使抗议。韩国也对中国防空识别区与韩国防空识别区重叠表达了担忧。分析人士认为，中国划设防空识别区的目的之一是试探美国对日本安保条约的承诺程度。日本媒体还探索了中国设立防空识别区的意图，包括巩固习近平政权基础。", "label": "日本正谋求联手所有对中国划设东海航空识别区表示遗憾的国家或地区共同斗争的战略应对。"}
{"q_idx": 485, "prediction": "习近平强调“中国梦”必须走社会主义道路，弘扬爱国精神，凝聚中国力量。 实现“中国梦”需共同奋斗，每个人都有成长与进步的机会。网友热议“中国梦”，期待政府重视民生、保障人权。", "label": "中国国家主席习近平在12届人大会议闭幕式上详细阐述中国梦，并称中国梦归根到底是人民的梦，必须紧紧依靠人民来实现。"}
{"q_idx": 486, "prediction": "朝鲜火箭发射或因技术原因推迟。日本首相野田及相关大臣提前到岗，采取严密监视措施。日本在东京和冲绳部署防空系统，并成立危机管理中心协调信息。野田宣布大臣将不参加竞选活动。朝鲜电台称谨慎研究发射时机，传出可能推迟发射。", "label": "日本内阁周一（12月10日）早上进入了戒备状态，以防朝鲜发射失败、零部件可能落在日本。"}
{"q_idx": 487, "prediction": "俄罗斯图-154飞机飞往叙利亚途中坠毁黑海，机上92人全部遇难，其中包括64名亚历山德罗夫红旗歌舞团成员和9名记者。", "label": "俄罗斯国防部证实，军方一架图-154型飞机从黑海度假城市索契起飞20分钟后坠落黑海。"}
{"q_idx": 488, "prediction": "台大教授联署声援北大教授夏业良，指责北大解聘夏业良摧毁学术自由，要求校方致电北大恢复其教职。台大校方表示不予置评。民进党呼吁台湾学术机构在与大陆交流时将保障学术自由程度列为考量标准之一。", "label": "北京大学在台湾姊妹学校--台湾大学的20多名教授举行联署，要求学校抗议北大解雇夏业良。"}
{"q_idx": 489, "prediction": "四川省委原书记周永康旧部、海南省副省长谭力落马，与周案有关。谭力是海南省今年落马的第二位副省长。法新社称，谭力因涉周案被限制出境。", "label": "中共中央纪委监察部周二（7月8日）发布消息，海南省常委、副省长谭力涉嫌严重违纪违法被调查。"}
{"q_idx": 490, "prediction": "美联储一致决定加息，以应对强劲的经济增长和就业率。美联储预计明年加息三次，且对经济前景持谨慎乐观态度。美元上涨，中国人民币兑港元大幅下跌，港股恒生指数下跌1.67%。", "label": "美国联邦储备委员会（Fed）美国东部时间周三下午宣布，将联邦基金利率上调0.25个百分点。这是美联储在过去十年中的第二次加息，上一次加息发生在去年年底，加息幅度也是0.25%。"}
{"q_idx": 491, "prediction": "比尔·盖茨在北京厕所博览会上展示瓶装粪便，倡导厕所革命，认为高科技厕所可挽救数百万生命，市场潜力巨大。", "label": "据说，中国有四T禁忌：天安门（Tiananmen）、台湾（Taiwan）、西藏（Tibet）和厕所（toilet）。"}
{"q_idx": 492, "prediction": "特易购公布超市浪费数据，显示蔬菜沙拉、面包糕点和苹果浪费严重。为减少浪费，特易购推出措施，包括减少蔬菜沙拉包装大小，取消“买一送一”等。此外，还与果农合作延长水果保鲜时间，提供保存食物小贴士。", "label": "英国主要连锁超市之一的特易购（Tesco）公布的数据显示，今年上半年它经销的食物中有近3万吨被扔进垃圾桶。"}
{"q_idx": 493, "prediction": "斯旺西大学男性职员因性别歧视提起诉讼，要求超过70万英镑赔偿金。他们声称，合约修改后，他们的每小时工资低于同级女性职员。", "label": "十八名男子声称他们的工资低于女性同事，向威尔士三一圣戴维大学（University of Wales Trinity Saint David）提起诉讼，要求赔偿。"}
{"q_idx": 494, "prediction": "李春光涉嫌间谍行为，利用伪造证件在日本更新外国人登记证，并获取日本农林水产省机密文件。", "label": "日本检察官决定因嫌疑人已经离境为由，放弃以间谍罪名起诉中国驻日大使馆前一等秘书李春光。"}
{"q_idx": 496, "prediction": "蒂勒森访问非洲前批评中国在非洲的投资，称这种投资增加了当地国家债务并提供有限就业。中国反驳这一说法，称其“与事实不符”。美国军方对报道称中国控制吉布提港口感到担忧，这可能会影响美军在该地区的补给能力。", "label": "美国国务卿蒂勒森出访非洲前发表演说，批评中国在当地投资时签署“腐败的交易”，许多合同的透明度也十分低，相反，美国在当地的投资方式是“可持续的”。"}
{"q_idx": 497, "prediction": "亨德森岛是地球上塑料污染最严重的地方，有超过 3700 万件塑料垃圾，每平方米密度为 671 件。这些垃圾来自南太平洋环流中心，每年的塑料制品垃圾估计有 8 亿吨流入海洋。塑料微粒进入食物链，威胁着 200 多种 海洋生物，也可能对人类健康构成危害。荷兰小伙博扬·斯莱特创立了“清理海洋”公司，计划使用浮动平台从海洋中收集垃圾。", "label": "太平洋热带岛屿， 你想象中或许是这样的：蓝天碧海，海浪轻拍沙滩。"}
{"q_idx": 498, "prediction": "突尼斯军营枪击案致7人死亡，凶手为有家庭和行为问题的士兵，已被击毙。目前未被视为恐怖袭击，军营外未受影响。", "label": "突尼斯国防部说，该国一名士兵在参加基地升旗典礼的时候，开枪射杀同僚，造成重大伤亡。"}
{"q_idx": 499, "prediction": "中国反驳美国对中国的人权指责，并发布《2015年美国的人权纪录》报告，列举美国包括关塔那摩监狱任意拘留嫌疑人、枪支管理失控、警察暴力执法、政治选举不公平和社会问题等不良人权纪录。中国指责美国粗暴侵犯他国人权，并认为美国发布《国别人权报告》是对他国内政的干涉。", "label": "美国国务院发表了年度 人权报告 对中国的人权状况作出谴责，次日（14日）中国也发布报告批驳美国的人权状况。"}
{"q_idx": 500, "prediction": "利物浦战绩不佳，主帅罗杰斯探索进攻和防守策略。锋线失灵和后防漏洞是球队主要问题，但罗杰斯尚未找到解决方案。欧冠小组赛轮换球员的决定引发争议，球队将面临切尔西的双重挑战。", "label": "前曼联球员萨维奇在他的BBC专栏中点评利物浦开赛以来的表现。"}
{"q_idx": 501, "prediction": "欧盟呼吁香港各方保持克制，尽快开启对话。香港特首梁振英表示已决定与学联代表会面讨论政改问题，但警方已调拨橡胶子弹和催泪弹以备执法。", "label": "欧盟委员会外交和安全政策高级代表阿什顿周四（2日）针对香港占中事件发表声明，敦促各方保持克制。"}
{"q_idx": 502, "prediction": "英国大学国际学生比例最高，白金汉大学高达56.35%，伦敦政治经济学院44.64%，圣安德鲁斯大学41.63%，格林多大学39.84%，亚非学院39.39%，伦敦艺术大学37.81%，帝国理工学院37.57%，伦敦大学学院36.75%，赫瑞瓦特大学31.37%，伦敦城市大学28.13%。", "label": "数据显示，英国大学每年向留学中介支付一亿两千万英镑招收国际学生，那么哪些大学的海外本科生比例最大呢？"}
{"q_idx": 503, "prediction": "城市青年返乡体验农村生活，展示生活差异。他们分享砍树、洗碗等经历，感叹家乡房屋简陋，衣着朴素。著名演员返乡照片受网友称赞。尽管差异明显，青年们认为时代不同，返乡后拍照更开心，展现最真实的一面。", "label": "鸡年来临，中国许多年青打工一族回乡探亲之余，不忘在网上分享城市生活和农村之间的分别。"}
{"q_idx": 504, "prediction": "保守党党代会重点讨论脱欧，演讲强调脱离欧盟是机遇。但许多议员和智库对“硬脱欧”持不同意见，支持“巧脱欧”或“软脱欧”。反对党和媒体要求提供脱欧具体方案，但政府仅确定启动脱欧时间和放弃单一市场。", "label": "英国保守党党代会如火如荼，脱欧是绝对主题。首相特里莎·梅及逾十位内阁大臣纷纷主旨发言，其中以梅的公开现身最受欢迎，全场起立，且掌声雷动。享受此待遇的，还有外交大臣约翰逊，其次是财相哈蒙德。"}
{"q_idx": 505, "prediction": "中俄双方商定明年举行联合军演，地点在太平洋和地中海，以增强地区安全", "label": "中国国防部发言人说，中国正和俄国军方讨论2015年联合军事演习事宜。"}
{"q_idx": 506, "prediction": "苏格兰爱丁堡大学物理学家彼得·希格斯在诺贝尔奖颁奖典礼上发表讲话，分享了今年物理学奖。1960年代，他提出了希格斯玻色子理论，解释了基本粒子的质量。该预测的希格斯玻色子于2012年在大型强子对撞机中被发现。", "label": "英国的彼得·希格斯教授在斯德哥尔摩一项仪式上获颁发诺贝尔物理学奖。"}
{"q_idx": 507, "prediction": "叙利亚局势网络舆论中影响力很高的莎拉·阿卜杜拉，却鲜为人知。她广泛传播有关杜马化武袭击的虚假信息，攻击救援人员“白盔”。根据研究，莎拉·阿卜杜拉的账户在宣扬虚假信息和打击“白盔”方面发挥了关键作用。她的影响力群体包括亲巴勒斯坦者、亲俄罗斯者、白人民族主义者，以及阴谋论者。尽管网上活跃人士影响力群体扩大，但迹象表明，他们近期的影响力有所减小。", "label": "叙利亚再出现怀疑化学武器攻击，调查正在进行，与此同时网上则出现一群影响力巨大的活动人士，着力传播事件的另一版本。"}
{"q_idx": 508, "prediction": "大量澳大利亚婴儿奶粉通过仓库运往中国，包括销往免税店，满足中国游客需求。", "label": "英国《每日邮报》周二（12月6日）电子版刊登了一篇独家报道，称中国对婴儿配方奶粉的需求，使得像澳大利亚这样的西方国家所出产的奶粉大量曲线运往中国。"}
{"q_idx": 509, "prediction": "习近平将出席 G20 和 APEC 会议，预计与普京讨论叙利亚和乌克兰危机。菲律宾最高法院可能重新审议被冻结的美国-菲律宾安全协议，该协议允许美国军队在菲律宾扩大存在。APEC 峰会将重点关注经济，但双边会谈可能会涉及其他议题。", "label": "中国外交部周一（9日）宣布，中国国家主席习近平将出席14至16日的G20峰会，并于17至19日赴菲律宾出席APEC，地中海及南海议题届时将是会被关注。"}
{"q_idx": 510, "prediction": "利物浦主帅罗杰斯称过去一年“过得令人享受”，称球队“非常强大”并“表现又重新连贯起来”。他赞扬球员表现，并对门将米尼奥莱和前锋斯图里奇表示赞赏。罗杰斯认为本赛季“最关键”，俱乐部目标是欧冠。他否认俱乐部拥有3000万英镑的转会预算，并对苏亚雷斯禁赛风波作出了回应。", "label": "利物浦主教练罗杰斯(Brendan Rodgers)日前接受BBC采访时坦言，自己在利物浦一年来的工作顺利。"}
{"q_idx": 511, "prediction": "英国外相亨特警告中国不要压制香港民主，中方指责亨特干涉内政。亨特称联合声明保障香港自由，中国违反协议将有严重后果。亨特强调维护国际规则秩序，呼吁了解香港民众担忧根源，避免暴力镇压。", "label": "英国外交大臣亨特在近日谈及香港民众抗议事件时警告中国不要压制香港民主，并表示否则将有“严重后果”。此言一出立即引发连锁反应，也引起各界的好奇心。"}
{"q_idx": 512, "prediction": "美国及其盟友在乌克兰西部举行“迅疾三叉戟”军演，乌克兰和北约指责俄罗斯支持东部叛军，俄罗斯否认。尽管停火协议，但顿涅茨克附近仍有冲突，导致六人死亡。北约国家向乌克兰提供武器，但未透露细节。", "label": "包括美国、欧盟成员国在内的15国约1300人的部队在乌克兰西部的利沃夫开始军事演习。"}
{"q_idx": 513, "prediction": "金瓜石战俘营现为和平纪念公园，纪念墙上刻有战俘姓名。热心人士努力下，这段历史重现天日。加拿大籍何麦克成立纪念协会，呼吁重视遗址保留。战俘营遗址中，金瓜石恶名昭彰，但其他战俘营状况也不佳。战后战俘遭忽视，甚至被迫保密。台湾早期不重视这段历史，但近年来较支持保留工作。纪念公园和立碑旨在提醒世人勿忘牺牲的战俘。", "label": "在第二次世界大战的时候，作为日本帝国最南端的台湾，日军在岛上兴建了多处战俘营，关押盟军战俘。"}
{"q_idx": 514, "prediction": "土耳其总理表示将归还俄罗斯中校尸体，此前该中校在战机被土耳其击落后跳伞时遇难。", "label": "土耳其当局表示，他们已经得到了在叙利亚边界地区被击落的俄罗斯战机上一名机员的尸体。"}
{"q_idx": 515, "prediction": "西班牙最著名的牛轧糖由修女手工制作，以其品质和传统配方闻名。牛轧糖起源悠久，由杏仁和蜂蜜制成，最初用于保存食物。现代牛轧糖口味多样，包括巧克力、坚果和威士忌。修女们使用来自巴伦西亚的优质杏仁，并不断实验配方，以创造独特的风味。", "label": "在西班牙，圣诞季的亮点之一就是牛轧糖的大量上市，这是一种通常由蜂蜜、糖和坚果制成的奶油糖。无论软硬，有没有添加蛋黄，牛轧糖始终是西班牙节日礼盒和节日商品展示的最爱。"}
{"q_idx": 516, "prediction": "科罗拉多州开设大麻商店，21岁以上居民可购买1盎司，外州人可买0.25盎司。大麻合法化引发褒贬不一的争论，支持者认为有助于摆脱反毒品战争，批评者担忧社会健康与安全问题。美国联邦法律仍将大麻列为非法毒品，要求科罗拉多州确保合法使用和销售范围限于本州。", "label": "美国科罗拉多州元旦起开始合法销售大麻，20多个销售点外顾客冒着严寒排起长龙。"}
{"q_idx": 517, "prediction": "因中国新疆人权问题，国际上出现抵制2022年北京冬奥会呼声。国际奥委会宣称政治中立，但各国政府对此态度谨慎，抵制与否仍未确定。", "label": "随着国际社会对新疆、香港人权问题的关注程度持续升温，美、欧、英、加、澳等西方主要国家政府所面对的要求抵制北京2022冬奥会的社会压力也与日俱增。BBC中文最近致函国际奥委会，就抵制声浪提出问题，并得到国际奥委会的官方答复。"}
{"q_idx": 518, "prediction": "压力会增加心脏病风险，类似于吸烟和高血压。研究表明，大脑中与压力相关的区域活动增加会导致骨髓释放过多白细胞，从而导致动脉炎症和心脏病发作。", "label": "在医学杂志《柳叶刀》上发表的一篇文章显示，如果人体大脑深处不断经受压力则会提高患心脏病的风险。"}
{"q_idx": 519, "prediction": "伊朗新总统鲁哈尼对外展开外交攻势，向犹太人祝贺节日并对奥巴马发出积极信号。鲁哈尼表示有权就核计划谈判，并通过推特等途径强调与国际社会合作的意愿。分析人士认为双方对话时机已到，但伊朗要做出让步，美国也需解除制裁。", "label": "伊朗新总统鲁哈尼将在联合国大会发表演讲。迹象显示，他已准备好就伊朗核计划与美国展开实质对话。"}
{"q_idx": 520, "prediction": "南非结束种族隔离20年后，仍面临经济不平等问题和社会问题。尽管解放日纪念活动回顾了反种族隔离历史，但执政党可能在即将到来的选举中失去多数席位，反映出民众对经济和社会问题的担忧。", "label": "南非民众今天（4月27日）庆祝打破种族隔离后首次大选20周年，结束了白人统治的历史。"}
{"q_idx": 521, "prediction": "埃尔多安就土耳其击落俄战机向普京私人道歉。信中表达了对遇难飞行员家属哀悼，希望恢复两国关系。", "label": "克里姆林宫发言人称，土耳其总统埃尔多安的代表已就在土耳其、叙利亚边境击落俄罗斯战机表示道歉。"}
{"q_idx": 522, "prediction": "出席布莱顿春节晚会，合唱《龙的传人》，感受海外华人情。最后上台接受市长签名证书，表达对布莱顿的喜爱。", "label": "来英国也有一段时间了，在农历新年到来之际，特别选择了离开伦敦，去安静的海滨城市Brighton度过不一样的新年。"}
{"q_idx": 523, "prediction": "港漂对北京政改方案看法不一。有人认为提名门槛提高，选举不民主；有人认为有利港漂利益，应予支持；还有人认为中央已作让步，应继续商讨。也有港漂支持占中行动，但担忧个人安危；也有人认为占中将损害香港金融中心地位。", "label": "周日（8月31日），中国人大常委会通过决议确定2017年香港特首选举没有“公民提名”，港漂（指在内地长大在香港读书工作的群体）们对此看法不一。"}
{"q_idx": 525, "prediction": "北京谴责香港抗议，但尚未采取直接干预行动。中国军队驻港，但用于防御，不得干预地方事务。北京政治干预包括支持特首林郑月娥，并压制反对意见。中国可能使用经济手段施压，因香港是国际经贸中心。", "label": "香港“反送中”抗议进入第11个星期，频繁衍生暴力冲突事件。"}
{"q_idx": 526, "prediction": "种族活动人士瑞秋·杜莉萨被父母揭露没有黑人血统。她在控告霍华德大学后被驳回，并辞去全国有色人种协进会主席职务。", "label": "美国反种族歧视活动人士瑞秋·杜莉萨尽管被指是白人，但却声称自己是黑人。"}
{"q_idx": 527, "prediction": "奥巴马在与菲律宾总统会面后，重申美国对菲律宾在防御和安保方面的承诺，并期待通过和平手段解决南海争议。美国与菲律宾去年达成防御协议，美国获得临时使用菲律宾部分军事基地的权利。", "label": "正在马尼拉出席亚太经合组织领导人峰会的美国总统奥巴马星期三（11月18日）表示，中国必须停止在南海有主权争议的海域填海造岛。"}
{"q_idx": 528, "prediction": "通过估计感染人数、病毒载量和单个病毒颗粒的大小，估算全球新冠病毒总量约为160毫升，相当于六个小酒杯，远小于一个汽水罐。", "label": "BBC广播4台的节目《大致如此》要我计算现正肆虐全球危害全人类的新冠病毒的总量，我得老实说, 我不知道答案。我妻子认为，其总量应该有奥运规格游泳池那么大。她说，\"要不就只有一茶匙。很少有人会去问这样的问题。\""}
{"q_idx": 529, "prediction": "因营业额低，索尔泰尔镇二手书店老板在 Facebook 求救，吸引大量顾客，营业额大幅增加。但老板对未来仍持谨慎态度，称收入微薄，面临超市和网络购物竞争。", "label": "网络发达，传统书店生存艰难，英国一家书店却借助网络力量让书店生意“起死回生”。"}
{"q_idx": 530, "prediction": "北京发布首个红色空气污染预警，建议停课、弹性工作制，并实施单双号限行等强制措施。市民日常佩戴口罩出行，并使用物理疗法应对雾霾对健康的影响。", "label": "应对新一轮的雾霾天，北京首次启动了空气重污染红色预警。这也是迄今为止北京发布的最高级别的雾霾预警。"}
{"q_idx": 531, "prediction": "斯托克城负责人斯科尔斯对新赛季持乐观态度，强调教练团队的和谐和积极的俱乐部氛围。休斯对球员的技术印象深刻，斯科尔斯表示信心十足，并宣布将免费提供客场比赛大巴服务，以回馈球迷的支持。", "label": "斯托克城俱乐部首席执行官斯科尔斯(Tony Scholes)在日前接受BBC采访时说，他们将在整个新赛季的客场为球迷提供免费大巴。"}
{"q_idx": 532, "prediction": "军政府统治下的缅甸人民经历过恐惧和压抑。军方监视电话，控制教育内容并拘留政治异见者，导致沉默和孤立。尽管2015年民选政府带来一些改革，但2021年军方政变使这些努力付诸东流，并让人们想起过去的黑暗时期。", "label": "缅甸军方发动政变并扣留昂山素季（又译：翁山苏姬，Aung San Suu Kyi）已经过去三天。"}
{"q_idx": 533, "prediction": "民调结果显示，中国经济即将超越美国，但中国在国家形象上不如美国。大多数受访国家对美国有更高好感度，但欧洲和中东地区对美国的印象在下降。中国则需提高国际形象，特别是改善在日本和韩国的观感。", "label": "美国皮尤研究中心(Pew Research Center)本周四（7月18日）发布公共意见调查结果称，世界各国公众更倾向于相信中国终将取代美国成为全球头号经济大国。"}
{"q_idx": 535, "prediction": "温州水果商李盛燕以城管公安执法过当为由起诉广州海珠区相关部门，要求确认执法违法、赔礼道歉、赔偿损失。城管称李盛燕拒不配合，引发冲突，但网民发布了双方冲突的视频照片。李盛燕本人未出庭，称输赢无所谓，只求公道。网上舆论目前不利于李盛燕。", "label": "广州一名因占路卖水果与城管争执最终被城管压颈制服的女小贩状告城管要求道歉并赔偿。"}
{"q_idx": 536, "prediction": "华尔道夫酒店，美国地标建筑，被中国安邦保险集团收购后声名鹊起。因安邦被中国保监会接管，华尔道夫酒店面临易主，或由国企接盘处置，或回归原美国黑石集团所有。但无论如何，华尔道夫曾作为政要“家外之家”的地位，因其被中资收购而受到影响。", "label": "5月10日，靴子落地，安邦董事长吴小晖在上海被判18年有期徒刑。吴小晖陨落后，外界的注意力迅速集中到下一个问题——安邦在全球疯狂收购的海外资产何去何从？"}
{"q_idx": 537, "prediction": "中加贸易受孟晚舟事件影响较小。中国游客赴加人数增长，房地产交易稳定，加鹅外套在华开店顺利。然而，中国对加国油菜籽出口设限，中加关系紧张引发两国舆论热议。孟晚舟听证会旷日持久，加中关系波澜难平。", "label": "华为高管孟晚舟去年12月因其公司涉嫌违反美国对伊朗制裁在加拿大被捕后，中加关系被认为进入寒冬。可现实究竟如何呢？BBC中文整理多组数据与时间表，带你看中加关系近期的跌宕起伏。"}
{"q_idx": 538, "prediction": "特朗普决定不认定中国为汇率操纵国，原因是人民币未被操纵且美元过于强势。", "label": "美国总统特朗普说，美国本周即将公布的报告中不会将中国指定为汇率操纵国。"}
{"q_idx": 539, "prediction": "国庆假期，中国多地景区人山人海，华山、丽江、三亚等地出现游客滞留、找不到住处等情况。游客对拥堵、排队等现象表示不满，质疑黄金周制度。", "label": "中国进入黄金周长假，全国多地景区出现客流井喷，规模震撼，到处摩肩接踵，人潮涌动，引起网民热议。"}
{"q_idx": 540, "prediction": "香港前明报总编刘进图遭两名不明身份人士袭击，身中数刀重伤。警方表示已展开调查，不排除任何动机。香港各界谴责袭击行为，并呼吁警方尽快破案。", "label": "前《明报》总编、世华网络资源公司营运总裁刘进图在香港西湾河遇袭，身中三刀受伤送院，情况危殆。"}
{"q_idx": 542, "prediction": "伦敦奥运会取得巨大成功，中国代表团摘得金牌第二，境外参赛创最佳。东道主英国获金牌第三，决心利用奥运促进经济。牙买加飞人博尔特蝉联100米和200米冠军。", "label": "2012伦敦奥运会将在英国当地时间星期日（8月12日）晚间落下帏幕，闭幕式晚9点正式开始。"}
{"q_idx": 543, "prediction": "香港政府与学联代表就政改首次对话，政府代表强调选举制度应公平透明，学联要求公民提名废除功能组别。双方争论激烈，政府将解释人大政改框架，学联将迫使政府正视民意。", "label": "香港的“占中行动”进入第二十四天，港府与学联各派出五位代表于当地时间21日傍晚就香港政改问题首次进行对话，备受各界关注。警方亦在多个被“占中”集会者占据的街道密切监察，高度戒备。"}
{"q_idx": 545, "prediction": "香港民意调查显示，年轻一代更支持平反六四。63%受访者支持平反，16%反对。51%认为中国人权状况比1989年改善，但比去年下降11个百分点。年青一代对中国政府当年处理事件、支持学生行动和支持平反六四的看法更加积极，体现了他们对民主的追求。同时，支联会的评分略有下降，反对解散支联会的比例也明显下降。", "label": "香港大学公布的周年民调结果显示，香港市民支持平反1989年北京天安门学运的比率再创香港政权移交以来的新高。"}
{"q_idx": 546, "prediction": "美国国家安全顾问弗林因涉嫌违法被勒令辞职，其与俄罗斯大使的通话以及特朗普得知此事后拖延引发质疑。国会民主党要求彻查此事，共和党内部意见不一。弗林事件可能会涉及政治干扰司法的调查。接替弗林的是凯洛格，但彼得雷乌斯和哈沃德也是候选人。代理司法部长耶茨因反对特朗普的移民禁令而被免职，现在因弗林辞职一事可能感到如释重负。", "label": "眨眼之间，围绕特朗普任命的国家安全事务顾问的争议从波澜不惊到惊人地以迈克尔•弗林（Michael Flynn）辞职\"告终\"。"}
{"q_idx": 547, "prediction": "奥巴马访问塞内加尔，会见总统萨勒并探讨加强美非经贸关系。他计划前往戈雷岛，这是非洲奴隶贸易的出口港，具有象征意义。尽管南非前总统曼德拉病情恶化，奥巴马仍计划访问罗本岛。", "label": "美国总统奥巴马抵达塞内加尔，开始对非洲三国为期一周的访问。"}
{"q_idx": 548, "prediction": "美国警告俄罗斯，军事干预乌克兰将是严重错误，并可能导致代价高昂的决定。美国国务卿克里还要求莫斯科从格鲁吉亚撤军，并敦促格鲁吉亚与欧洲和北约进一步融合。分析认为，俄罗斯大规模军演可能旨在展示武力或干预乌克兰的前奏。", "label": "美国国务卿克里对俄罗斯发出警告说，如果俄国对乌克兰实施军事干预将犯下“严重错误”。"}
{"q_idx": 549, "prediction": "罗兴亚难民遭双腿截肢，联合国指控缅甸政府“种族清洗”。哈克一家在逃离时遭地雷炸伤，15岁哈克双腿被炸毁，母亲称其生存几率渺茫。联合国和国际社会谴责缅甸政府，后者否认并回应说有关言论基于谣言。尽管允许国际媒体有限进入若开邦，但昂山素季否认种族清洗，引发国际批评。", "label": "有罗兴亚平民向BBC表示，在逃离缅甸若开邦的暴力冲突期间，因踩到军方地雷而受伤，伤势严重者需要截肢。"}
{"q_idx": 550, "prediction": "中国政府将暴力袭击事件归咎于“三股势力”，即偷渡、恐怖主义和宗教极端主义。警方已开展专项行动，打击偷渡活动，并通过国际合作追捕犯罪嫌疑人。", "label": "据中国官方媒体报道，周日（1月18日）晚，几名偷渡的新疆维族人在中越边城广西凭祥市与警方发生冲突。"}
{"q_idx": 551, "prediction": "尼克·戴维斯否认不当行为，称已请求暂时离职，接受道德委员会审查。此前他被指邮件中讨论俄罗斯禁药问题，邮件显示他要求对俄罗斯禁药丑闻“聪明一些”。戴维斯被视为国际田联主席塞巴斯蒂安·科的副手。", "label": "国际田联（IAAF）对怀疑故意推迟公布俄罗斯涉禁药运动员名单的事件展开调查，副秘书长尼克·戴维斯（Nick Davies）则决定暂时停止职务。"}
{"q_idx": 552, "prediction": "中日领导人会谈持续不足半小时，气氛冷淡。“解铃还须系铃人”，日本需在钓鱼岛、侵略历史、和平宪法问题上做出改变，改善两国关系。", "label": "中共官媒《人民日报》周二（11月11日）刊文指出，中国国家主席习近平与日本首相安倍晋三在周一的会面有“分量”，但无“热度”。文章说，中日关系并不会因为此次会面而雨过天晴，中日关系仍然处于一个关键路口。"}
{"q_idx": 553, "prediction": "示威者阻塞香港机场出境检查口以抗议警方滥权。国泰航空一飞行员因涉嫌为示威者泄露机场信息而被停职，引发连锁反应，香港航空等公司表态支持政府止暴制乱、恢复秩序。", "label": "以旅客量计算世界第三繁忙的香港国际机场因受反对《逃犯条例》修订案示威影响，客运服务连续第二天瘫痪。"}
{"q_idx": 554, "prediction": "北约决定向东欧新基地派遣部队，建立随时准备反应的部队。但尚未决定派遣计划是否永久性，法国、意大利、西班牙反对永久性驻扎，美国、英国支持。北约将在威尔士峰会上讨论此议题，避免成员国分歧。俄罗斯尚未回应，但分析认为其将强烈反应。乌克兰总理表示，乌克兰需要北约的“实际帮助”，并希望在威尔士峰会上做出“重大的决定”。", "label": "尽管各成员国意见分歧仍在，北约秘书长拉斯姆森（Anders Fogh Rasmussen）周三（27日）表示，北约已经决定向东欧的新基地派遣自己的部队。"}
{"q_idx": 555, "prediction": "甘肃定西 6.6 级地震致多人伤亡，引发泥石流，损毁房屋 2 万余栋，数万人需紧急安置，400 余次余震。救援人员已抵达灾区，14 人失踪。", "label": "中国官方媒体和甘肃地方政府说，星期一（7月22日）早晨甘肃定西发生的6.6级地震已造成至少89人死亡，近600人受伤。"}
{"q_idx": 556, "prediction": "欧盟制裁朝鲜核计划，禁止朝鲜飞机和船只进出欧盟领空和港口，并冻结 66 名朝鲜个人和 42 家公司的资产。朝鲜领导人金正恩表示，仅在国家主权受到威胁时才会使用核武器。", "label": "欧盟决定进一步制裁朝鲜，惩罚平壤政府无视联合国安理会的决议，继续发展核计划及试射导弹。"}
{"q_idx": 557, "prediction": "在缅甸，一种称为“明巫师”的巫师圣人受到人们的尊崇。这些巫师据称拥有超自然的能力，源自佛教教义和冥想。尽管受到一些受教育人士的质疑，但明巫师在缅甸社会仍然具有根深蒂固的影响力。随着缅甸的对外开放，有关明巫师的书籍和媒体关注度也不断增加。", "label": "“我能看到您和我遇到的每个人的未来，”吴昂帮（U Aung Baung）笑着说，富有传奇色彩的仰光大金寺（Shwedagon Pagoda）的镀金圆顶在他身后的夜色中闪闪发光。“但是，您必须先开始遵守佛教戒律，我才能告诉您。”"}
{"q_idx": 558, "prediction": "台湾金管会成立调查组，针对兆丰银行纽约分行涉嫌洗钱展开调查。兆丰银行已口头提出请辞，金管会将持续了解政府与兆丰的沟通情况。金管会表示，台湾金融检查经费不足，海外分行检查周期过长。美国指控兆丰银行纽约分行在防制洗钱、权责分工和法令遵循方面存在多项缺失，并对其处以 1.8 亿美元罚款。台湾学者认为，兆丰银行低估了美国的监管底线，导致无法挽回的后果。", "label": "台湾兆丰银行位于纽约的分行因为违反美国商业规定，被裁罚1.8亿美金罚金。台湾官方成立项目小组因应。"}
{"q_idx": 559, "prediction": "叙利亚难民涌入黎巴嫩，令其成为全球难民密度最高的地区。这给黎巴嫩脆弱的经济和社会基础设施带来巨大压力，难民人数已相当于当地人口的四分之一。联合国敦促国际援助，以应对仍在恶化的危机。", "label": "联合国表示，从叙利亚逃至黎巴嫩的难民人数已经超过“毁灭性的里程碑”—一百万人。"}
{"q_idx": 560, "prediction": "四川康定地震致1死3伤，震源深度18公里，已启动II级应急响应。", "label": "四川甘孜藏族自治州康定县周六（11月22日）发生6.3级地震。"}
{"q_idx": 561, "prediction": "峰会延期英国“脱欧”至6月，欧盟主席图斯克告诫“请不要再浪费时间”。英国首相特里莎·梅表示接受提议，但希望加快脱欧进程。欧盟要求英国履行5月举行欧洲议会选举义务，否则将自动脱欧。欧盟高层官员表示，未来一年英国无法否决欧盟重大决策。", "label": "欧盟星期二（4月10日）表示，欧盟已同意将英国脱欧的最后期限延长至10月31日。"}
{"q_idx": 562, "prediction": "英国一对夫妇接触到与斯克里帕尔父女中毒案相同的神经毒剂诺维乔克中毒。他们可能从萨利斯伯里或埃姆斯伯里污染的地点接触到毒剂。警方正在调查，呼吁俄罗斯政府解释。", "label": "英国埃姆斯伯里（Amesbury）小镇一对伴侣上周六（6月30日）接触神经毒剂后昏迷，目前两人仍住院接受治疗，病情严重。"}
{"q_idx": 563, "prediction": "中资参与英国欣克利角核电站项目引发争议，法国工会质疑项目条件不成熟，EDF工程师担忧技术问题，内部文件显示电站设计过于复杂、昂贵。EDF否认延期的推测，重申第一座反应堆2025年投产。", "label": "法国电力公司（EDF）的一位董事会成员说，他将对英国欣克利角核电站计划投反对票。"}
{"q_idx": 564, "prediction": "李春姬，朝鲜“人民播音员”，在朝鲜享有盛誉。她以戏剧化的播报风格和艳粉色传统服装而闻名，在重大事件中担任首席主播，传递金正恩的口信。目前处于半退休状态，但仍会出现在重大新闻播报中，备受平壤当局赏识。", "label": "导弹放飞、核弹试爆、领导人逝世……几乎每一次朝鲜发生重大变化或者采取震慑性行动，世界都能听到她铿锵有力的播报。"}
{"q_idx": 565, "prediction": "美国对台军售引发中方强烈反应，中国高调警告，并修订国防法。而美国重申对台政策不变，但承认其介入台海战争的问题上战略模糊。专家认为，习近平不会放弃武力解决台湾问题的准备。", "label": "美国批准了特朗普上台以来对台湾的第8次军售。台海硝烟未起，但是，中美舆论交锋已经充满火药味。"}
{"q_idx": 566, "prediction": "英国皇家苏格兰银行（RBS）82%股权属纳税人，2011年亏损20亿英镑，奖金3.9亿英镑引发争议。投行人员平均年薪14.4万英镑，奖金比去年减少一半，但基本工资平均涨29%。CEO赫斯特放弃100万英镑奖金，董事长菲利普·汉普顿勋爵放弃140万英镑股份。财相奥斯本表示，RBS仍在清理金融危机遗留问题。", "label": "英国纳税人控股的苏格兰皇家银行（RBS）公布业绩，承认连续第四年亏损，金额达20亿英镑。"}
{"q_idx": 567, "prediction": "梅西和罗纳尔多在巴西世界杯上力争证明自己，夺得冠军是球星分水岭，但夺冠之路困难重重。世界杯对球员的影响巨大，梅西和C罗共夺得五次欧冠冠军和六次世界足球先生，但世界杯表现平平。对于26岁的梅西和29岁的C罗来说，本届世界杯是职业生涯的转折点，他们势必全力一搏。", "label": "当今足坛的巅峰人物非梅西和克里斯蒂亚诺·罗纳尔多（C罗）莫属。"}
{"q_idx": 568, "prediction": "美国政府对中兴通讯处以10亿美元罚款和执行期间4亿美元托管，要求更迭管理层和接受美国合规小组检查，以解除对中兴的七年的禁令。", "label": "美国商务部长罗斯（Wilbur Ross）表示，美国政府与中兴通讯达成协议，让中兴在缴纳14亿美元、完全撤换管理层级其他条件后恢复业务。"}
{"q_idx": 569, "prediction": "泰国洞穴救援行动救出四名男孩，但因降雨暂停救援。救援人员计划在未来三到四天完成任务，潜水员将受困者信件带入洞穴安抚情绪。救援行动面临雨势和狭窄洞穴的挑战，此前一名泰国海军潜水员因缺氧不幸身亡。", "label": "受困于溶洞中的泰国少年足球队，目前已有四名成员成功离开洞穴。"}
{"q_idx": 570, "prediction": "国际足联主席选举仍按期进行，尽管有七名高层官员被逮捕。可口可乐谴责腐败指控玷污世界杯。赞助商施压国际足联。欧足联考虑杯葛选举，担忧腐败根深蒂固。美国指控涉及24年、超过1.5亿美元的贿赂。瑞士展开有关2018年和2022年世界杯主办权竞选的调查。", "label": "在美国当局突然采取行动调查并指控国际足球管理机构的贿赂、诈骗和洗案丑闻之后，国际足联（FIFA）的各大主要赞助商都对事件表达了“严重关切”。"}
{"q_idx": 571, "prediction": "泰国前总理英禄因滥用职权被解除总理职，抗议者要求政府下台，并与警方发生冲突，示威者号召围困警察总部，支持政府的“红衫军”将举行大规模示威抗议法院裁决。", "label": "泰国局势动荡。泰国反对派周五发起“最后决战”游行，要求政府下台。警方向示威者施放催泪瓦斯，数人受伤。"}
{"q_idx": 572, "prediction": "苏格兰公投结果出炉后，英国女王呼吁团结，因为她认为理解他人感情的重要性会缓和强烈情绪。", "label": "英国女王伊丽莎白二世说，她相信苏格兰在举行独立公投后，人们会本着““相互尊重和支持”的精神团结起来。"}
{"q_idx": 573, "prediction": "中国足协出台新规限制中超外援引进：赛季开始后，俱乐部引进外援须向中国足协交纳等额的“引援调节费”。同时，各俱乐部每场比赛须有与外援人数相同数量的U23球员出场，此举导致外援出场受限，引起业界广泛批评，认为将降低中超对外援吸引力，损害中国足球发展。", "label": "中国足球协会（CFA）在周三（5月24日）晚间接连发布的两项通知，一夜之间在中国职业足球界引起一番激荡。"}
{"q_idx": 574, "prediction": "香港议员梁国雄被马来西亚拒绝入境，遣返回港。此前，学生组织“学民思潮”召集人黄之锋也被拒入境并遣返。马来西亚移民局未明确解释拒绝理由。中国外交部称尊重马来西亚出入境规定。", "label": "香港民主派立法会议员梁国雄周五（29日）乘机抵达吉隆坡准备出席当地六四纪念论坛，但是被马来西亚当局拒绝入境，将被遣返回香港。"}
{"q_idx": 575, "prediction": "FIFA 副主席韦伯呼吁世界杯“零容忍”种族歧视，并赞扬 NBA 对种族歧视的快速制裁措施。", "label": "国际足联反种族歧视小组负责人说，如果球员或者支持的球迷做出歧视行为，球队应逐出比赛。"}
{"q_idx": 576, "prediction": "印度总理莫迪在微博开设账号，并以佛诞节问候中国民众。此举凸显中印互不信任，此前莫迪曾要求中国放弃“扩张思维”。莫迪将于5月14日至16日正式访华，将探讨扩大印度对华市场准入、收窄贸易赤字等议题。", "label": "中国外交部在其网站证实了印度总理莫迪访华的具体日期，他将于下周访问中国三天。"}
{"q_idx": 577, "prediction": "中美元首通话，就朝鲜半岛局势交换意见。习近平强调中美共同利益，特朗普表示期待访华。双方重申无核化承诺，但美国仍警告朝鲜勿轻举妄动。", "label": "美国总统特朗普周六（8月12日）和中国国家主席习近平通了电话。"}
{"q_idx": 578, "prediction": "乌克兰政府夺回东部两座城市，下一步将包围亲俄叛军占据的顿涅茨克和卢甘斯克。 目前尚不清楚这些城市对分离主义的支持程度。", "label": "乌克兰政府高级官员说，政府军将包围仍被亲俄罗斯分离主义者占据的两座东部城市。"}
{"q_idx": 579, "prediction": "过去四年英国皇家空军拦截俄罗斯战机超过 40 次。最近一次涉及两架图-95 轰炸机，导致舆论哗然。英国外交部抗议俄罗斯干扰民航。专家认为俄罗斯的举动既有政治目的，也有军事意图。俄罗斯正在现代化其军事力量，而英国却在裁军，引发对国防实力的担忧。北约对俄罗斯的回应被认为软弱，因为他们过于依赖政治外交手段。", "label": "国防大臣：“俄国人在实现常规力量现代化、核力量现代化。他们在考验北约。我们必须作出回应”。"}
{"q_idx": 580, "prediction": "现代化办公场所中存在烦扰众多，如数字信息过载和开放式办公室，导致无法完成目标。反目标是一种逆向思维，专注于避免做让自己痛苦的事情。安德鲁·威尔金森、蒂姆·菲瑞斯和安吉拉·赛比拉诺等专家提倡反目标清单，通过消除干扰和明确目标，帮助提高效率和实现抱负。", "label": "你的工作日是否变成了一场努力完成待办事项的艰苦鏖战？"}
{"q_idx": 581, "prediction": "2010年，朝鲜炮击延坪岛，造成4人死亡。炮击是因朝鲜船只越过北方界线后韩军鸣枪警告而起。", "label": "韩国媒体报道，一艘韩国巡逻舰在延坪岛附近的朝韩争议海域巡逻时，朝鲜军队向其附近海域发射了炮弹。"}
{"q_idx": 582, "prediction": "朝鲜餐厅服务员否认叛逃者愿意叛逃，称她们被欺骗并担心她们的命运。韩国声称叛逃是自愿的，而中国表示脱北者持有效护照合法离境。此次叛逃引发了对朝鲜和中国紧张关系的担忧。", "label": "上星期集体逃到韩国的13名餐厅服务员受到媒体的广泛关注。"}
{"q_idx": 583, "prediction": "圣诞歌曲在美国引发争议，部分电台停止播放特定歌曲。", "label": "本 音频报道 来自 粤语《时事一周》 。"}
{"q_idx": 584, "prediction": "中国和印度的严重空气污染主要由燃煤、焚烧和化石燃料使用引起，每年导致数百万人过早死亡。", "label": "一项最新国际研究项目成果显示，全球每年有550万人因为空气污染而罹患各类疾病死亡；中国和印度则是因空气污染而导致非正常死亡的“重灾区”。"}
{"q_idx": 585, "prediction": "李克强瑞士谈食品安全引发中国网民热议，担忧“食品特供”制度。", "label": "中国总理李克强在瑞士参观家庭农庄期间盛赞当地食品安全，引发中国网民议论。"}
{"q_idx": 586, "prediction": "香港《明报》前总编刘进图遇袭案两名被告有罪，刘进图要求继续调查幕后主使。", "label": "被控刀砍袭击《明报》前主编刘进图的两名男子被判定有罪。刘进图在2014年2月在街上遇袭。"}
{"q_idx": 587, "prediction": "高智晟妻子与孩子因安全隐忧逃往美国。高智晟因人权辩护服刑三年后获释，美国敦促中国允许其前往美国与家人团聚。", "label": "美国周四（7日）敦促中国允许刚刚获释的维权律师高智晟前往加利福尼亚同他的家人团聚。"}
{"q_idx": 588, "prediction": "特朗普宣布将制裁损害香港自由的中国和香港官员，取消香港特殊待遇，并退出世界卫生组织。美国还将限制与中国军方有关的中国留学生签证。美方制裁措施似乎低于预期，导致美股上升。", "label": "美国总统特朗普宣布，他将下令取消美国对香港的特殊贸易地位，并将对中国、香港官员实施制裁。他还表示，美国将与世界卫生组织“切断关系”。"}
{"q_idx": 589, "prediction": "开放式办公室会降低生产力（15%），增加患病风险，难以集中注意力。虽然开放式办公室有利于沟通，但工作相关沟通减少。封闭式办公室可提高注意力，保护记忆，减少噪音干扰。一些公司开始提供封闭空间或安静房间，以平衡开放式办公室的弊端。", "label": "4年前，克里斯·纳吉勒（Chris Nagele）像很多科技公司高管一样，带领自己的团队搬进了一间开放式办公室。"}
{"q_idx": 590, "prediction": "中国填海造岛在南沙群岛形成最大岛屿，越南反对中国在岛礁建军事基地，阮晋勇访印寻求支持，越南希望和平解决纠纷，中国与多国有南海领土争端，印度与中国也有边界争端。", "label": "印度媒体周一报道说，越南总理阮晋勇在同中国的南海争端中寻求印度支持，越南在同中国关系恶时谋求加强同印度的关系。"}
{"q_idx": 591, "prediction": "克里呼吁中国释放被拘留的基督徒律师张凯，而美国国务院报告批评中国限制宗教自由，包括对基督徒、维吾尔族穆斯林和西藏佛教徒的迫害。", "label": "美国国务卿克里周三（14日）呼吁中国释放去年8月在美国高级特使访问前被关押的基督徒人权律师张凯。"}
{"q_idx": 592, "prediction": "韩国警告朝鲜，若试射卫星将付出惨痛代价，中国外交部呼吁各方克制，并认为更多制裁不是对策；朝鲜试射卫星掩饰其试验弹道导弹技术的真正目的；朝鲜声称其太空计划是和平的，而国际间认为其正在研制洲际弹道导弹。", "label": "韩国警告朝鲜若试射卫星，将要“付出惨痛代价”。日本防卫大臣中谷元已下令击落任何威胁日本领土的导弹。"}
{"q_idx": 593, "prediction": "哈维飓风重创德州，降雨量创大陆纪录，休斯敦大片区域被淹。市长实施宵禁防止抢劫。特朗普总统视察灾区，称之为“史诗级”。", "label": "美国第四大城休斯敦受到飓风哈维吹袭，城市宣布实施宵禁以避免12年前卡特琳娜风灾后“打砸抢”乱象再现。"}
{"q_idx": 594, "prediction": "龚如心千亿遗产争夺案主角陈振聪伪造遗嘱罪成立。法官指其贪婪残忍，骗取龚如心30亿港元及3000万英镑，企图侵吞慈善遗产。", "label": "香港商人陈振聪因伪造华懋集团已故主席龚如心遗嘱星期五（7月5日）被香港高等法院法官判处12年有期徒刑。"}
{"q_idx": 595, "prediction": "苍井空成功转型社交媒体红人，在中国广受喜爱。凭藉甜美外形和坦诚态度，她在网络上积累了1800万粉丝。此外，她积极参与公益活动，树立了“德艺双馨”形象。苍井空在中国市场的成功，折射出日本艺人“余晖效应”和中日文化交流的特殊性。", "label": "1月1日，日本女星苍井空在社交媒体上宣布结婚，引来网友纷纷评论，也让苍井空再次成为话题人物。"}
{"q_idx": 596, "prediction": "在第54届格莱美颁奖礼上，英国歌手阿黛尔凭借专辑《21》荣获六项大奖，平碧昂丝纪录，成为获奖最多的女歌手。获奖之余，她对自己过去一年的变化感慨万千。", "label": "英国歌手阿黛尔（Adele）昨晚连续赢走六项格莱美大奖，创了该奖项建立以来的历史纪录，标志了她的完美复出。"}
{"q_idx": 597, "prediction": "菲利普亲王出席最后一次公开活动，会见英国皇家海军陆战队员。他已宣布退休，未来可选择与女王一起出席活动。", "label": "英国女王的丈夫菲利普亲王（Prince Philip，Duke of Edinburgh）周三（8月2日）参加了退休前的最后一次单独公开活动。"}
{"q_idx": 599, "prediction": "《纽约时报》记者王霜舟因无法获得签证，被迫离开中国。美国政府谴责中国的做法，并呼吁中国及时处理外国记者的签证申请以及撤销对新闻网站的封锁。", "label": "美国白宫星期四（1月30日）发表声明，对美国《纽约时报》记者王霜舟（Austin Ramzy）由于中国当局拒发签证而必须离开中国表示“非常失望”。"}
{"q_idx": 600, "prediction": "澳大利亚大堡礁北部和中部至少 35% 的珊瑚因气候变化导致的海水温度升高而白化死亡。", "label": "澳大利亚科学家表示，澳洲大堡礁北部和中部的珊瑚至少有35%已被珊瑚白化现象摧毁。"}
{"q_idx": 601, "prediction": "《南方周末》呼吁宣传部门改变媒体管理方式，《人民日报》评论重申宣传工作要与时俱进，摒弃僵化观念，凝聚共识，推荐理由是党管媒体方式需与时俱进。", "label": "星期四（1月10日）出版的《南方周末》部分转发《人民日报》题为《要跟得上时代的节拍》的评论，并总结提出党管媒体的方式要与时俱进。"}
{"q_idx": 602, "prediction": "俄罗斯将尽一切努力保护乌克兰的俄罗斯人。美俄领导人同意国务卿和外长在巴黎会面讨论乌克兰危机。乌克兰反对方克利钦科宣布不参加总统竞选，支持波罗申科。", "label": "俄罗斯外交部长拉夫罗夫表示，俄罗斯没有出兵乌克兰的意图。"}
{"q_idx": 603, "prediction": "贾维德，亚裔男性内阁第一人，认为选民对移民担忧合理。他批评长时间居住英国仍不会说英语的移民，并表示英国法律体系内无伊斯兰法空间。", "label": "英国第一个少数族裔内阁大臣，文化大臣贾维德（Sajid Javid）说，移民必须学英语，并“尊重我们的生活方式”。"}
{"q_idx": 604, "prediction": "章鱼具有独特的大脑结构和分布于触手的脑细胞，拥有惊人的感知能力，包括触觉、味觉和嗅觉。它们表现出自我认知，可区分不同章鱼的触手，拥有短期和长期记忆，能使用工具，并可通过观察他人解决问题。这种智力可能是由于章鱼进化时与鱼类在食物和捕食者方面的竞争所致。", "label": "与我们一样，这些外星人都有大脑，但主要在胳膊里，而且每条胳膊似乎都有自己的思维。"}
{"q_idx": 605, "prediction": "乌克兰政府军于停火生效后在前线踢足球，停火基本得到实施，但双方此前互相指责炮击未停。德巴利切夫曾激烈交火，停火生效后48小时至关重要。", "label": "来自乌克兰东部的消息称，最新停火协议周六午夜生效之后，尽管零星枪击、炮击事件未断，但是总体来说局势相对停火前来说比较安静。"}
{"q_idx": 606, "prediction": "马航MH370失联近两年，目前仅发现一块残骸。中国派遣“东海救101号”搜救船协助澳大利亚等国搜寻，目前搜索已覆盖12万平方公里海床，预计将于6月结束。", "label": "一艘中国声纳搜救船将抵达南印度洋，加入搜寻失联近两年的马航客机MH370。"}
{"q_idx": 607, "prediction": "富勒姆3-2逼平阿森纳终结枪手主场不败，埃尔南德斯两球一助攻帮助曼联客场逆转阿斯顿维拉。", "label": "在英超本轮的比赛中，阿森纳和富勒姆上演了非常激烈的比赛，阿森纳在终场前错失点球最终只能以3-3与对手言和。"}
{"q_idx": 608, "prediction": "日本真子公主将与平民小室圭订婚，此举意味着她婚后将失去皇室身份。真子公主是明仁天皇第一个孙女，首次与平民订婚。皇室典范规定，皇室成员与平民结婚后将失去皇族身份。真子公主的父亲文仁亲王夫妇和天皇夫妇都已同意婚约。", "label": "日本皇室成员真子公主（Princess Mako）将和一位平民结婚，她也将因此失去皇室地位。"}
{"q_idx": 609, "prediction": "距离地球上千公里处，俄国退役卫星 Kosmos-2004 和中国长征号火箭残骸险些相撞，距离最低仅 25 米。相撞后果可能灾难性，产生更多太空垃圾，威胁卫星和空间站。虽然这次危险的近距离相遇最后擦肩而过，但太空垃圾数量不断增加，严重拥堵近地轨道，对卫星和火箭构成巨大威胁。“凯斯勒效应”等连环撞击风险也令人担忧。清理太空垃圾面临技术和经济挑战，但追踪、监测和移除等努力仍在进行中。", "label": "自从人类开始进入太空探索以来，一个无法回避的问题日积月累，变得越来越危险，那就是太空垃圾之多触目惊心，构成安全威胁。"}
{"q_idx": 610, "prediction": "一名中国留学生宋某在韩国被驱逐，因其对朝鲜领导人发表激进言论，违反《国家安全法》，包括哀悼金正日，赞扬金正恩，反对朴槿惠。", "label": "一位在韩中国留学生因于网上发表赞扬朝鲜领袖并抨击韩国保守派政权的言论，同时参与进步势力所举办的示威活动，今年8月遭韩方驱逐出境。"}
{"q_idx": 611, "prediction": "无性恋约占世界总人口百分之一，他们不受到性吸引或对性行为缺乏兴趣。在进入人们视野之后，中国一些活跃的无性恋网上论坛为其成员提供了交流和活动的平台。中国无性恋者最难向父母坦白，因为传统文化重视婚姻和家庭，但随着丁克家庭逐渐流行，它或许能成为无性恋夫妇的理想家庭模式。", "label": "戴安·谢来自上海，才20出头。她第一次注意到自己无法感受异性吸引力是在荷兰留学的时候。"}
{"q_idx": 612, "prediction": "2014年起，中国承诺2030年左右二氧化碳排放达峰，并努力提早达峰。近期中法气候变化联合声明中，中国再次同意每五年全面盘点应对气候变化目标的总体进展。新兴经济体将在巴黎气候大会中发挥更重要的角色，从全球环境治理体系的参与者转变为决策者。中国软实力提升和经济转型需求，也推动中国在气候变化国际合作中承担更多责任。", "label": "气候变化国际峰会将于11月30日至12月11日在巴黎召开。会议举行正值全球经济复苏乏力、新兴经济体努力谋求转型发展之际。地球村中的主要政治人物再次风云际会，作为全球最大温室气体排放国的中国和其所代表的新兴经济体备受关注。"}
{"q_idx": 614, "prediction": "台湾 37 名涉嫌电信诈骗的国民被强行带往中国拘留，包括 8 名上周无罪后被拘禁者。外交部抗议，陆委会证实 8 人在北京被拘留，表示不接受中国外交部关于“一个中国”的说法。", "label": "台湾外交部周二（4月12日）表示，在肯尼亚（台湾称肯亚）涉入另一起电信诈骗案的22名台湾人，与上周五被带往北京的八名台湾人涉及同案获判无罪的15人，都被强行带往机场准备前往中国。"}
{"q_idx": 615, "prediction": "柯洁在围棋比赛中遗憾落败，但获得 DeepMind 创始人哈萨比斯高度评价。", "label": "在三局两胜的比赛中人工智能AlphaGo赢得了第两局对战，捍卫了比赛的最终胜利。"}
{"q_idx": 616, "prediction": "市场预计英国央行将上调利率，因企业信心攀升至1994年以来的最高水平，经济复苏从消费者支出转向投资和就业。", "label": "随着新的一年开始，最新调查显示，英国商界的对经济前景的信心达到1994年来最高点。"}
{"q_idx": 618, "prediction": "特朗普宣布暂停移民新政，限制外来技术人才流入，可能会对美国科技行业构成打击。该禁令可能导致美国科技业难以维持竞争力和创新，从而让中国和其他国家在科技领域取得更多优势。", "label": "美国总统特朗普表示，由于新型冠状病毒疫情影响，将签署行政命令暂时停止所有移民进入美国。"}
{"q_idx": 619, "prediction": "胡志明市罢工工人获一天假，抗议政府新福利措施将失业救济变为养老金一部分。罢工为越南最大规模、最长久的抗议活动之一，政府官员已与工人谈判。", "label": "越南南部胡志明市的台资宝元鞋厂数以万计工人的罢工在星期三（4月1日）进入第六天。"}
{"q_idx": 620, "prediction": "威廉王子敦促中国在打击偷猎的国际行动中加大贡献，中国政府同意派部长参加伦敦大会。此次大会将讨论野生动物制品非法交易问题，英国自去年起已多次争取中国参与，预计英首相卡梅伦等要员将出席会议并发表讲话。", "label": "英国剑桥公爵威廉王子成功说服中国政府参加如何对付偷猎和走私象牙和犀牛角的讨论。"}
{"q_idx": 622, "prediction": "毛新宇现任军事科学院副部长，全国青联常委、政协委员等职务。中国媒体报道毛新宇将晋升为少将，使其成为最年轻现役少将和军队唯一70后少将。", "label": "据四川广元市元坝区政府网站周日（8月1日）报道，毛泽东孙子毛新宇少将上周曾前往元坝的昭化古城考察。"}
{"q_idx": 623, "prediction": "英国政府计划提高酒类税，以解决严重的酗酒问题，每年造成27亿英镑的医疗负担，导致7万人死于肝病，14万人死于与饮酒有关的疾病。政府考虑每单位酒精售价不得低于45便士，并倡导酒类生产商加入抵制酗酒的行列。", "label": "英国专家警告说，如果不采取措施，英国未来20年将有多达21万人死于过度饮酒。"}
{"q_idx": 624, "prediction": "香港“港独”议员梁颂恒、游蕙祯宣誓辱华，引发争议。人大释法称“港独”违法，立法会主席禁止两人宣誓就职。两人上诉，涉及人大释法是否等同修法、是否追溯力等关键问题。", "label": "在 被香港高等法院裁定丧失立法会议员资格 后，\"青年新政\"的成员梁颂恒及游蕙祯在上诉限期最后一日就宣誓司法复核案上诉终审法院。"}
{"q_idx": 625, "prediction": "中美第一阶段贸易协议：取消12月互征关税，美对华25%关税不变，7.5%关税将大幅减免；知识产权保护方面达成多项共识；大幅增加美国农产品进口；中国承诺进行结构性改革，包括结束强迫技术转让。", "label": "中美分别于12月13日宣布，双方已就贸易谈判达成第一阶段协议。虽然协议尚未正式签署，但两方各自公布了协议的重要内容。"}
{"q_idx": 626, "prediction": "马航机场VX神经毒剂暗杀案：毒剂已清理完毕，KLIA2 航站楼安全；嫌疑人艾希亚称受雇抹不明液体；越南嫌疑人段氏香也受骗以为参与电视拍摄。", "label": "马来西亚警方确认朝鲜领导人金正恩的兄长金正男被毒杀身亡的马来西亚首都国际机场已经不再有“有害物质”。"}
{"q_idx": 627, "prediction": "英国调查显示青年失业引发心理健康问题，失业超过6个月的年轻人抗抑郁药处方增加一倍，三分之一有自杀念头，四分之一有自残经历。", "label": "慈善组织最新调查发现，英国16岁到25岁的失业青年中，75%坦承觉得生命一片空白，无事可做。"}
{"q_idx": 628, "prediction": "伊朗指责沙特阻挠伊朗人赴麦加朝圣；沙特称伊朗提出“无法接受”的条件。两国关系紧张，此前沙特处决什叶派教士，伊朗驻沙特大使馆被冲击。", "label": "德黑兰表示，鉴于未能与沙特阿拉伯解决有关朝觐的纠纷，伊朗人今年九月将无法前往圣地麦加。"}
{"q_idx": 629, "prediction": "卡塔尔世界杯举行时间尚未确定，国际足联秘书长说法属个人意见。会期具体日期需由执委会商议决定。由于卡塔尔夏季炎热，世界杯可能在11月或12月举行，但卡塔尔希望在6月或7月举办。", "label": "国际足联（Fifa）一位发言人说，2022卡塔尔世界杯是否推迟至冬天举行“还没有做出最后决定”。"}
{"q_idx": 630, "prediction": "习近平强调开放促进步，推动多边贸易。特朗普强调“美国优先”，倡导印太地区“自由和开放”，并要求各国遵守规则。中国宣布开放市场，放宽外资投资限制。南海问题被淡化，各方强调和平解决争议。", "label": "亚太经济合作组织（APEC）第25次领导人非正式会议今日（10日）在越南岘港举行，中美元首分别在工商领导人会议上发表演说，阐述不同的国际贸易愿景。"}
{"q_idx": 632, "prediction": "英国外交部报告称铜锣湾书店李波事件严重违反中英联合声明，破坏“一国两制”。英国要求中国让李波返回香港，并保证香港执法和自由。香港政府称李波被带往大陆是猜测，中国外交部强烈反对报告指责。", "label": "英国外交部周五发表最新一份的香港报告，指铜锣湾书店李波事件严重违反中英联合声明、及破坏“一国两制”原则。"}
{"q_idx": 635, "prediction": "谷歌计划开发中国版搜索引擎“蜻蜓项目”因压力而暂停，暂停了数据分析系统。谷歌表示目前无在中国推出计划，但仍可能继续寻找进入中国市场的途径。", "label": "有报道指出，谷歌“实际上已经终止”开发中国版搜索引擎的“蜻蜓项目”计划。"}
{"q_idx": 636, "prediction": "脱欧派此前声称可减少移民、增加医疗预算、退出单一市场。现今，脱欧派承认无法大幅减少移民、不可能为医疗保健系统提供大量资金，并认为英国应该享有单一市场的优惠，但需控制移民水平。", "label": "英国公投选择脱离欧盟，引起英国社会、政坛地震，波及欧洲，余波不断。"}
{"q_idx": 637, "prediction": "“Hygge” 是丹麦语的“惬意舒适”，代表北欧文化中注重轻松、亲近自然的生活方式。在丹麦，“Hygge”可以体现在日常生活中，例如点蜡烛、喝咖啡聊天、海边度假等，强调人与人之间的交流和陪伴。咖啡在“Hygge”文化中扮演着重要角色，咖啡品牌 Coffee Collective 提倡“直接贸易”，直接向咖啡豆生产商支付费用，确保咖啡质量和工人的工作环境。", "label": "丹麦语里的\"hygge\"在最近几年大受欢迎，原因是在于它背后的生活方式。"}
{"q_idx": 638, "prediction": "英国大学入学对少数族裔而言较难，尤其是非白人；然而，南亚与白人混血和华裔学生除外。英格兰白人学生进入名校的机会高于其他族裔。", "label": "伦敦政经学院LSE的研究认为，少数族裔进入大学的机会比较低。"}
{"q_idx": 639, "prediction": "朝鲜经济受制裁影响，出口大幅下跌；金正恩重视经济，旅游业成为经济发展可能性；朝鲜已证明核武实力，谈判损失不大；韩国暂停制裁，朝鲜重返谈判桌。", "label": "美国总统特朗普早前说，自己是促成朝鲜和韩国谈判的人。"}
{"q_idx": 640, "prediction": "美中贸易纠纷后，特朗普未来很可能会采取对中国“遏制”和“接触”双管齐下的“丛接触”战略。他可能会支持日本发展军事力量，承担更多防务费用，并加强与中国的合作，如“一带一路”和亚投行。此外，他可能会终结TPP，但美国仍会继续在亚太地区发展经济关系。", "label": "特朗普当选美国总统的消息在亚洲引起广泛的不安。全球各国都在关注，特朗普治下的美国是否会采取孤立主义和保护主义的姿态，而这对整个世界意味着什么。"}
{"q_idx": 641, "prediction": "大众汽车“欧五排放”汽车销售禁令影响 18 万辆，涉及奥迪、西亚特和斯柯达品牌。新任 CEO 穆勒将调查真相，改革管理。", "label": "瑞士暂停了大众汽车（Volkswagen）某些柴油引擎车型的销售，因为这些车型可能带有能够骗过尾气排放测试的装置。"}
{"q_idx": 642, "prediction": "斯图里奇在利物浦获得主教练信任，踢球随性，凭借直觉射门。他感谢罗杰斯的信任，致力于帮助球队夺冠。尽管曼城和切尔西领先，但夺冠并非不可实现。他与苏亚雷斯的配合默契，称赞苏亚雷斯训练刻苦。", "label": "利物浦核心球员斯图里奇日前在接受BBC采访时坦言，他为红军进球靠“直觉”，并说在切尔西效力期间，没能得到信任 。"}
{"q_idx": 643, "prediction": "张玉静，32 岁，被指控向特勤人员撒谎并违规进入特朗普庄园，声称参加联合国活动。她被发现携带可能包含病毒的电子设备。她的辩护律师拒绝置评，她将被拘留至下周听证会，如果罪名成立，她可能面临最高五年监禁。", "label": "一名携带两本中国护照的女子，带着一个装有恶意软件的U盘涉嫌撒谎混入美国总统特朗普的海湖庄园（Mar-a-Lago）俱乐部。"}
{"q_idx": 644, "prediction": "前重庆公安局长王立军从辽宁调入多名亲信，其中王鹏飞和李阳被免职。据称，王鹏飞为王立军提供秘密前往美国领事馆的车辆，并负责监听对重庆视察的中央高官。", "label": "重庆官方消息证实，重庆市公安局刑警总队长李阳和渝北区公安分局局长王鹏飞被免职。"}
{"q_idx": 645, "prediction": "新冠患者中，如英国首相约翰逊需住院治疗。高危人群（60岁及以上或伴有慢性疾病者）更容易出现严重并发症，包括45-65岁男性。尽管原因尚不确定，但男性风险更高可能与患病比例较高、抽烟等因素有关。虽然新冠死亡率与年龄和疾病史相关，但与无新冠死亡相比，其导致更多短期内死亡。维护健康生活方式（锻炼、良好饮食和卫生习惯）对于预防新冠并发症至关重要。", "label": "大多数感染新型冠状病毒的患者在症状出现大约一周左右就会恢复，不需要医疗照顾。"}
{"q_idx": 646, "prediction": "4 月份在南海钻井的 HD981 导致越南大规模反华示威。奥巴马表示，各方应按国际海事法解决海事纠纷，避免影响航运和商业。中国随后在南海争议海域增调 4 座钻井平台，引发台湾和菲律宾担忧。中方称钻井为正常活动，无关担忧。", "label": "美国总统奥巴马周五（20日）敦促中国和它的邻国和平解决因在南中国海有争议海域钻井作业导致的争执，避免紧张局势升级。"}
{"q_idx": 647, "prediction": "浙江扫黑除恶行动已抓获1200余犯罪嫌疑人，但“下指标”等运动化倾向引起担忧，可能影响程序正义和司法公正。", "label": "1月，中共中央和国务院下发通知，要求开展扫黑除恶专项斗争。近日山东全省检察长会议要求今年每个基层检察院至少要办理1起涉嫌黑社会性质组织犯罪案件或恶势力犯罪集团案件，在网络上引发争议。"}
{"q_idx": 648, "prediction": "八九学者笑蜀发联署信声援新公民运动领军人物许志永，认为公民社会是国家和民族最大的公共利益，是当下中国最后的底线。他强调，独裁体制必须退场，法治承诺必须兑现，而执政者应以对话谈判解决困境。", "label": "中国知名媒体人笑蜀被当局强行从北京“送回”广州，羁押48小时后现在重获自由，发表声明揭露北京国保非法绑架过程，呼吁海内外人士继续向中国当局施压，争取许志永等参与新公民运动的16人获释。"}
{"q_idx": 649, "prediction": "法轮功抗议者在习奥会场外练功抗议，要求奥巴马向习近平施压，停止迫害法轮功。", "label": "周五数百抗议者在奥巴马总统和习近平主席在加州举行高峰会晤的度假地安纳伯格庄园外聚集。"}
{"q_idx": 650, "prediction": "周五，一名涉伊朗洗钱案的伊朗籍商人获释。此前，三名土耳其部长之子因涉嫌贿赂和洗钱被捕。警方还在调查中逮捕了人行行长，他被指控受贿，并查获了一个装有 450 万美元的鞋盒。不过，行长已于本月初获释。总理埃尔多安认为这是一场针对他的政治阴谋，对警方和司法部门进行大清洗。", "label": "土耳其当局周五（28日）释放两名前内阁部长的正在候审的儿子，这是该国重大反腐调查中的最新转折。"}
{"q_idx": 651, "prediction": "泰国普吉岛废弃酒店发生直播死亡事件，一名男子先吊死女儿后自杀，引发社交媒体愤慨。脸书和 YouTube 均已移除相关视频。脸书表示正在探索改善视频审核过程，但无法避免因直播引发争议。", "label": "泰国警方称，一名泰国男子在脸书上直播杀女后自杀。"}
{"q_idx": 653, "prediction": "梁振英呼吁立法会放下成见通过政改方案，否认干预学术自由。多位议员批评梁对《学苑》的言论形同“批斗”，港大则呼吁尊重言论自由。官方社评指“港独”不容纵容，需制定措施制裁。", "label": "香港特首梁振英强调自已有决心争取2017年推行普选，呼吁立法会的议员投票支持稍后政府推出的政改方案，否则是“普选杀手”。"}
{"q_idx": 654, "prediction": "薄瓜瓜在声明中称，薄熙来和谷开来遭受秘密拘禁已18个月，呼吁在薄熙来的审判中保障其辩护权。他还表达了对母亲身体状况的担忧。", "label": "美国《纽约时报》刊登据称来自薄熙来之子薄瓜瓜的声明，称正密切关注他的父亲和母亲被中国当局“秘密拘禁”的处境。"}
{"q_idx": 655, "prediction": "为提高效率，人们尝试缩短工作最后期限。但是，一刀切的方法不起作用。专家建议设定合理的短最后期限，这样可以迫使自己完成任务并减少不必要的步骤。但是，对耗时长的项目来说，制定最后期限可以防止拖延。平衡很重要，避免设定过于紧的最后期限。了解任务的典型时间可以帮助设定准确的最后期限。对重复性任务设定较短的最后期限，而对需要审查和分析的任务设定更宽泛的时间。", "label": "设定最后期限对我来说绝非易事。不管我为自己完成任务预留了多少时间，在最后期限临近时我总是会手忙脚乱。"}
{"q_idx": 656, "prediction": "国际原油价格大跌，欧佩克成员国呼吁减产，但沙特维护市场份额意愿强烈。全球供大于求，需求疲软，美元强势也推低油价，美国解除原油出口禁令加剧供过于求。", "label": "国际市场原油价格继续下跌，原因包括供大于求、美元强势以及全球需求疲软。"}
{"q_idx": 657, "prediction": "英外交大臣哈蒙德称，俄罗斯与西方进行战略竞争，而非合作。尽管有停火协议，乌克兰东部冲突仍持续存在。欧盟可能加大对俄罗斯制裁，英国将提供非致命性军事援助和训练。", "label": "英国外交大臣菲利普·哈蒙德（Philip Hammond）说，若普京不改变其在乌克兰的意向，未来英国与俄罗斯的外交关系将继续“令人头痛”。"}
{"q_idx": 658, "prediction": "英格兰东南富人区住宅连续被盗，损失逾百万英镑。警方拘捕 36 人，查扣数辆犯罪车辆，破获犯罪团伙。嫌疑人入英作案，目标为豪华空置住宅，已运走部分赃物。", "label": "英国警方称，一个入屋盗窃团伙专门从智利飞到英国作案，以东南部的富人区住宅为目标，目前已被侦破。"}
{"q_idx": 659, "prediction": "英国飞机回收公司将废弃飞机拆解后出售零部件，包括发动机、起落架和其他有价值部件。这不仅回收了宝贵材料，还为电影和主题公园等行业提供了独特的道具。近年来，随着飞机更迭率的提高，飞机拆解行业蓬勃发展，促进了可持续消费和减少浪费。", "label": "巨大的身躯匍伏在科茨沃尔德（Cotswolds）的树篱和起伏的低地之间。它们出乎意料的在树丛后的农村道路边现身。"}
{"q_idx": 660, "prediction": "乌克兰东部亲俄武装与政府军争夺机场，亲俄武装宣称控制了卢甘斯克国际机场。乌军“有组织地”撤离机场。顿涅茨克机场附近交火继续，亲俄武装称政府军两排投降。自4月冲突爆发以来，已有约2600人丧生。俄总统普京称需讨论乌克兰东部“建政立国”问题。乌克兰、俄罗斯官员将于明斯克举行会谈。", "label": "乌克兰军方宣布，政府军与亲俄反叛武装彻夜交战后撤离东部卢甘斯克的机场。"}
{"q_idx": 661, "prediction": "德国艺术品收藏家古尔利特在其公寓中被发现拥有1400件艺术藏品，其中包括大师作品，这些藏品被认为是在纳粹时期被没收或劫掠的。古尔利特与德国政府达成协议，将确认哪些画是纳粹劫掠的。他的父亲是希特勒的艺术品经纪人，负责出售从犹太人家中没收的艺术品。调查仍在进行中，以确定这些藏品的原始所有者。", "label": "藏有千余件据信被纳粹劫掠的艺术品的德国老翁康奈留斯·古尔利特去世前立遗嘱，将千余幅所有权仍有争议的艺术珍品全部捐给瑞士伯尔尼艺术博物馆。"}
{"q_idx": 662, "prediction": "胡锦涛决定不再留任军委主席，打破江泽民开设的先例。这一决定或因考虑形象顾虑，也或因习近平和军队深厚渊源。", "label": "香港《南华早报》星期一（11月12日）援引未经透露的消息来源报道，中共领导人胡锦涛在本周举行的中共十八大结束后将卸任中央军委主席一职，并由他的接班人习近平接任。"}
{"q_idx": 663, "prediction": "英国因控制牛结核病而计划在规定区域内杀灭70%的獾。反对者认为这无效且残忍，支持者则认为这是保护牛只的必要之举。尽管有科学证据支持双方的论点，但杀獾与护獾之间的争论最终归结为情感和价值观的较量。", "label": "眼下英国政府和警方最大的机密和最大的头痛之一？杀獾。"}
{"q_idx": 664, "prediction": "太阳能供电系统可降低用电成本，但初期费用较高。政府激励措施和低息贷款可降低成本。安装之前，需要考虑用电量、备用能源和生活方式调整。太阳能供电系统可以增加房屋价值，但可能需要额外成本，例如电池和节能改造。考虑部分依靠太阳能，并与电网保持连接作为备用选项。", "label": "再过几个月，伯大尼·史怀彻（Bethany Schweitzer）和她的丈夫将有望通过安装在屋顶上的太阳能电池基本满足自家的用电需求。怀着过一种生态友好型生活的愿望，他们计算了相关费用，并向房屋所有者协会申请安装太阳能电池事宜，目前申请正在批准流程中。"}
{"q_idx": 665, "prediction": "美国科技公司写信给政府，表达对政府情报收集方式的担忧，认为其侵犯个人自由，呼吁透明度和改革。", "label": "世界八大技术公司组成一个“改革政府监视”联盟，要求美国政府“大规模”改变其收集信息的方式。"}
{"q_idx": 666, "prediction": "南中国海渔业资源丰富，但过度捕捞导致鱼类数量锐减。研究表明，各国应合作管理渔业资源，减少滥捕和修复鱼类数量。同时，政府和民间社会应共同努力，加强海洋科学研究和制定可持续的捕捞政策，以便平衡领土争端与资源保护。", "label": "南海领土争议日渐升温，令周边国家关系紧张。不过，备受忽略的是，主权争议令到保育海洋环境困难重重。最新研究指出，如果各国袖手旁观的话，任由过度捕捞鱼类及海鲜，三十年后，南中国海的鱼类数量最高最可下跌59%。"}
{"q_idx": 667, "prediction": "英格兰银行暂不计划加息，但经济复苏将最终导致利率升至4%-5%的“更正常水平”。", "label": "在英格兰银行（Bank of England）提高对英国经济预期后不久，该机构市场部总监菲舍尔（Paul Fisher）警告说，现在离“正常”还有很远距离。"}
{"q_idx": 668, "prediction": "Neuralink 公司展示了植入猪脑中的脑机接口设备，通过读取脑部活动信号实时控制设备。该技术旨在治疗神经疾病，增强人类认知能力，并在人工智能快速发展中保持竞争力。", "label": "有人把伊隆·马斯克（Elon Musk）形容为科技怪侠。他展示的脑机对接小猪又受到全球科技界关注。"}
{"q_idx": 669, "prediction": "实习经验让英国大学毕业生就业机会更高，强调了工作经验在竞争激烈的就业市场中的重要性。", "label": "最新调查发现，实习和见习经验都将大大提高大学毕业生的就业机会。"}
{"q_idx": 670, "prediction": "弗格森一名黑人青年与警方对射受重伤，警方逮捕了一些设置路障的示威者，但气氛相对平静。当地政府宣布紧急状态。", "label": "蒂龙在美国黑人青年迈克尔·布朗死亡一周年爆发抗议示威之后，当局宣布密苏里州城市弗格森进入紧急状态。"}
{"q_idx": 671, "prediction": "华为宣布在英国投资 20 亿美元，预计带来 700 个就业机会。此举将推进中英间的贸易关系，华为的设备将可用于英国电信的新宽带服务。华为的扩张因其创始人与军方的关系而面临担忧。", "label": "中国电信设备制造商华为宣布扩充在英国运作规模，新增投资13亿英镑。"}
{"q_idx": 672, "prediction": "曾钰成退出政坛，但考虑参选特首对抗梁振英。他认为香港与中央恶性循环，夺走香港核心价值将使香港制度瓦解。曾钰成被《时代》认为是香港精英阶层的理想主义者。", "label": "香港立法会主席曾钰成被选上最新一期《时代》期刊亚洲版封面人物。"}
{"q_idx": 673, "prediction": "丘吉尔曾因镇压罢工而被批评为“恶棍”。尽管他在二战中领导英国取得胜利，但其执政业绩和外交政策也曾引起争议。丘吉尔的一生充满轶事，包括他小时候体弱多病、成年后却坚强不屈；他酷爱读书、擅长抓住要点；他数次跌跤但从未低头；他发明过“峰会”等新词；他险获诺贝尔文学奖；他曾脚踩两只船；他卖画为生也没问题；他抽烟喝酒样样行。", "label": "3月12日、13日、14日， 决定英国命运的三天步步逼近 。"}
{"q_idx": 674, "prediction": "由于北京坚持自主任命主教，导致四位效忠教皇的广东主教失踪，令中国与梵蒂冈关系蒙上阴影。中国政府支持的教会计划任命 40 位主教，分析人士认为这将加剧两国关系紧张。", "label": "中国警方逮捕了4名得到梵蒂冈认可的主教，目前这4人失踪几天，仍下落不明。"}
{"q_idx": 675, "prediction": "圣彼得堡世界杯期间，显眼的英语俄语指示牌让人们忘记西方对俄罗斯的制裁。俄罗斯媒体和西方媒体对世界杯报道呈现明显差异，前者强调喜悦和进步，后者关注负面消息。世界杯承办体现俄罗斯政治意图，但西方元首缺席开幕式表明普京大国愿望受挫。盛事结束后，俄罗斯依旧面临西方偏见，但各国球迷的亲身体验或可带来改变。", "label": "\"我们希望向世人展示真实的俄罗斯，你到处走走看看，就会发现其实我们非常友善好客。\"圣彼得堡球场大学生志愿者奥尔加对我说。"}
{"q_idx": 676, "prediction": "美国候任总统特朗普发文力挺以色列，前国务卿克里谴责以色列阻碍和平，形容以色列总理内塔尼亚胡的内阁\"最右派\"。内塔尼亚胡反击克里，对特朗普表示感谢。", "label": "在美国候任总统特朗普（亦即川普）推文鼓励以色列\"坚持下去\"之后，美国国务卿克里说最有希望的和平方案现在也面临了危险。"}
{"q_idx": 677, "prediction": "福布斯女富豪榜揭晓，蕾哈娜凭借美妆品牌Fenty Beauty和内衣品牌Savage入榜。 榜单亮点包括美妆行业的成功人士，如凯莉·詹娜、阿纳斯塔西亚·索阿雷和胡达·卡坦。白手起家的网球巨星塞雷娜·威廉姆斯通过投资和代言成为唯一入榜的女运动员。时尚先驱多丽丝·费舍尔和张金淑创立的Gap和Forever 21等品牌也榜上有名。影视界明星，如奥普拉·温弗瑞和麦当娜，以及音乐界巨头碧昂丝同样登上榜单。最值得一提的是约会软件Bumble的联合创始人惠特尼·沃尔夫·赫德和卫生间清新剂公司Poo-Pourri的苏西·巴蒂兹。", "label": "《福布斯》公布2019全美自力更生的女富豪排行榜。"}
{"q_idx": 678, "prediction": "委内瑞拉首都加拉加斯市长雷泽马因涉嫌密谋推翻政府被捕，并被指控腐败。反对派否认指控，美国谴责政府压制异见人士。", "label": "加拉加斯市长安托尼奥·雷泽马（Antonio Ledezma）被起诉密谋暴力策反委内瑞拉政府，此举引起该国反对党抗议。"}
{"q_idx": 679, "prediction": "中国注重历史，并从中汲取教训。从被迫贸易到宗教宽容，再到技术进步，中国从过去中学习，塑造其现在和未来。无论未来如何，中国丰富的历史都将持续影响其发展。", "label": "要理解今日中国处理贸易、外交政策或网络审查等问题的新闻，得从它的历史中寻求答案。"}
{"q_idx": 683, "prediction": "台风海燕重创菲律宾，造成至少5209人死亡，其中礼智岛遇难4919人。此为菲律宾史上死亡人数最多的自然灾害。", "label": "菲律宾官员星期五（11月22日）透露，台风海燕在该国造成的死亡人数已经超过5000人。"}
{"q_idx": 684, "prediction": "桑德兰击败曼联，但赛后主帅莫耶斯批评裁判偏袒曼联，指责主裁判“糟糕透顶”。莫耶斯还谈及弗格森爵士等前主帅观战后是否给自己带来压力，他表示不会，并称“真正的球迷”支持他们的球队和主帅。", "label": "曼联在联赛杯半决赛第一回合负于桑德兰之后，主帅莫耶斯认为球队是在与裁判进行比赛。"}
{"q_idx": 685, "prediction": "多国船只和飞机正在马来西亚半岛两侧海域搜寻失联的马航MH370客机，但目前仍无明确发现。消息称飞机失联后曾折返飞往马六甲海峡方向，马来西亚当局表示正在调查这一可能性。", "label": "对马航MH370失联客机的搜寻已进入第五天，但目前传出的信息仍然混乱，失联客机的下落仍未确定。"}
{"q_idx": 686, "prediction": "中印签署价值200亿美元贸易合同，商讨边界纠纷、西藏和巴基斯坦关系等议题。温家宝访问印度，数百名流亡藏人抗议。印度担心中国商品冲击市场，但两国被视为新兴经济体，中印贸易额已达600亿美元。", "label": "中国总理温家宝星期三（15日）抵达印度首都新德里，开始3天正式访问。"}
{"q_idx": 687, "prediction": "凯莉·詹娜，卡戴珊家族成员，拥有 1.6 亿社交媒体粉丝，推出自己的化妆品品牌后，身价达到 9 亿美元，成为最年轻的亿万富翁。得益于她在社交媒体上的巨大影响力，她的化妆品一经推出立即售罄。其运营成本低，市场营销几乎无需费用。她来自富有的卡戴珊-詹娜家族，拥有商业背景和社交媒体优势，促进了她的财富增长。", "label": "被中国网民称作金小妹的凯莉·詹娜（Kylie Jenner）是美国卡戴珊-詹娜家族（the Kardashian-Jenner family）最年轻的继承人。"}
{"q_idx": 688, "prediction": "口罩遮挡的情况下仍可认出人脸，因识别人脸是人类演化而来的能力，与生俱来。熟悉的面孔对比陌生面孔更容易识别。研究表明，“识脸超人”存在，识别能力与遗传有关，但仅限于面部识别。跨族裔人脸识别存在难度，口罩和墨镜会影响识别准确率。", "label": "在一众陌生人里发现一个人看着眼熟，或者看到一个非常熟悉的面孔，虽然戴着口罩，或许还戴着墨镜，但还是被你认了出来。想过这是为什么吗？"}
{"q_idx": 691, "prediction": "美国称“海空一体战”并非针对特定国家或地区，但旨在应对来自中国的军事挑战，引起美内外批评。此举被认为是对中国不必要的挑衅，并可能恶化中美关系。该战略涉及对网络战和远程攻击能力的投资，尽管五角大楼面临预算削减。", "label": "《金融时报》星期五（6月1日）刊登署名文章称，美国国防部针对亚太地区的新战略计划被一些人认为具有过分挑衅的意味，其中特别是对中国。"}
{"q_idx": 692, "prediction": "* 美国大选尘埃未定，拜登胜选后港政策受关注。\n* 新冠疫苗传来曙光，中国品牌出海面临审视。\n* RCEP签署，打造亚太超级经济圈。\n* 奥巴马专访：修补美国社会分裂任重道远。\n* 英国智库：中国新型驱逐舰性能超越美日。", "label": "2020年11月的第三周，美国大选后余波荡漾，在香港以及台湾，民众对于结果也有所热烈反应。同时，美国制药公司Moderna在11月16日公布的初步数据显示，其最新研制的新冠疫苗可以达到将近95%的有效率，引起全球瞩目。"}
{"q_idx": 693, "prediction": "国王峡谷国家公园以其瀑布、冰川岩峰和高山湖泊而闻名。拉夫林家族经营着骡马背包旅游业务，将游客带入偏远的南内华达山脉。公园管理着美国最深的峡谷，吸引着喜欢远足、骑马甚至攀登的高山探险者。", "label": "许多个清晨，在灰色的花岗岩悬崖峭壁和高耸入云的巨杉树的陪伴下，雪松丛林背包站（Cedar Grove Pack Station）创立人蒂姆·拉夫林（Tim Loverin）出发去寻找迷路的骡子。"}
{"q_idx": 694, "prediction": "32 岁的前英格兰前锋欧文希望继续征战英超，斯托克城最有可能签下他。尽管欧文已不再年轻，但相信他仍能踢出顶级水准。欧文已获准离开曼联，正根据私人训练方式保持状态。欧文最希望能留在英超，但不排除中东俱乐部报价。", "label": "据欧文经纪人表示，多家英超俱乐部都对这名前曼联前锋感兴趣。"}
{"q_idx": 695, "prediction": "谢淑薇和彭帅在温网女双四分之一决赛失利后接受采访，她们表示感觉“解脱”，因为对手表现出色。她们指出，自己没有期望，但会尽快休息并专注于下一场比赛。", "label": "温网比赛进入到了第九个比赛日，大赛的女双头号种子 - 海峡组合彭帅/谢淑薇以6-4、6-7、2-6被对手逆转，无缘八强。"}
{"q_idx": 696, "prediction": "穆萨拉姆父母表示，其子2014年在土耳其失踪，后“伊斯兰国”宣称其为受以色列情报局指派间谍，并发布一段视频显示其被杀。", "label": "“伊斯兰国”（IS）武装组织在互联网上发布一段视频，显示一名他们称为以色列间谍的阿拉伯人被枪杀。"}
{"q_idx": 698, "prediction": "国际能源署监测发现，固定系泊大型油轮存储的原油达到 9400 万桶，这高于正常水平，但不足以称之为期货升水。主要原因可能是岸上储油罐已满，而海上需求疲软。随着油价上涨和炼油厂产能增加，预计储存的原油将转移到岸上。", "label": "每年都有30亿吨原油及其精炼产品通过巨型油轮运往世界各地。但最近，其中的一些油轮却停航了。事实上，自从今年3月以来，停泊在新加坡和荷兰鹿特丹等港口的油轮数量远超正常水平——但目前还不清楚背后的具体原因。"}
{"q_idx": 699, "prediction": "联署信呼吁中国全国人大批准加入《公民权利和政治权利国际公约》。244名人士联署，包括律师、学者、媒体人等，敦促中国推动政改、促进人权。", "label": "在中国人大在北京开会之际，第三批律师和活动人士签署联名信呼吁人大尽快批准人权公约。"}
