,q_idx,gemini_prediction,label,gpt_prediction
0,400,中国党校编辑邓聿文批评中国领导层未能推进民主改革，权力缺乏制衡是许多社会问题的根源。文章强调了十项问题，包括经济改革停滞、收入不平等和污染，指责政府无视网络上的公民权利呼声。,由国家控制的报纸的一位主编对即将离任的中国领导人发出批评，指责他们政治改革进展甚微。,中国领导人受到批评，政府权力没有制衡，是许多社会问题的起因。胡锦涛和温家宝在十年主政期间问题多于成就，没有取得多少实际进展。中国面临的10大问题包括经济改革停滞，收入悬殊和污染问题。中国急需民主，限制政府权力是关键。政府没有充分注意互联网上的公民权利呼声。执政党和地方政府没有与时俱进，仍然用传统方式对付维权呼声。邓聿文的批评文章经过政府审查，但仍可在《财经》网站上看到。
1,401,香港发现禽流感后销毁1.7万只活鸡，禁止鸡只进口和销售三周，将流感警报系统升至“严重”级别，追踪鸡只来源。,香港证实上周发生了3起禽类死于H5N1禽流感，周三（21日）销毁了1.7万只活鸡。,香港发现鸡和野鸟死于禽流感，销毁1.7万活鸡。政府禁止三周内进口和销售活鸡，并升级流感警报系统。正在追踪鸡的来源。政府为了公众安全采取措施，防止禽流感传播。此前也曾因SARS和猪流感采取快速应对措施。
2,402,世界经济论坛报告指出，香港银行业规模较大，占本地生产总值比例高，是其竞争优势之一。尽管整体评分因金融危机而下跌，但香港在金融稳定性排名第三，银行业金融服务排名第一，整体排名较去年上升三级至第五位。,世界经济论坛（WEF）发表的最新报告称，香港银行业提供的金融服务为全球最佳。,香港银行业占本地生产总值的高比例是其重要竞争优势。根据《2009年全球金融发展报告》，香港在全球排名第五，金融稳定性排名第三，银行业金融服务排名第一。虽然总排名上升，但评分下跌了近5%。新加坡在整体排名上升至第四位，金融稳定性排名第五。报告指出，香港和新加坡的银行业都有改进空间，但效率相对抵消了不足。香港银行业在本地生产总值中的相对规模排名全球第二，证券市场交易规模与本地生产总值的比例也是全球最高。然而，债券市场仍有待发展。
3,403,中国关闭美国驻成都总领馆，回应美国关闭中国驻休斯顿总领馆。成都总领馆降旗闭馆，中国接管。美国表示失望，称其为与中国西部民众关系的中心。中方称美国关闭休斯敦总领馆是基于“政治谎言的大杂烩”。美国驻成都总领事林杰伟的夫人，台湾美食作家庄祖宜遭遇网络攻击。,美国外交人员在周一（7月27日）离开美国驻成都总领事馆，这座位于中国西南部的总领事馆在上周五被中国政府要求关闭。,中国外交部周一表示，按照中方要求，美国驻成都总领馆在上午10时闭馆，中方主管部门随后从正门进入，实行接管。美国对中国当局的决定感到失望。中国民众围观总领馆外，美国驻成都总领馆内的徽标已经被取下，工作人员正忙着搬运物品。美国驻成都总领馆成立于1985年，覆盖了中国西南地区的多个省份，包括西藏自治区。中国选择下令关闭美国驻成都总领馆，与美国关闭中国驻休斯敦总领馆还是比较对等的。中美关系恶化的原因包括贸易战、新疆问题、香港国安法、南海问题以及对疫情的处理等。
4,404,英国在华为5G问题上犹豫不决，夹在美中压力之间。英国一方面想提升5G网络，但也担心华为技术的安全风险。美国警告称，使用华为技术可能损害信息主权，而华为坚持自己的技术没有风险。英国已采取折衷方案，允许华为有限参与5G建设，但将核心网络排除在外。英国舆论认为，决策者左右为难，得罪一方都会带来损失。,英国政府本周决定是否在5G网络建设中使用中国华为技术。首相约翰逊（庄汉生）在宣布英国是否将采用华为5G设备技术决定的前夜告诉媒体说：将作出一个既让国人获得新科技实惠，又不让国家安全受到威胁的选择。,华为公司发言人表示，华为是私营公司，英国专家认为华为的技术不存在安全风险。然而，英国面临着在脱欧后改变现状的决心和夹在美国和中国之间的困难。多方专家指出，没有华为的5G技术，英国基础设施升级换代的计划将变得困难且昂贵。美国对华为施加巨大压力，而英国决策层态度与美国对立。英国国内也存在反对使用华为技术的声音。华为的5G技术可能带来潜在风险，但英国已经有了应对风险的办法。对英国政府来说，如果不用华为的5G技术，还需要找到替代技术。英国的决策者面临着左右为难的局面。
5,405,全国首起公开纠正死刑冤案，副局长冯志明被免职“双开”待查，真凶赵志红二审待宣判，涉事责任人调查接近尾声。,中国消息人士向BBC中文网证实，涉及内蒙古呼格吉勒图冤案的呼和浩特市公安局副局长冯志明已被“双开”，但呼市官员出面否认。,中国媒体称呼格吉勒图案是“全国首例公开宣告纠正已执行死刑的错案”。冯志明被中共呼和浩特市委开除中共党籍，免去副局长职务，涉嫌受贿和徇私枉法。官方新华社引述中共呼和浩特市纪委常委刘业平说，冯志明被“双开”的消息不实。1996年，呼格吉勒图被冯志明领导的专案组认定为奸杀案凶手并执行死刑。赵志红自称是真凶，目前正在等候上诉结果。冯志明被免职调查，主要范围是其职务犯罪，尤其是经济问题。制造呼格吉勒图冤案的责任人涉嫌违法犯罪的调查即将公布。如果发现“呼格案”原办案人员有违规问题，将追责到底。
6,406,反对中缅铜矿的示威者与仰光警察发生冲突，要求关闭矿场，抗议一名女性示威者被枪杀。,缅甸警方表示，反对中缅合资铜矿的数名抗议者因为举行“违法示威”活动而被起诉。,周一，大约100名反对中缅合资铜矿场的活动人士在仰光举行示威集会，并与警方发生冲突。示威者要求关闭位于缅甸西北部的莱比塘矿场，因为开发铜矿场让他们失去土地，危害环境，但让中国企业受益。警方已逮捕了4名抗议者，另外还有3人尚未到案。
7,407,罗马时期的古代英国人牙龈健康优于现代人，但龋齿问题严重。现代人虽然龋齿问题改善，但牙龈疾病却更普遍，与吸烟和糖尿病有关。,考古研究发现，生活在“罗马不列颠”时期的英国人的牙龈，比现在英国人的要更健康。,研究发现，生活在罗马时期的古代英国人比现代人更健康的牙龈。现代英国人中有三分之一患有牙龈疾病，而吸烟和二型糖尿病是主要原因。然而，古代英国人虽然有牙病，但牙龈似乎没有大问题。研究结果表明，仅仅刷牙是不够的，吸烟和糖尿病会增加患牙龈疾病的风险。现代人的牙齿整体上比以前好，但牙龈疾病越来越普遍。
8,408,利物浦放弃引进瓦尔德斯，后者将前往曼联训练。皇马拟正式签约埃尔南德斯，切赫欲离切尔西加盟贝西克塔斯，默特萨克批评阿森纳队友缺乏斗志。,利物浦暂时放弃签约前巴塞罗那门将瓦尔德斯——《利物浦回声报》,瓦尔德斯将前往曼联进行训练，利物浦放弃了签约他的计划。皇马计划签约埃尔南德斯，但希望曼联降低售价。切赫有意前往土耳其，加盟贝西克塔斯。默特萨克批评队友缺乏斗志，认为他们应该在训练中加倍努力。
9,409,国务卿克里首次外访，将访问包括叙利亚、伊朗以巴冲突在内的多国外交热点话题。,美国新任国务卿克里周日（2月24日）启程前往伦敦，开始为期11天的出访。,美国国务卿克里进行了他的首次出访，他将访问英国、德国、法国、罗马、土耳其、埃及、沙特阿拉伯、卡塔尔和阿联酋。他将会晤各国领导人，讨论叙利亚和伊朗等问题。在叙利亚问题上，克里将会与叙利亚反对派以及其他国家代表会面，讨论和平解决方案。叙利亚危机已经造成7万人死亡，叙利亚反对派希望得到更多的支持。美国对叙利亚反对派的援助目前仅限于非致命性武器。
10,410, 香港白皮书宣示中央全面掌控香港，香港媒体认为这是香港回归17年来中央对港权力阐述的分水岭，质疑中央全面管制下的香港是否是国家需要的香港。,香港各大报章在周三（6月11日）均纷纷发表社评，就国务院新闻办前一天发表的《“一国两制”在香港特别行政区的实践》白皮书做出评论。,香港媒体报道了中国国务院新闻办公室发表的《香港白皮书》，这是自香港主权移交以来首次阐述香港对国家的从属关系和中央对香港拥有的权力。白皮书显示，中央对香港事务的控制从宽松变为收紧，全面掌控香港事务。媒体对此表示担忧，认为这可能破坏香港作为国际金融中心的地位。一些评论认为，白皮书的发表显示中央政府加强了对香港管治的控制，并担心会出现“夺权”的场面。另外，一些评论认为白皮书对香港的权力并没有什么新意，只是为了打破一些人的幻想。总的来说，白皮书引发了对香港政治发展的担忧和争议。
11,411,枪手和红军本赛季展现夺冠实力。枪手的阵容受限，习惯攻势足球，容易受伤病困扰。然而，足总杯对枪手比欧冠更重要。红军敢于启用少帅罗杰斯，凭借坚韧素质和球迷期待，有望赢得英超冠军。,两支红色军团，一支八年无奖杯，一支期盼英超冠军 24 年；一支在温布利凭借点球击败了维冈竞技，一支在安菲尔德险胜客场挑战的曼城。阿森纳和利物浦在周末向冠军梦想迈进了一步。 迈进决赛的心酸,温格和罗杰斯两人带领的球队都有望在本赛季取得成绩。枪手拥有实力夺冠的阵容，但经常受伤病困扰。温格固执己见，不愿意砸钱引援，因为俱乐部财政状况不允许。利物浦敢于放弃名宿教练达格利什，启用罗杰斯，给予他耐心和时间来培养本土人才。无论是枪手还是红军，他们都渴望赢得冠军奖杯，本赛季可能是他们实现这个目标的机会。
12,412,今年金马奖影帝为涂们，影后为惠英红。两岸电影合作与竞争良好，台湾演员和电影获得认可。金马奖为敏感或小众电影提供展示平台。两岸电影交流仍有障碍，如台湾电影需抽签才能在大陆上映，大陆电影需取得公映许可证才能在台湾上映。,"（注：本文不代表BBC观点和立场） 台湾主办的""华语""电影金马奖颁奖典礼落幕，在两岸关系停滞的现在已经很难看到这种气氛和乐的两岸三地人士共聚一堂的场合。",中国资深演员涂们以《老兽》拿下了金马奖影帝头衔。今年的金马奖得奖名单涵盖了台湾本地和对岸的电影人，没有因为政治因素而尴尬。两岸三地的电影人在典礼后一起聚餐，展现了竞争与合作的关系。虽然最佳影片大奖留在了台湾，但中国演员涂们获得了影帝，惠英红获得了影后，文淇获得了最佳女配角。台湾电影界通过启用经过剧场锻炼的演员，取得了肯定。金马奖为一些题材敏感或市场小众的电影提供了展示的机会。两岸电影在市场上存在水土不服的问题，商业片更受欢迎。金马奖可以帮助艺术片获得更多关注。最佳动画短片《暗房夜空》以同性恋者为主题，获得了认可。两岸电影交流存在障碍，例如《嘉年华》需要抽签才能在台湾上映。台湾电影要在中国大陆上映也面临困难。金马奖希望成为华语电影的首要奖项。
13,413,大学生选宿舍优先考虑卫浴单间、无线上网、公共空间，以及地点、安全、价格、整洁度等因素。大学和私人投资者正在建设或改造宿舍楼以满足需求。,英国大学生选择宿舍，首要考虑带有卫浴设备的单人房，最好还能无线上网。,大学生选择宿舍时，首要考虑卫浴设备和无线上网。调查显示，他们希望有单人房和休闲的公共空间。此外，宿舍的地点、安全、价格和清洁程度也很重要。然而，目前大学生住宿设施仍然不足，有17%的学生无法找到合适的宿舍。因此，学生住宅开发和管理公司正兴建新的宿舍楼来满足需求。
14,414,英国警方逮捕第六名曼彻斯特竞技场爆炸案嫌疑人，该爆炸案已造成 22 人死亡、64 人受伤。嫌疑人萨勒曼·拉马丹·阿贝迪的兄弟伊斯梅尔在曼彻斯特被捕，他的父亲和另一个兄弟在利比亚被拘押。警方正在调查该袭击背后的网络，并已将恐怖威胁等级提高至最高级别。纽约时报发布了据称是英国当局收集的爆炸现场图片，这引起了英国当局的愤怒。,"曼彻斯特竞技场怀疑自杀袭击事件发生后，英国警方已逮捕第七名犯罪嫌疑人，警方并称在调查爆炸案幕后的""网络""。",英国警方在沃里克郡搜查后，在纳尼顿逮捕了第六名涉嫌参与周一致命袭击的嫌疑人。袭击事件导致22人死亡，64人受伤。袭击嫌疑人的父亲和弟弟已在利比亚被扣押。英国警方已经逮捕了多名嫌疑人。英国政府已将恐怖威胁级别提高至最高级别，并在重要公共地点部署军队士兵。袭击嫌疑人阿贝迪以前的同学表示，他脾气暴躁，容易轻信他人。
15,416,香港政府与学生代表举行第三次筹备会议，同意公开对话，时间和地点待定。学联对政府限制议题范围表示失望，认为政府缺乏诚意。金钟仍有“占中”与“反占中”人士对峙。,香港学联与特区政府代表周二（7日）同时宣布，双方将于周五（10日）下午4点展开对话。,香港特区政府准备与学联对话，但学联对政府的限制感到失望和愤怒。对话将对媒体公开，但一般公众不能进入会场。金钟仍有对峙场面，而在铜锣湾占领区只剩下数十名占领者留守。对占领中环行动和政府与学生的对话是否会有成果，欢迎参与讨论。
16,417,克格勃曾利用歌剧邀请促成时任英国首相布莱尔与普京会面，帮助普京展示政治实力。前军情六处首脑迪尔拉夫爵士表示，此次邀请可能是为普京“抛光”，当时西方国家普遍看好普京。不过，随着普京政权实质面貌显露，英俄关系急转直下。英国认为，普京应对前俄罗斯间谍在英国被毒杀事件负责，英俄关系跌至新低点。,在英国指责俄罗斯总统普京一手策划诺维乔克神经毒剂攻击，英俄关系陷入冷战结束以来最低点之际，英国情报机关军情六处（MI6）前首脑一语惊人。,克格勃请布莱尔去俄罗斯看歌剧，与普京一起观看。军情六处帮助克格勃运作，增强普京的形象。英国与俄罗斯关系曾积极融洽，但随着普京政权的暴露，关系变得尴尬和困难。英国指责俄军情报官员涉嫌毒杀案，认为普京应负责。俄国可能出于危机感，下令刺杀前俄罗斯军事情报官员。
17,418,据信俄罗斯已为斯诺登颁发证件，以证明其避难申请正在处理中，斯诺登凭此可入境俄罗斯。,俄国媒体称，前美国情报人员斯诺登将获得官方证件，离开莫斯科谢列梅捷诺国际机场。,斯诺登已获得俄罗斯避难证件，可以入境俄国。他在莫斯科机场滞留三个多星期后，可能很快离开机场中转区。虽然拉丁美洲国家愿意提供避难，但斯诺登首先要俄国接受他的避难。美国已起诉斯诺登，俄罗斯总统普京拒绝将其交给美国，但要求他停止泄露情报秘密。
18,419,买房后发现房屋有严重缺陷会带来极大损失。在购买前进行专业房屋检测，并取得卖家和保险公司的相关证明以保障自身利益。如发现问题，可拍照记录并联系相关方索赔。若协商无果，可考虑法律途径，但应注意仲裁和诉讼成本及风险。,当雪琳·法鲁塔（Sheilyn Faluta）今年7月买到自己的第一套房子时，她完全没想到还要在两个月内再支付好几万美元的维修费。,买房前没有发现水管问题导致供热和制冷系统被破坏，修复费用高昂。隐藏的房屋问题可能导致生活困扰。购买房屋前应进行适当检测，购买房主或建筑保险以应对潜在问题。如果发现问题，应记录并查询当地法律，与房产中介和保险公司联系。如果需要，可以考虑起诉责任人。
19,420,马英九支持香港民众争取普选，认为中国大陆应让一部份人先民主化，促成两岸双赢。但他批评台湾抗议团体不民主，导致社会对立和国会审议受阻。,兼任国民党主席的台湾总统马英九在庆祝双十国庆节的讲话上，支持港人眼下仍持续的争取普选行动，但他同时否定台湾民众对其发动的抗议。,马英九在讲话中表示支持香港民众争取特首普选的行动，并呼吁大陆与香港的民主发展取决于领导人的智慧与度量。他提到邓小平曾说过让一部分人先富起来的名言，现在的香港为何不能让一部分人先民主起来？他认为如果能实现大陆对香港的承诺，将使大陆与香港双赢，也有利于两岸关系的发展。马英九认为现在是中国大陆走向民主宪政的最适当时机，因为大陆经济发展快速，人民生活改善，希望享有更多的民主与法治。他对台湾的抗议行为表示不满，称其为不民主行为，认为这些行为不仅导致社会对立，还阻碍了法案的审议。香港争取真普选的抗议民众以占领街道等方式进行抗争，反对者也批评他们侵害了他人的合法权益。马英九虽然是民选总统，但抗议者对台湾民主现况表示担忧，认为台湾民主正在流失。在马英九发表讲话时，听众经过严格的安检才能入场，抗议民众则被警察隔开。
20,421,谷开来涉嫌故意杀害英国商人海伍德案将于合肥中院开审，此前媒体通稿发布后中国网上相关讨论受到屏蔽。 分析认为审判具有政治色彩，有网民质疑谷开来是否能得到公平审判，并对审判信息保密和对外开放的差异提出疑问。,在中共重庆市委原书记薄熙来之妻谷开来涉嫌谋杀案即将开审之际，种种迹象显示中国当局对媒体与网络空间的讨论实行噤声。,谷开来案将在合肥中级法院开审。谷开来将于8月9日在安徽合肥中级法院出庭，就其涉嫌故意杀害英国商人海伍德一案受审。中国媒体刊发了官方新华社于7月26日宣布谷开来被起诉的通稿，但随后寂静无声。网民在微博平台上继续讨论事件，但关键词被屏蔽。数以百万计的网帖骤降至数百条，显示大量微博信息被删除。一些微博用户坚持发帖，呼吁公平审判。一些网民认为谷开来获得公平审判的机会微乎其微。当局并未公开宣布开审日期，境外媒体从谷开来的家庭律师得知开审时间，英国外交部证实将有英国外交官旁听。一些网友质疑为何可以让英国人旁听，而国人却被封锁真相和质疑。审判的疑问有待解答，持续时间未知。
21,422,BBC逍遥音乐会终场之夜将演奏《统治吧！不列颠尼亚》，但不会演唱歌词，引发英国社会对殖民历史和黑人平权运动的反思。有人认为这首歌宣扬种族主义，应被禁止，而另一些人则认为它是历史传承的一部分。BBC决定只演奏音乐不演唱歌词，被批评为“忘本”。,BBC英国广播公司夏天举办的逍遥音乐会（BBC Proms）每年都是全英国的一大音乐文化盛事，而终场之夜堪称这一活动的高潮。,BBC逍遥音乐会的终场之夜引发了关于是否演唱《统治吧！不列颠尼亚》的辩论。BBC已经确认今年的演出将只有乐队演奏，没有演唱。这首歌曲因与殖民历史和贩奴历史相关联，引起了强烈反应。有人认为这首歌曲是帝国主义的回声，对黑人和了解殖民主义的人来说不舒服。然而，也有人认为这首歌曲是英国历史传承的重要元素，具有凝聚人心的作用。这场辩论反映了英国社会对过去帝国和奴隶贸易历史的反思。
22,423,"白皮书概述苏格兰独立建国的方方面面，包括经济、军事、外交、社会和文化。其中关键要点包括：
* 独立苏格兰可能继续使用英镑，拥有独立金融政策。
* 苏格兰将作为北约独立成员国，拥有自己的军队，并寻求最快移除核潜艇。
* 苏格兰将保留君主立憲政体，留在欧盟，不加入欧元。
* 苏格兰将实施新的移民政策，提供免费托儿服务，并建立新的公共广播机构。",“这不仅是为苏格兰，也为所有展望独立的地区”。难怪中国记者也来到了格拉斯哥。苏格兰的独立要求从1707年苏格兰与英格兰签署联合条约（Act of Union）那天起就开始了。,苏格兰发布了一本670页的独立白皮书，详细介绍了建立一个独立国家的各个方面。白皮书包括经济金融、军事国防、内政外交和社会文化等内容。苏格兰首席部长表示，一个独立的苏格兰将带来经济繁荣、社会公平和更好的前景。然而，反对独立的人认为白皮书充满了不实的承诺和无意义的臆断。明年9月18日，苏格兰将进行公投，决定是否独立。
23,424,中国否认武力袭击越南渔船，称驱逐其在西沙群岛海域非法捕捞是合法正当的，并要求越南尊重中国对西沙群岛的主权，停止非法侵渔。,中国外交部表示，中方驱逐西沙群岛海域越南渔船“完全正当合法”。,中国外交部表示，中方驱逐西沙群岛海域越南渔船“完全正当合法”。中国对西沙群岛及其附近海域拥有无可争辩的主权。中方要求越方尊重中国对西沙群岛的主权，停止非法侵渔活动。越南外交部抗议中国在南海涉嫌袭击越南渔民，要求中方赔偿损失。
24,425,特朗普承认奥巴马出生于美国，指责希拉里2008年发起谣言，而他终结了这出“丑剧”。然而，没有证据支持特朗普对希拉里的指控，而奥巴马的出生地仍然影响着非裔美国选民的投票意向。,此前一直对有关美国总统奥巴马出生地存有质疑的唐纳德·特朗普（Donald Trump）终于承认，他相信奥巴马是出生在美国。,特朗普指责希拉里为奥巴马的出生阴谋论开了头，但特朗普自己也曾质疑奥巴马的出生地。希拉里否认与出生阴谋论有关，称特朗普领导了这场阴谋论。这个话题可能影响非裔美国人的投票意向。特朗普最终承认奥巴马是在美国出生的，但他的指责可能仍然存在。希拉里要求特朗普道歉。这个阴谋论最初是由希拉里的支持者传播的，但没有证据显示希拉里与此有关。特朗普在2012年加入了这个话题。这个话题对特朗普在黑人选民中的地位有利也有弊。
25,426,台湾政府表示，台湾人在中国设籍将丧失台湾公民身份。即使有“惠台31条”政策，但对于在大陆发展的台湾人，政府仍担忧会被统战拉拢。在两岸关系下，“脱台者”人数可能还会增加，未来甚至可能不当台湾人改当中国人。,在英国人脱欧、朝鲜人脱北之后，最接近类似概念的新词语应该算是“脱台者”。谁是“脱台者”？“脱台者”又引起哪些争议？,台湾陆委会副主委邱垂正表示，台湾民众若在中国大陆设籍、领用中国护照，将丧失台湾人民身分。根据台湾内政部统计，2004年至2017年，共有567名台湾人因在中国大陆设籍而丧失台湾人民身分。一些台湾人选择改当中国人，被称为“脱台者”。台湾政府取消了一些“脱台者”的台湾户籍，并将其视为中国公民。未来，“脱台者”可能会越来越多。
26,427,中纪委调查山西政协副主席令政策和副省长杜善学，令政策系令计划之兄。,中国官方媒体周一（6月21日）引述中共中央组织部负责人证实，山西省委常委、副省长杜善学和山西省政协副主席令政策已被免去领导职务。,中纪委宣布调查杜善学和令政策，两人因严重违法违纪被免职。令政策是胡锦涛的前秘书，他的落马备受关注。令计划在中央电视台露面，参加座谈会。山西省多名高官也被调查。山西省委常委会和省政府党组表示支持中纪委的调查。新华社的评论文章被删除。
27,428,候任特首梁振英就六四事件保持沉默，引发各界批评。梁于1989年曾谴责军队镇压，但现称邓小平比异见人士刘晓波更值得诺奖，被指“变色龙”。支联会主席李卓人斥其“出卖良心”。,候任香港特首梁振英对六四事件态度的转变引起强烈批评。,候任香港特首梁振英拒绝回应有关六四的问题。梁振英此前被问及他对“平反六四”的立场时表示“没有补充”。支联会主席李卓人批评梁振英是“六四变色龙”以及“出卖良心的特首”，不能代表香港人。立法会议员冯检基表示，梁振英最大的问题是对六四的看法与以往不同。有十几万香港人周一参加了纪念六四23周年的烛光晚会。候任特首办主管罗范椒芬表示，梁振英作为候任特首，即使他有个人看法也未必方便公开评论六四。转变 梁振英于1989年六四事件发生前曾经与其它同业以“香港一群测量师及见习测量师”名义刊登声明，“呼吁人民解放军明辨是非，拒绝武力镇压爱国行动”。李卓人批评，梁振英在谴责六四的20多年后表示当年“下令屠城”的中国前领导人邓小平比刘晓波更值得获颁诺贝尔和平奖，是侮辱香港人对六四的感情以及记忆。报道引述出席六四烛光晚会的市民说，梁振英当年谴责镇压六四是押政治宝，现在时移势易，他便很快地退缩。立法会议员何锺泰则认为，如果梁振英因为有困难而不表态是可以接受的。现任行政长官曾荫权对是否支持平反六四及会否辞职等提问一概没有回应。
28,429,美国加大亚太军力应对中国崛起，保持地区稳定。,美国国防部副部长阿士顿·卡特星期四（3月8日）表示，美国将调派更多军力前往亚太地区，其中包括一艘航空母舰。,美国加大在亚太军力旨在应对中国。美国海军舰艇驻扎在太平洋的比例将从52%增加到60%。美国希望继续在太平洋地区发挥关键作用，以保持和平稳定。中国的军事力量不断增强，特别在南中国海主权争议问题上表现出强硬态度，引起周边国家的不安。美国加紧与亚太国家的军事联系，但解释军事部署不是为了围堵中国。中国呼吁各国在发展关系时考虑到其他国家的利益和地区的和平与稳定。
29,430,新加坡在TIMSS国际排名中名列前茅，因其重视教育而闻名。相反，尽管英国进行了教育改革，但英格兰学生的成绩并未提高。,根据独立的教育研究机构“国际教育成就评价协会”（IEA）最新公布的“国际数学和科学评测趋势”（TIMSS）测试结果，新加坡的中小学生在数学和科学科目的测试中取得了最佳成绩。,新加坡在TIMSS国际排名中表现出色，成为数学和科学领域的全球第一。东亚学生的成绩普遍高于欧洲，北爱尔兰小学生的数学成绩排名第六。然而，英格兰学生的成绩在四年内没有提高，数学和科学成绩都有所下滑。尽管英格兰学生的成绩仍高于平均水平，但新加坡的成功被归因于将教育放在首位。教育的质量和地位是成功的关键因素。
30,432,疫情期间居家办公令市中心办公大楼空置，导致周边零售和餐饮业萧条。呼吁政府采取措施让员工重返工作场所，支持地方经济。同时，居家办公可能成为新常态，科技公司等已宣布实施灵活工作制，平衡企业成本与员工福利。,新冠病毒疫情期间，许多人不进办公室而是在家工作，如果长期持续这个情况，市中心将变成空无一人的鬼城。,英国市中心办公区成为鬼城，零售商店和餐饮店难以维生。英国政府要求人们返回工作场所工作。许多公司发现员工在家工作有效率。英国工业联合会呼吁政府加强人们对返回工作场所的信心。在家工作可能成为新常态。灵活弹性的工作方式能降低企业支出，提供员工更好的工作生活平衡。然而，也存在一些问题，如年轻人缺少培训机会和某些行业不适合在家工作。依赖商业区人潮的店铺受到影响。Pret a Manger等公司面临困境。
31,433,巴西石油公司因贪腐损失148亿美元，面对亏损和股价下跌的困境。,深陷贪污丑闻的巴西国家石油股公司Petrobras公布去年亏损72亿美元，其中20亿元损失与贪污有关。,巴西国家石油公司（Petrobras）是巴西最大的国营控股企业，也是南美最大的石油公司之一。该公司面临资产贬值和亏损的问题，其中一部分是由于炼油厂成本超支和油价下跌所导致的。该公司高管被指与承包商合谋牟取私利，导致公司损失巨大，巴西总统罗塞夫和她的政府信誉受损。巴西国家石油公司拥有全球最丰富的石油资源之一，但近年来首次出现亏损。最近上任的新董事局希望公司能有一个新的开始。
32,434,潘，一位 25 岁的中国公民，加入叙利亚库尔德民兵组织 YPG，对抗“伊斯兰国”组织，但他面临语言障碍和武器不足等困难。,一名中国公民向BBC中文网表示，他今年10月只身前往叙利亚北部边境城市科巴尼，加入叙利亚库尔德民兵组织人民保护联盟（YPG），这是迄今为止加入这一组织反抗“伊斯兰国”的首位中国公民。,潘是一位25岁的中国公民，他是首位加入反抗“伊斯兰国”组织的中国人。他于今年9月24日从泰国曼谷前往土耳其，最终于10月12日抵达叙利亚。他加入了叙利亚库尔德民兵组织人民保护联盟(YPG)，并表示愿意为打击“伊斯兰国”做出努力。他接受过民兵军事训练，对自己的作战能力很有信心。然而，YPG的武装装备相对有限，而“伊斯兰国”则拥有更强大的武器装备。
33,435,俄罗斯前领导人戈尔巴乔夫批评普京“阉割”俄罗斯民主，担忧俄罗斯未来发展停滞不前。,戈尔巴乔夫批评俄国总理普京“阉割”俄国选举体制，并说普京不应争取再次出任总统。,戈尔巴乔夫是苏联最后一任未经民选的总统，普京曾称他是当代最伟大的政治家之一。普京在担任总统期间改变了投票体制，戈尔巴乔夫对此表示担忧。戈尔巴乔夫认为普京“阉割”了俄国的民主，俄国需要变革。普京曾将苏联解体形容为地缘政治最大的灾难。
34,436,旅游大巴将游客带到了错误的目的地，比计划晚了24小时。由于GPS导航错误，大巴本来要去法国阿尔卑斯山的滑雪胜地，却开到了法国西南部的同名小镇。尽管延误，游客们以乐观看待此次意外之旅。,由于一位旅游大巴司机使用卫星导航仪时出现疏忽，比利时的一批旅游者绕道一千多公里，被送到距离目的地600公里的地方。,旅游大巴到达正确目的地的时间比原计划晚了24小时。旅游者原计划前往法国东南部的阿尔卑斯山滑雪胜地La Plagne，但被司机带到了法国西南部靠近西班牙边界的La Plagne。旅游团成员发现错误后，用地图说服司机不要完全相信GPS导航。最终，滑雪度假者晚了24小时到达目的地，享受了西班牙食品的接待。旅游团成员对这次意外的旅行感到愉快。
35,438,中美最新贸易谈判取得“新进展”，但具体内容未公布。美国表示谈判“富有成果”，特朗普暗示接近达成协议。谈判重点包括知识产权保护、服务业和技术转让，但执行保障和关税解除仍存在分歧。,中美贸易团队周四周五在北京进行了两天谈判。这是美国3月2日宣布暂停对2000亿美元中国输美商品进一步加征关税后，双方第一次面对面谈判。,中美贸易谈判取得了新的进展，但具体细节未公布。美国总统特朗普表示谈判进展非常好。双方主要分歧在于如何保障协议执行和解除中国商品的关税。谈判的六大重点包括技术转让、知识产权保护、服务业、汇率、农业和非关税贸易壁垒。贸易战已经对美国红酒制造商造成影响。对于最终协议的效果，各方仍存在疑问。
36,439,奢侈品牌青睐金色，将其应用于手机、鞋履和手表等产品中，彰显尊贵和华美。金色在西方服饰史上一直扮演着重要的角色，象征着皇族贵胄和财富地位。现代时尚中，金色仍广泛运用，并带有仪式感，如圣诞节主题色之一。,金色苹果手机在中国大卖，点燃人们对“土豪金”相关话题的热议，也引起西方广泛关注，希望管中窥豹，通过小小颜色，观察这个新兴大国的社会现状。而金色在时尚圈和历史上，则一向是经久不息的热点。 金色潮流,金色一直是奢侈品牌的宠儿，不仅苹果手机使用了“土豪金”，奢侈手表珠宝品牌Savelli也推出了“香槟钻”手机。Kurt Geiger鞋店在店庆时推出了限量版金色细高跟鞋。Patek Philippe推出了18ct玫瑰金新款手表。金色在西方历史中一直扮演重要角色，代表财富和奢侈。金色也被广泛运用于现代时尚产品中。圣诞节期间，金色也是主题色之一。商家推出金色系眼妆、衣裙、配饰，帮助人们成为聚会的焦点。
37,440,美国副国务卿多尼伦访问北京会见范长龙，强调非传统军事合作将增进两军信任。此行主要目的是为习近平-奥巴马峰会做准备，峰会将讨论网络安全、朝鲜核计划、亚太局势等问题。,美国国家安全事务顾问多尼伦周二（5月28日）表示，希望中美两国进一步加强军事关系。,多尼伦会见范长龙，强调中美两军在非传统军事行动上的合作将增进信任与理解。他还表示，健康、稳定、可靠的两军关系对中美关系至关重要。此次会见是为了为习近平-奥巴马峰会做前期安排。习奥峰会计划于6月7-8日举行，将讨论网络安全、朝鲜核计划、气候变化和亚太局势等问题。
38,442,拜登在海军学院毕业典礼上宣布，美国将重心转向亚太地区，并表示美国海军将赴该地区“保卫和平”。中国在南海的行动被认为给该地区带来了新挑战。拜登表示，60%的美国海军力量将在2020年部署在亚太地区。美国军机在南海巡航引发中国警告，中美双方对此各执一词。,美国副总统乔·拜登（Joe Biden）向美国海军军校毕业生表示，中国在南海的行动正在令亚太区和平面临考验，而美国至2020年会将60%的海军驻扎在亚太区。,拜登在海军学院毕业典礼上表示，美国政策重心向亚太区转移的目标需要海军的支持。他强调美国不偏袒任何国家在中国南海的主权声索，但将维护和平、公正解决争端和航行自由的原则。他指出中国在南海的行动是亚太区面临的新挑战，并告诉毕业生们他们将来可能会在亚太区维护区域和平。拜登还表示到2020年，60%的美国海军力量将会部署在亚太区。中国外交部对美国军机飞近南中国海所建岛礁的行动表示不满，而美国国务院副发言人表示美军将继续在南海活动。
39,443,贾斯廷·特鲁多，前总理皮耶·特鲁多之子，击败现任总理哈珀，成为加拿大新总理。特鲁多是一位受人尊敬的活动人士，关注环保、少数民族和难民问题。他主张“求新求变”，包括提高富人税率、大麻合法化和投资基建。,在贾斯廷·特鲁多（杜鲁道）的领导之下，加拿大自由党成功地说服选民、从保守党手中夺回了政权。,贾斯廷·特鲁多是加拿大前总理皮耶·特鲁多的长子，他击败了现任总理哈珀并压制了魁北克的独立势力。特鲁多在政治理念上注重环保、少数民族和难民问题，并推动滑雪场安全和雪崩预警。他的政见包括提高高收入者的所得税税率，降低中低收入者的所得税，推动大麻合法化，加倍投资基建刺激经济。特鲁多的妻子是魁北克的电视和电台新闻记者，他们有三个孩子。特鲁多在2013年当选自由党党魁，并希望夺回执政权。
40,444,保持均衡饮食至关重要。避免过度食用饱和脂肪，但也不要将其完全排除在外。水果和蔬菜是维生素和矿物质的良好来源，应每天摄入。全麦食品和鱼类富含纤维和蛋白质。地中海饮食模式有利于心脏健康。零食应选择水果，果汁应适量饮用。地中海饮食强调水果、蔬菜和鱼类，限制加工食品和甜食。,一直以来，地球人似乎都知道饱和脂肪对心脏不好。但这个自七零、八零年来以来广为流行的说法，如今受到挑战。科学家们指出，官方建议的饱和脂肪摄入量其实只建立在支离破碎的证据基础上。,健康的人体需要摄入全面均衡的营养。饱和脂肪对心脏有害的说法缺乏科学依据。保持摄入均衡的营养成分是关键。水果和蔬菜是重要的维他命和矿物质来源。每天应该吃五份水果和蔬菜。每天最多只喝一杯果汁。每天应该摄入含淀粉的食物，多吃含油的鱼和蛋白质食物。适量摄入奶和奶制品。地中海风格的饮食有益健康。少吃半成品食物和甜品。没有通用的健康食谱，不要将胖的原因归咎于一种食物。
41,445,远程办公兴起，引发对身心健康、企业运作和城市面貌影响的担忧。专家建议，管理者需要适应新的环境，重视沟通协调，以有效管理远程员工。尽管远程办公看似节约成本，但长期来看可能损害效率和忠诚度。技术进步可能取代部分人类工作，但同理心等软技能面临风险。远程办公可能会模糊工作与生活的界限，既带来自由，也带来随时待命的压力。,在我们的增强现实（Augmented Reality）专栏中，BBC Capital 探索了你在不远的将来可能遇到的场景。我们首先会探讨一个问题：倘若在你每周40小时的工作时间内，完全不跟其他同事面对面相处，将会是一种怎样的感受。,远程办公的趋势正在增长，许多人认为在家工作效率更高。然而，独自工作可能会对心理健康和情商产生负面影响。面对面的交流和联系是无法替代的，而远程工作可能导致员工效率和忠诚度下降。管理者需要适应这种新环境，并重视沟通和协调。随着远程工作的流行，工作与休息之间的界限变得模糊，技术的流动性也可能束缚我们在工作上。
42,446,伊朗反政府抗议爆发，已致十人死亡。伊朗总统鲁哈尼表示将处理违法的抗议者，并否认抗议由外国势力挑起。美国总统特朗普支持抗议，称伊朗人民渴望自由。分析人士认为，抗议者主要关注民生问题，尚无革命迹象，特朗普干预内政不当。,伊朗各地持续几天的反政府示威已造成多人死亡，经济问题会演变为政治问题甚至国际问题吗？,伊朗发生了反政府抗议行动，造成多人死亡。伊朗总统鲁哈尼呼吁团结解决经济问题，并表示将处理反对法律和革命的人。美国总统特朗普支持抗议，并呼吁伊朗政府尊重人民权利。观察人士认为特朗普的干涉可能适得其反。伊朗局势的不稳定可能对中东地区产生负面影响。俄罗斯和中国都反对外部干涉伊朗内政。
43,447,2014年英联邦运动会火炬接力启动，女王将亲笔致辞放入火炬棒中。火炬棒将历经288天，跨越71个英联邦国家和地区，于2014年7月23日抵达格拉斯哥运动会现场。最后一名接力手将把女王致辞交给女王朗读，宣布运动会开幕。,英国女王伊丽莎白二世周三（9日）在白金汉宫启动2014年格拉斯哥英联邦运动会火炬传递仪式。,女王将一封亲自书写的运动会致辞放进接力棒内。火炬接力具有重要意义，将使英联邦的20亿人民团结起来，共同庆祝体育、多样化与和平。火炬接力将在全球71个英联邦国家和地区传递，历时288天，横跨11万8千英里。接力棒将经过印度、巴基斯坦、孟加拉国、尼日利亚、南非、马来西亚、澳大利亚、肯尼亚、加纳、牙买加、加拿大等国家和地区。最后在格拉斯哥英联邦运动会会场宣布开幕，女王将朗读接力棒中的致辞并宣布运动会正式开幕。格拉斯哥运动会将吸引来自71个英联邦国家和地区的6500名运动员和官员参加17个大项的比赛，预计将售出100万张门票。
44,448,埃及最高宪法法院举行塞西宣誓就职仪式，塞西在大选中以 96.9% 得票率获胜，但投票率低于 50%。塞西的反对者担心国家重归独裁，专家警告他必须兑现承诺。塞西面临经济振兴、政治危机化解和贫困解决的挑战。,前埃及军方将领阿卜杜勒-法塔赫·塞西5月在大选中以压倒优势获胜，周日（6月8日）宣誓成为埃及新总统。,埃及总统塞西在最高宪法法庭宣誓就职。宣誓仪式在开罗举行，出席者包括内阁官员、宗教和政界代表。去年，塞西领导的军方解除了穆尔西总统的职务，引发了全国性的抗议和动荡。塞西在大选中获得了96.9%的支持，但投票率低于50%。塞西的反对者担心他会走向独裁专制道路。塞西面临着经济振兴、政治危机和贫困问题等多个难题。
45,449,古巴为吸引外资，下调所得税至15%并免税8年，旨在振兴低迷经济。,古巴国民议会29日通过一项新法案，向外商投资进一步敞开大门。,古巴新法案将吸引外资，享受免税优惠，所得税下调至15%。吸引外商投资是挽救古巴经济的重要手段。去年GDP增长2.7%，低于目标。古巴每年需要20亿到25亿美元的外国投资。古巴政府有意继续监督外资企业。新法律还规定了税收优惠。
46,450,苏格兰独立公投结束，计票连夜进行。苏台人士观摩公投，认为英国尊重住民自决值得仿效。公投背景为社会平等、福利和年轻人未来。支持独立者认为独立可保福利，支持留英者担忧不确定后果。,苏格兰独立公投的投票周四晚间10时结束，从早上投票开始，选民就络绎不绝的前往投票站投票。,苏格兰独立公投投票结束，计票工作连夜进行。选民们扶老携幼地到投票站投票，统独两派也不放弃机会，在投票站外摆设宣传牌子。来自世界各地的媒体试图采访刚刚投完票的选民，选民们讲述自己为何投给某一方的原因。台湾的偏独人士组织了观察团到苏格兰来观摩这次的公投。观摩团成员认为，这次公投的背景和选民的希望是社会的平等、福利和年轻人的未来。投票开始时，一位女性选民支持独立，因为她认为苏格兰可能会失去现有的福利。另一位女性选民选择投No一票，因为她认为独立有太多不确定的后果。在夜幕降临时，支持独立的年轻人聚集在一起为一位吹着风笛的老人鼓掌加油。明天早上我们将知道苏格兰选民的选择。
47,451,"中欧关系持续演进，分歧仍存（市场地位、人权、军售）。

欧盟内部分歧加剧，对华批评声音减弱。

中国经济发展保障生存权和经济自由。

英国脱欧加速欧盟战略调整。

中国“一带一路”战略获欧洲支持。

美国全球领导力下降，中欧成气候变化领导者。

中欧经贸关系稳固，利益高度交融。","欧盟首次未在联合国人权理事会上发表声明批评""中国等国侵犯人权""，显示出在国际经济和政治格局变化下中欧关系也在经历时代性的变动。",中国和欧盟的关系不断发展，但在中国市场地位、人权、军售等问题上仍存在分歧。欧盟内部的变动，如英国脱欧和成员国对华人权问题态度的差异，导致欧盟在对华政策上做出调整。中国经济的腾飞解决了亿万中国人的生存权问题，但欧盟因金融危机等问题经济不振。中国加强对欧洲的经贸投资关系，而美国领导力下降。中国倡导的一带一路战略和亚投行得到欧洲国家的支持。中国和欧盟在气候变化问题上的领导地位凸显。尽管存在分歧，中国和欧盟的经贸关系持续增长，双方成为重要的贸易伙伴。在经济全球化时代，中国和欧盟的利益交融，互利共赢。
48,452,曼联球星鲁尼迎来28岁生日，过去与弗格森冲突引发离队传闻。现任主帅莫耶斯给了他新生，鲁尼表示：“这些都已过去，我要放眼未来。”在曼联1-0皇家社会后的采访中，鲁尼称赞球队表现，表示要为下一场比赛争取更舒服的胜利。,曼联前锋鲁尼称自己在主帅莫耶斯手下获得新生。,曼联前锋鲁尼迎来28岁生日，他与弗格森发生冲突，曾想离开曼联。弗格森称鲁尼状态不佳。曼联在冠军杯中战胜皇家社会。鲁尼说过去的事情已经过去，要放眼未来。鲁尼在比赛中表现积极，但被马丁内斯阻止射门。鲁尼说他在莫耶斯手下很开心。两人关系曾破裂，莫耶斯将鲁尼卖给曼联并告上法庭。莫耶斯赢得诉讼，鲁尼被迫向他道歉。鲁尼表示他感到很好，很健康。他在曼联出场412次，进球202粒。
49,453,中国成功发射搭载嫦娥三号探月器的长征三乙运载火箭，计划在月球软着陆并开展三个月探测任务。这是继前苏联和美国之后，中国成为掌握月面软着陆技术的第三个国家。,中国在北京时间凌晨01:30（格林尼治标准时间17：30）成功发射了搭载着嫦娥三号探月器和月球车玉兔的运载火箭。,中国成功发射了搭载嫦娥三号探月器的长征三乙运载火箭。这使得中国成为继前俄国和美国之后第三个掌握月面软着陆技术的国家。发射任务由中国西昌卫星发射中心承担。火箭发射的情况在中国中央电视台进行了实况转播。嫦娥三号探测器将在半个月后在月球实施软着陆，并进行为期三个月的巡视探测。玉兔号将提取和检验月球表面的土壤标本。
50,454,2012年英国是欧盟公民资格发放最多的国家，印度裔移民获得的公民资格最多。英国正努力减少移民人数，并收紧公民资格申请。,2012年，英国成为欧盟国家给与新移民公民身份最多的国家，占总数的四分之一。,根据欧盟官方统计数据，2012年英国成为欧盟颁发公民资格最多的国家，共有近20万新移民获得英国公民身份。其中印度裔移民比例最高，其次是巴基斯坦、尼日利亚和菲律宾。英国内政部表示，现在获得英国公民身份更加困难，他们正在努力减少移民人数。除了英国，德国、法国、西班牙、意大利和瑞典也是欧盟国家中给予本国公民身份比例较高的国家。英国牛津大学的移民专家认为，这可能与英国的英联邦历史有关，许多来自英联邦国家的人在英国有庞大的社区和家庭网络，因此选择移民到英国。英国政府要求申请英国公民的人参加英语和关于英国生活和历史的测试。在2012年获得英国公民资格的人的平均年龄是31岁，其中三分之一年龄在25岁以下。英国内政部表示，他们希望惩罚试图滥用英国移民制度的人，但同时要对合法的移民和英国公民公平对待。
51,455,黄金周期间，中国多地旅游景点人满为患，海外旅行团报名激增，全国公路出行6.47亿人次。高速公路节假日免收费政策首次实施，避免了严重拥堵。有评论指出，免费不应成为拥堵的替罪羊，并强调分流人群和经济发展的重要平衡。报道还显示，河南一条公路桥在超期收费16年后正式免费。,星期一（10月8日）的中国报章总结了一连八日的中秋国庆黄金周假期。,中国黄金周期间旅游景点人满为患。根据《人民日报》报道，中国监测的119个景区接待游客比2011年同期增长了21%。同时，《中国日报》称，黄金周期间报名参加海外旅行团的人数同比增加了50%。《环球时报》和《南方都市报》对公路返程高峰没有出现严重拥堵感到意外。根据《第一财经日报》的报道，全国公路八天以来共有6.47亿人次出行。各报还回顾了历来首次实施的高速公路节假日免收费政策。《京华时报》社评认为，免费不应成为拥堵的替罪羊，而应该是车祸频发和管理滞后等因素。《新闻晨报》社评指出，不能因为怕出问题就不去改革，也不能因为出了问题就收回发展的步伐。《环球时报》的双语社评表示，分流人群和让人们富起来是同样庞大的社会工程，一些声音要求采取断然措施解决这个问题，这些声音既正义又幼稚。与此同时，《上海日报》和《新京报》报道，河南一条公路桥在超期收费16年后正式全线免费。根据中国审计署在2008年发表的报告，郑州黄河公路大桥在收费许可期满后继续收费共计14.5亿元人民币，直到现在才撤销收费。
52,456,福建同安人李栋梁曾任厦门市分管工业副市长，早年从军，后长期在福建工作。自幼习武，精通多种拳种，曾获武术比赛最佳技术奖。,中共中央纪委网站周三（18）日发布消息称，中国福建省厦门市副市长李栋梁涉嫌严重违纪，目前正接受组织调查。,李栋梁是福建同安人，1962年8月出生。他曾在军队服役，后来在福建省工作。他是一位精通多种拳种的武林高手，曾在全国武术太极拳比赛中获得第一名和最佳技术奖。他把自己的人生历练和武术相结合，收获颇丰。
53,457,71岁高瑜涉嫌泄露国家机密被判5年，目前暂予监外执行。一审曾判7年，二审考虑高瑜认罪及健康状况从轻处罚。高瑜曾多次被关押，其儿子担忧她能否活到刑满释放。,中国异见人士高瑜被控涉露国家机密案在周四（11月26日）二审改判为有期徒刑五年，剥夺政治权利一年，监外执行。,中国官方通讯社证实，71岁的高瑜因涉嫌泄露国家机密被关押，但因患有严重疾病，法院决定对其暂予监外执行。高瑜被指控将中共党内文件提供给美国刊物，引发了人权组织和律师的批评。法院改判高瑜为五年有期徒刑，但律师认为仍应判无罪。高瑜患有多种疾病，需要每天服药，可能会以监外方式执行刑罚。高瑜曾因民主运动和泄露国家机密被关押。外界对维持有罪判决的批评不断。
54,458,俄罗斯否认参与乌克兰东部亲俄武装团伙活动，声称其为当地自发行为。但有证据表明，这些行动经过专业组织，可能由特种人员主导，旨在激化局势并挑战基辅政府控制力。俄罗斯外交部长警告称，如果乌克兰当局不能恢复秩序或使用武力解决问题，将承担责任。而西方则计划对俄罗斯实施更多经济制裁。随着乌克兰总统大选临近，局势仍存在不确定性，可能导致进一步动荡和外交努力受阻。俄罗斯和西方之间的关系正在悄然恶化。,一连几周基辅当局都在担心俄罗斯入侵。西方势力也在警告莫斯科从乌克兰边境撤回已经集结的军队。,乌克兰东部发生的危机表明，亲俄武装团体的行动已经变得更加隐蔽和专业化。俄罗斯官员否认参与，并声称这是当地民众对基辅政权的反抗。然而，俄罗斯希望基辅政权承担对动乱的责任，并按照俄罗斯的要求与乌克兰东部建立更紧密的关系。未来可能会有更多针对俄罗斯的西方经济制裁。外交谈判可能缓解紧张局势，但如果基辅不愿在乌克兰东部下放权力，俄罗斯可能不会参加谈判。俄罗斯与西方的关系正在逐渐疏远，个人、公司和政府也在逐渐脱离。乌克兰危机的加深使双边矛盾扩大且难以修复。
55,459,中美两党高层在北京会面，强调“一个中国”，愿在该框架内协商。习近平对台湾“中华民国”和“马习会”态度积极开放。,中国国家主席习近平周二（18日）在北京会见到访的台湾前副总统连战，并表示北京尊重台湾民众选择的社会制度与生活方式。,中国官媒报道习连会晤时将两位领导人定位在党与党之间，而非国与国之间。这是自1949年以来国共两党间的最新一次高级别接触。习近平表示尊重台湾同胞的社会制度和生活方式，并愿意在一个中国框架内与台湾方面进行平等协商。连战向习近平提出“中华民国”议题，习近平以正面态度回应。习近平提及“马习会”，连战表示乐观其成，但需要时间一步步累积。
56,460,日本货轮与塞拉利昂注册货轮相撞，造成5名日本船员死亡。塞拉利昂船员夏洪波因涉嫌业务过失致人死亡被逮捕。,日本海上保安部就东京附近海域发生的一起货轮相撞事故逮捕了一名中国籍海员。,日本货轮“第18荣福丸”与塞拉利昂货轮“嘉惠”号相撞，导致五名船员死亡。被捕的海员夏洪波涉嫌“业务过失致人死亡”。事故发生时天气晴好，海上刮东北风，浪高2.5米。两船左舷受损，可能是左舷相撞。
57,462,英国提高投资移民门槛至 200 万英镑，取消房产投资政策。企业家移民申请增加，可能成为中国移民新趋势。,随着2014年末T1移民各项新政策的出台，投资移民和企业家移民两类签证都出现了一些新趋势和新变化。 投资移民,英国移民政策最新修改的最引人注目的是Tier 1投资移民（Investor）。随着中国经济的增长，国内高净值人群开始热衷于海外投资房地产，尤其是伦敦。然而，最近英国内政部宣布将投资移民的最低投资额从100万英镑上涨至200万英镑，并取消了投资金额的25%可以用于购买房地产的规定。这一举措是为了迎合本国选民的意愿，也是因为海外投资涌入导致房地产价格上涨引起了本地居民的不满。与此同时，由于其他主流移民国家的移民政策收紧，一些原本计划申请英国投资移民的人开始考虑英国的20万英镑企业家创业移民。根据2014年第三季度的移民数据统计，中国申请人获得英国投资移民签证的人数增加了170人，而获得企业家移民签证的人数略有减少。未来，企业家移民签证对于中国移民将更具吸引力。
58,463,出国留学可拓宽人生观和世界观，促进思维多元化和独立性。留学经历增强适应能力、独立解决问题的能力，培养宽容、尊重和积极的心态。这些影响将伴随一生。,问：出国留学一趟，会给人带来哪些影响？,出国留学能够改变一个人的人生观和世界观，以及思维方式的转变。在西方文化中，个人的想法和做法是自由的，他人不会轻易评判。留学能够增强适应各种环境的能力，培养独立解决问题的能力。在英国，国界的概念被淡化，更换环境的心理障碍较小。见识越多，人越豁达，能够更好地尊重不同人的不同生活方式，理解不同国家的文化差异。在英国待久了，会发现大多数西方人都是心态良好、充满正能量的人。留学带来的影响会深入骨髓，即使毕业回国，这些影响也会伴随一生。
59,464,澳大利亚在南海上空进行海上巡逻，目的是维护安全稳定。中国外交部强调南海航行自由无问题，希望其他国家勿横生枝节。此前，BBC报道澳大利亚军机在南海进行“航行自由”飞行，中方强调拥有南海主权，他国行使航行自由时应尊重中国主权。,针对BBC报道的澳大利亚参与南海上空飞行活动，中国外交部周二（12月15日）警告称：“不要横生枝节，给南海平添复杂因素”。,澳大利亚国防部表示，他们的一架P-3“猎户座”海上巡逻机在南海上空进行常规海上巡逻，旨在维护区域的安全与稳定。中国外交部发言人洪磊表示，南海航行自由没有问题，但希望其他国家谨言慎行，不给南海增加复杂因素。近期，美军两架B-52战略轰炸机也飞越了中国在南海的人造岛礁附近海域。中国对南沙群岛拥有无可争辩的主权，其他国家在南海行使航行自由时应尊重中国主权和安全。美国称他们的行动是为了应对中国的越权主张。
60,465,一年前波士顿马拉松爆炸案纪念活动举行，副总统拜登和市长沃尔什等出席，赞扬幸存者和救援人员。2015年赛事安全将加强，嫌疑人特萨尔纳伊夫将于11月出庭受审。,美国城市波士顿星期二（4月15日）举行活动，缅怀一年前波士顿马拉松爆炸攻击事件的死难者，表彰幸存者和这座城市的居民表现出的勇气。,波士顿马拉松爆炸案纪念活动于星期二举行，美国副总统拜登等出席。今年的马拉松比赛将加强安保。嫌疑人将在11月受审，可能面临死刑。
61,466,复活节起源于教会对春分后第一个星期日的规定，象征光明战胜黑暗。然而，其具体日期曾有争议，直至格利高里日历颁布才统一。现代复活节已商业化，彩蛋和兔子成为促销商品，巧克力蛋消费量逐年增加。,复活节（Easter）又称主复活日，是西方国家的一个重要节日。它的起源和历史跟宗教有关，是纪念耶稣被钉在十字架上第三天复活的日子。,复活节是基督教的一个重要节日，定在每年春分月圆后的第一个星期日。它象征着重生与希望。复活节彩蛋和复活节兔子是庆祝复活节的传统符号。现代复活节已经成为西方国家最主要的商品促销节，尤其是巧克力蛋的销量逐年增加。复活节周末也是人们期盼的假日时间，标志着春夏季的欢庆活动开始。
62,467,"默克尔""开放门户""政策导致难民涌入，引发国内批评。德国部署军队应对紧急情况。匈牙利总理警告欧盟""基督教基础""受到威胁。因踢绊难民被解雇的匈牙利女记者道歉，称出于惊恐，并非""冷酷的种族主义者""。",国际移民组织说，今年已经有43.3万难民和移民越过地中海。该组织说这个数字是个新纪录，是2014年的数字的两倍。,德国外长施泰因迈尔表示，预计本周末将有约4万难民进入德国，导致德国国防部宣布让4千部队待命以应对紧急情况。难民涌入使默克尔的“开放门户”政策受到越来越多的批评。周六将有大批支持难民的人士在多个城市举行游行和集会。匈牙利总理奥班·维克多警告称，匈牙利正在被涌入的难民淹没，这会破坏欧盟的“基督教基础”。一名匈牙利女记者因在塞尔维亚边界踢绊移民而被解雇，她为自己的行为道歉，但坚称自己不是“冷酷的种族主义者”。警察已开始对该事件进行调查。
63,468,2013年中国亿万富豪人数增长3%，达到6.45万人。富豪主要分为企业主、炒房者和职业股民三种类型。过去一年，海外置业成为富豪投资首选。富豪幸福感偏低，健康状况堪忧，工作与生活失衡。,中国胡润研究院的最新报告称，受国家经济增长放慢影响，去年中国千万富豪与亿万富豪的增长速率创下五年低位。,根据《2013胡润财富报告》，中国内地的富豪人数为105万人，其中亿万富豪人数为6.45万人。25%的受访富豪对未来两年中国经济非常有信心。中国经济增速下降至7.7%，但最近的数据显示经济已开始稳定。富豪主要可分为企业主、炒房者和职业股民三种类型。海外房地产投资成为富豪的首选，尤其是在美国。调查显示，30岁以下富豪的幸福感较低，同时有富豪对健康状况、运动不足和工作与生活平衡表示不满意。
64,469,英国校园有大量新奇的学生社团，如海盗酿蜜酒社、超级马里奥卡丁车社等，为学生生活增添乐趣。这些社团打破刻板印象，鼓励学生展现自我，缓解压力。,新生们口袋里装着贷款准备上大学，关注点却是学校里最古怪的学生社团。,调查发现，英国校园中有几十个疯狂的学生社团。尽管学费高和就业前景不明朗会影响学生们的心情，但这些社团为他们的校园生活带来了乐趣。社团活动包括聚餐和穿着有趣主题服装去市中心闲逛。一些社团会别出心裁，比如海盗社团的成员打扮成海盗酿造蜜酒来吸引学生们的注意。还有一些社团组织主题派对，比如超级玛莉主题之夜。书呆子战士俱乐部是为那些“脑子少根弦的书呆子们”设立的，他们的建团理念是“打破对书呆子的刻板印象，为自己战斗。”还有一些社团模拟躲避追踪、暗杀等游戏。这些社团会在不同的地点集结，增加活动的神秘性。总的来说，这些社团和俱乐部给学生们创造了有趣的活动机会，让他们看到生活的乐趣。
65,470,戴耀庭表示不会抛弃学生，谴责警方过分使用武力。示威者批评戴耀庭等人未及时到场，戴表示理解，并感激学生努力。陈健民呼吁市民到场守护学生，香港警方拘捕13名示威者，行政会议召集人林焕光表示理解学生诉求，政改民意关注组成员施永青担忧香港发展。,香港“占领中环”运动发起人陈健民和戴耀庭，以及天主教香港教区荣休主教陈日君，星期六（9月27日）上午前往香港政府总部外的添美道声援留守的示威学生。,戴耀庭谴责警方过度使用武力，不会背弃学生。示威者冲入政府总部广场，陈健民和戴耀庭等人与示威者一同坐在添美道。戴耀庭表示不会提前“占中”，并强调“占中”不会被瓦解。警方拘捕了13名冲击公民广场的示威者。林焕光希望学生不要超越和平非暴力的底线。施永青担心香港发展最终会演变为悲剧。
66,471,东萨郡中彩率最高，每 1238 人中就有 1 人中奖 5 万英镑以上。英格兰东北部中奖率也相对较高，缓解了经济困难。但全国各地都有百万元以上大奖得主，表明全国各地都有好运。,来自英国全国彩票公司（National Lottery）的统计数据显示，在英格兰东南部东萨郡（Essex）的罗姆福德镇（Romford）购买到的彩票赢得最多次数的奖项。,英格兰东南的东萨郡是全国中奖人数最多的地方，已有300多人赢得了5万英镑以上的彩票大奖。其他中奖热点包括北伦敦的安菲尔德和肯特郡的达特福德。东萨郡连续多年中奖率排名第一，而英格兰东北部市镇也是中奖较多的地方。全国各地都有人赢得过100万英镑以上的大奖，因此可以说全英国每个地方都有运气不错的人。
67,472,延安文艺座谈会《讲话》抄写引发争议，参与者被指“向扼杀文艺自由绞架顶礼”。有者认为抄写是对毛泽东左倾文艺思想的歌颂，支持者则认为纪念《讲话》有助于抵御资本主义文化堕落。,为纪念毛泽东《在延安文艺座谈会上的讲话》发表７０周年，中国作家出版社推出了《“讲话”百位文学艺术家手抄珍藏纪念册》的活动引发激烈争议。,毛泽东在延安文艺座谈会上提出文艺为谁服务的问题。一百名文学和艺术家参加了抄录《讲话》的活动。抄录活动受到网络抨击，被指为毛泽东制作的扼杀文艺自由的绞架。参加者被称为奴才和历史的耻辱。一些参加者为自己辩解，有的表示懊悔。批评者认为《讲话》是毛泽东主义左倾文艺思想的图腾，要求文艺创作服从政治权力。支持者认为《讲话》具有重要的现实意义，是为群众服务的问题。
68,474,英国新星Conor Maynard推出第二支单曲《Vegas Girl》，排名第四，发行处女专辑《Contrast》。,本周排行榜前10名中有两首新歌，两首上升，3首位置不变。,19岁的英国歌手Conor Maynard成为了许多英国少女的偶像。他的首张单曲《Can't Say No》在发布后迅速登上英国排行榜第二的位置，但持续时间不长，只停留在前十名两周。然而，他的第二张单曲《Vegas Girl》一发布就进入了排行榜的第四名。此外，他还在本周发布了个人首张专辑《Contrast》。本周BBC Chart UK英国流行单曲排行榜的前十名分别是：《Spectrum》、《Payphone》、《Black Heart》、《Vegas Girl》、《Whistle》、《Brokenhearted》、《Feel The Love》、《Don't Wake Me Up》、《This Is Love》和《We Are Young》。
69,475,稀土并非土壤，而是 17 种化学元素的总称，也被称为稀有金属矿物。中国拥有约三分之一的全球稀土储量。稀土是高科技电子和军工产品不可或缺的原材料。美国严重依赖中国稀土供应，关税战中未对稀土征税。中国暗示可能限制稀土出口引发市场关注，但若完全切断供应也会伤害自身市场。中国正在调整稀土产业发展战略，整顿行业规范、加大生态治理、推动绿色开发，还计划促进高端产业应用。,中美贸易战持续之际，北京示意正在制定稀土战略，中国不会拿稀土资源要挟世界，但贸易战语境下的“稀土牌”并非无稽之谈。,中国国务院发展改革委员会发言人表示，中国愿意以稀土资源和产品满足世界各国发展的正当需要，但坚决反对利用中国稀土资源来遏制打压中国的发展。中国正在研究制定稀土战略，包括产业结构合理化、提高科技水平、资源保护和生产运行有序等。稀土是生产高科技消费电子和军工制品所必需的原材料，中国是全球最大的稀土出产国。稀土对于高科技产业和国家安全至关重要，但开采和冶炼成本高昂，对环境破坏严重。中国稀土供应的依赖是美国的薄弱环节，美国高科技产业也离不开稀土原料。中国做出打稀土牌的姿态可能促使稀土进口大国寻找和开发替代品，推动相关技术创新。中国正在调整稀土产业发展战略，加强行业整顿规范、生态修复和环境治理，推进稀土产业绿色发展，提升产业竞争能力。
70,476,金星作为跨性别者，事业初期因性别受阻，后凭借主持《金星秀》风靡一时。但《金星秀》因不明原因停播。金星回忆变性手术后险些致残，但坚强复出。她主持《中国式相亲》，引发争议，评论认为其加深男尊女卑思想。金星解释，节目旨在探讨中国婚姻观念，女性仍需自立以争取话语权。为解决养子户口问题，金星与丈夫离婚。现户口已解决，准备复婚。,28岁做变性手术前，金星是中国国内顶尖的舞蹈家，她成立了中国第一家私人现代舞团。在电视综艺领域，用金星自己的话说：“我也做得风生水起。”,金星是中国的一位著名主持人和舞者。她在事业初期遇到了身份上的阻碍，2011年被取消了在浙江卫视选秀节目《非同凡响》的评委资格，原因是她的性别问题。然而，她后来主持的综艺节目《金星秀》取得了成功，但去年八月份该节目被中国当局停播。金星回忆起自己的变性手术经历，并表示中国社会对跨性别人士的态度正在积极变化。她还主持了《中国式相亲》节目，该节目引发了争议，但金星表示她希望通过这个节目让年轻人重新认识婚姻观念。金星还谈到了中国的户籍制度对她孩子的影响，她对这个制度提出了批评，但也表示理解，并希望能以人为本解决问题。
71,477,52 岁中国公民孙伟疑非法向中国出口高级碳纤维，用于航天和军工领域。另一名美国公民何思雄因涉嫌为中国公司非法开发特殊核材料在美国被起诉。美国司法部强调，出口此类材料须经许可，并警告称逃避法律获取敏感核技术是其国家安全工作的重点。,美国司法部星期四（4月14日）发表声明，分别公布了涉及一名中国公民以及涉及一家中国公司和一名美籍华人的两起危害美国国家安全的案件。,中国公民Fuyi Sun涉嫌向中国非法出口高等级碳纤维，被美国司法部逮捕。美国司法部指出，这种碳纤维必须获得出口许可。另外，美国公民Szuhsiung Ho和中国广核集团被指控非法参与特殊核材料的生产和发展，并涉嫌为外国政府从事特务活动。美国司法部强调打击逃避美国法律获取敏感核技术的行为是首要任务。
72,478,复星国际认购 Thomas Cook 股份，推动其股价上涨 16%。复星计划增持 Thomas Cook 股份至不超过 10%，此举将加强复星在欧洲度假市场的份额，并助其拓展中国市场。,中国民营企业复星国际斥资9190万英镑认购了英国休闲旅游集团Thomas Cook 5%的股份。,复星国际认购Thomas Cook股份后，后者股价上涨16%。复星国际计划进一步增持Thomas Cook股份至不超过其已扩大发行股本的约10%。Thomas Cook表示这次收购可能带来与Club Med和复星国际旗下其他公司的合作，并有助于进入中国市场。Thomas Cook的主席表示这是公司历史上的重要里程碑。复星国际成立于1992年，曾收购多家海外公司的股权。
73,479,剑桥大学开设实验小学，招收 4 岁幼儿，为实习教师提供师资培训和教育研究，采取多元化入学模式。,剑桥大学计划开设实验小学，提供实习老师在实际的课堂环境下培训。,剑桥大学计划开设附属实验小学，招收年龄最低4岁的幼儿。该小学将招收当地学生，培训师资，并成为教育研究中心。剑桥大学教育学院将提供PGCE课程给实习老师。教育部希望这所实验小学能起到示范作用，促进其他大学开办类似的教育研究中心。
74,480,因肺结核无法从军，二战后奥威尔为英国文化协会撰写一篇赞美英国料理的文章。该文章因批评餐馆饮食而被退稿，后来在《旗帜晚报》删减刊发。奥威尔从早餐到下午茶再到晚餐，全面介绍英式料理，驳斥了其“简单、厚重”的刻板印象，认为英国饮食美味多样，茶文化尤其讲究。,写文章投稿被拒不稀奇；退稿信通篇都是歉意也不稀奇，但文稿被拒之后73年收到编辑部的公开道歉，原文配上当年的退稿信全文发表，却很罕见。,奥威尔因肺结核未能参军，而是到BBC为国效力。他被英国文化协会约稿写一篇关于英国饮食和英式料理的杂文，但最终被退稿。退稿信称这是一篇出色的文章，但不适合发表给欧洲大陆读者。奥威尔在文章中批驳了对英国饮食的刻板印象，认为英国的餐馆并不能代表英式料理。他指出外界对英国饮食的差评多属偏见，而且热饮在英国被认为是可以接受的。奥威尔还提到了英国人对茶的讲究和对咖啡的不满。他承认英式饮食的缺点是对蔬菜重视不够和使用过多的糖。他列举了许多美味的英式料理，认为只有尝过这些才能对英式料理做出公平的评判。
75,481,美国批评德国出口导向增长模式对欧元区经济造成伤害。德国为其贸易顺差辩解，称其为经济竞争力和全球需求的结果。作为欧元区头号经济体，德国的出口是其关键优势，尽管内需有待提高，但预计仍将引领欧元区增长。,美国批评德国经济增长模式过于倚重出口驱动之后，德国予以反驳，称华盛顿的说法“令人费解”。,德国的出口驱动增长模式受到批评，对欧元区和全球经济造成伤害。德国财政部表示德国经济没有不平衡，但美国财政部的报告显示德国的经常项目帐一直保持高额盈余。德国辩解说这是德国经济竞争力和全球市场对其优质产品的需求的结果。德国是欧元区头号经济大国，出口是其关键强项之一。德国的内需还有提高的余地，但德国作为欧元区的经济引擎，对欧元区的增长至关重要。
76,482,前国际足联执委班·哈曼被指控向官员行贿，以支持卡塔尔申办 2022 年世界杯。虽然卡塔尔否认了这一指控，但国际足联面临重新投票的压力。 FIFA 正在调查此案，如果发现确凿证据，可能会重新投票。,国际足联FIFA副主席吉姆·博伊斯表示，如果卡塔尔受贿指称证明属实的话，他支持重新投票为2022年世界杯寻找新的主办国。,国际足联前卡塔尔执委哈曼被指控行贿300万英镑，以赢得卡塔尔申办世界杯的支持。卡塔尔否认指控，但国际足联面临重新投票的压力。律师正在调查申办过程中的疑问，如果发现确凿证据，国际足联必须考虑重新投票。英国FA主席支持重新投票。
77,483,乌克兰示威者占领司法部，设路障，要求紧急状态。司法部长表示可能要求实施紧急状态。示威者声称占领司法部是象征性行动，政府已无司法权。乌克兰各地已有10座城市政府大楼被占领。,乌克兰司法部长鲁卡许警告占领该部大楼的示威者，或将宣布全国进入紧急状态。,乌克兰示威者占领司法部大楼并设置路障。乌克兰司法部长威胁要求实施紧急状态。示威者表示占领司法部是象征性行动，抗议人群没有遭遇抵抗。示威者称他们是和平的，没有不法行为。乌克兰司法部长表示大楼内部被泼水成为滑冰场。示威者占领了多座城市的市政大楼。乌克兰东部地区也发生类似攻击。乌克兰总统决定搁置与欧盟签定自由贸易协定引发大规模抗议。已有4名示威者在冲突中丧生，局势升级。
78,484,日本在展示中国侦察机照片后，指责中国单方面扩大防空识别区，刺激了紧张局势。日本计划与其他不满中国此举的国家联合应对，将召见中国大使抗议。韩国也对中国防空识别区与韩国防空识别区重叠表达了担忧。分析人士认为，中国划设防空识别区的目的之一是试探美国对日本安保条约的承诺程度。日本媒体还探索了中国设立防空识别区的意图，包括巩固习近平政权基础。,日本正谋求联手所有对中国划设东海航空识别区表示遗憾的国家或地区共同斗争的战略应对。,日本公布了两架中国侦察机的照片，并表示中国航空识别区的设立是单方面改变现状、刺激局势。日本外相和防卫大臣都表示将与其他国家合作，强烈要求中国克制。报道还指出，韩国和台湾也对中国航识区表示遗憾和忧虑。有分析认为，中国设定航识区的目的是试探美国是否认真维护日本。日本首相安倍晋三对中国航识区问题的回答避而不谈。报道还揭示了中国设定航识区的背后意图，认为习近平政权试图通过展示强硬姿态来稳固政权基础。
79,485,习近平强调“中国梦”必须走社会主义道路，弘扬爱国精神，凝聚中国力量。 实现“中国梦”需共同奋斗，每个人都有成长与进步的机会。网友热议“中国梦”，期待政府重视民生、保障人权。,中国国家主席习近平在12届人大会议闭幕式上详细阐述中国梦，并称中国梦归根到底是人民的梦，必须紧紧依靠人民来实现。,习近平提出实现中国梦的三个必须：走中国特色社会主义道路，弘扬以爱国主义为核心的民族精神，凝聚中国力量。他表示中国梦是民族的梦，每个人都有实现梦想的机会。中国网民对中国梦的评论各不相同，有人认为应先保障人均生活，有人希望有幸福富足的生活和公平公正的社会，也有人对政府善待老百姓抱有期望。有人认为个人的梦代替了集体的梦，不具有凝聚人心的力量。
80,486,朝鲜火箭发射或因技术原因推迟。日本首相野田及相关大臣提前到岗，采取严密监视措施。日本在东京和冲绳部署防空系统，并成立危机管理中心协调信息。野田宣布大臣将不参加竞选活动。朝鲜电台称谨慎研究发射时机，传出可能推迟发射。,日本内阁周一（12月10日）早上进入了戒备状态，以防朝鲜发射失败、零部件可能落在日本。,朝鲜火箭发射可能因技术原因被推迟。日本政府采取了多项防备措施，包括部署迎击系统和成立危机管理中心。日本首相野田宣布在发射期间不参加竞选活动。朝鲜延迟发射的原因可能是技术缺陷或气候不良。
81,487,俄罗斯图-154飞机飞往叙利亚途中坠毁黑海，机上92人全部遇难，其中包括64名亚历山德罗夫红旗歌舞团成员和9名记者。,俄罗斯国防部证实，军方一架图-154型飞机从黑海度假城市索契起飞20分钟后坠落黑海。,一架俄罗斯图-154飞机在前往叙利亚的途中失事，机上载有92人，包括亚历山德罗夫红旗歌舞团的成员和九名记者。搜救人员已经发现了一些机身碎片和一具遗体，但没有找到任何幸存者。失事原因正在调查中。这是图-154飞机遭遇的又一次严重空难，之前曾发生过类似的事故。
82,488,台大教授联署声援北大教授夏业良，指责北大解聘夏业良摧毁学术自由，要求校方致电北大恢复其教职。台大校方表示不予置评。民进党呼吁台湾学术机构在与大陆交流时将保障学术自由程度列为考量标准之一。,北京大学在台湾姊妹学校--台湾大学的20多名教授举行联署，要求学校抗议北大解雇夏业良。,20多名教授在台大校园发起联署声援夏业良，抗议北大解聘夏业良的行为。他们指责北大摧毁学术自由精神，并要求台大校长致电北大恢复夏业良的教职。台湾媒体报道称，抗议教授要求台大加入保障学术与精神自由的条款。台大校方表示不便评论，抗议教授表示这不仅是声援中国学术自由，也是主张台湾学术自由。民进党呼吁将对方保障学术自由的程度列为学术合作的衡量标准。
83,489,四川省委原书记周永康旧部、海南省副省长谭力落马，与周案有关。谭力是海南省今年落马的第二位副省长。法新社称，谭力因涉周案被限制出境。,中共中央纪委监察部周二（7月8日）发布消息，海南省常委、副省长谭力涉嫌严重违纪违法被调查。,周永康担任四川省委书记期间，谭力任成都市委委常委、宣传部部长。谭力的照片已从海南省委领导人网页上删除。谭力因涉冀文林和周永康案，被限制出镜。与周永康有密切关联的高官被查办，中共对周永康的收网行动已进入最后关头。
84,490,美联储一致决定加息，以应对强劲的经济增长和就业率。美联储预计明年加息三次，且对经济前景持谨慎乐观态度。美元上涨，中国人民币兑港元大幅下跌，港股恒生指数下跌1.67%。,美国联邦储备委员会（Fed）美国东部时间周三下午宣布，将联邦基金利率上调0.25个百分点。这是美联储在过去十年中的第二次加息，上一次加息发生在去年年底，加息幅度也是0.25%。,"美联储主席宣布美联储十年内的第二次加息，投票者史无前例一致为此次加息投了赞成票。美联储认为美国经济短期内只需要""渐进式""增长。预计明年将有三次加息，而不是9月会议上预计的两次。美联储对美国经济形势和未来走势表示信心。中国市场对美联储加息作出了反应，人民币对美元和港币都出现较大幅度下跌。特朗普当选后，美国经济短期出现上升态势，但特朗普的政策倾向可能已经影响了一些货币决策团队成员对美国经济走向的判断。"
85,491,比尔·盖茨在北京厕所博览会上展示瓶装粪便，倡导厕所革命，认为高科技厕所可挽救数百万生命，市场潜力巨大。,据说，中国有四T禁忌：天安门（Tiananmen）、台湾（Taiwan）、西藏（Tibet）和厕所（toilet）。,比尔·盖茨在北京厕所博览会上发表讲话，强调了厕所革命的重要性。他指出，由于不安全的卫生设施，每年有超过50万儿童因被粪便中的病原体污染的水源而丧生。盖茨展示了一款高科技的无下水道马桶，并表示这些马桶可以挽救数百万人的生命。他认为，解决全球45亿人安全如厕的问题将带来巨大商机，该产业的价值将达到60亿美元。自2015年以来，中国推动了“厕所革命”，建造了数以万计的创意和设计独特的厕所。习近平也对这一革命表示赞扬，并指出厕所问题是中国城乡文明建设的重要方面。
86,492,特易购公布超市浪费数据，显示蔬菜沙拉、面包糕点和苹果浪费严重。为减少浪费，特易购推出措施，包括减少蔬菜沙拉包装大小，取消“买一送一”等。此外，还与果农合作延长水果保鲜时间，提供保存食物小贴士。,英国主要连锁超市之一的特易购（Tesco）公布的数据显示，今年上半年它经销的食物中有近3万吨被扔进垃圾桶。,特易购数据显示，食物浪费惊人。超市和顾客扔掉的过期食物中，有68%是袋装蔬菜沙拉，近50%是面包糕点，还有40%是苹果。特易购公布了一系列减少浪费的措施，包括用小袋包装新鲜蔬菜沙拉并取消“买一送一”。今年前6个月，特易购的批发中心、超市和顾客家里共扔掉了28500吨食品。特易购提出了一系列减少浪费的办法，如改用小袋、小盒包装蔬果，减少面包糕点的数量，与果农和消费者合作延长水果的保鲜时间。 Wrap组织对特易购的行动表示欢迎，并指出食物浪费是全球性问题，需要共同努力才能减少浪费。据统计，英国家庭每年因扔掉食物造成的经济损失相当于700英镑，而英国每年浪费食物估计达1500万吨。
87,493,斯旺西大学男性职员因性别歧视提起诉讼，要求超过70万英镑赔偿金。他们声称，合约修改后，他们的每小时工资低于同级女性职员。,十八名男子声称他们的工资低于女性同事，向威尔士三一圣戴维大学（University of Wales Trinity Saint David）提起诉讼，要求赔偿。,大学男职员要求赔偿，指称受到性别歧视对待。他们要求超过70万英镑的工资赔偿，原因是他们的每小时工资低于同级女性职员。劳资审裁处将裁决是否存在性别歧视。这些男职员原本受聘于斯旺西城市大学，后来与威尔士三一圣戴维大学合并。他们的申诉焦点是合约的修改，从每周45小时工作改为37小时。大学的律师将以平等法令为大学辩护。
88,494,李春光涉嫌间谍行为，利用伪造证件在日本更新外国人登记证，并获取日本农林水产省机密文件。,日本检察官决定因嫌疑人已经离境为由，放弃以间谍罪名起诉中国驻日大使馆前一等秘书李春光。,李春光被指控在日本进行间谍活动，他利用伪造证件和虚假登记。他具有外交豁免权，返回中国。日本调查发现他与一名农林水产省官员有密切联系，后者泄露了机密文件给他。
89,496,蒂勒森访问非洲前批评中国在非洲的投资，称这种投资增加了当地国家债务并提供有限就业。中国反驳这一说法，称其“与事实不符”。美国军方对报道称中国控制吉布提港口感到担忧，这可能会影响美军在该地区的补给能力。,美国国务卿蒂勒森出访非洲前发表演说，批评中国在当地投资时签署“腐败的交易”，许多合同的透明度也十分低，相反，美国在当地的投资方式是“可持续的”。,美国国务卿蒂勒森在访问非洲前发表演讲，批评中国在非洲的投资方式，称其导致非洲国家债务问题和少量就业机会。中国反驳称蒂勒森的说法与事实不符。吉布提将一个港口的控制权转让给中国可能影响美国向当地驻军补给。蒂勒森即将出访多个非洲国家，表示美国将提供援助帮助受战乱和旱灾影响的灾民。中国官方反驳蒂勒森的说法，称中国在非洲的投资改善了经济环境。蒂勒森演讲背后的意思是认为美国是非洲的真正朋友，但美国政府对外政策缺乏统一口径。吉布提政府取消阿联酋公司在港口的营运权，改由中国公司营运，引发美国国会议员的担忧。
90,497,亨德森岛是地球上塑料污染最严重的地方，有超过 3700 万件塑料垃圾，每平方米密度为 671 件。这些垃圾来自南太平洋环流中心，每年的塑料制品垃圾估计有 8 亿吨流入海洋。塑料微粒进入食物链，威胁着 200 多种 海洋生物，也可能对人类健康构成危害。荷兰小伙博扬·斯莱特创立了“清理海洋”公司，计划使用浮动平台从海洋中收集垃圾。,太平洋热带岛屿， 你想象中或许是这样的：蓝天碧海，海浪轻拍沙滩。,亨德森岛是南太平洋英属皮特凯恩群岛的一个无人小岛，被列为地球上塑料污染最严重的地方。岛上塑料垃圾的密度是每平米671件，重17吨，成了世界最高纪录。塑料污染是全球性的问题，每一个国家、每一个居民都是塑料垃圾的制造者和受害者。全世界每年制造的塑料制品总共约3亿多吨，绝大部分没有或不能回收再利用。海洋里的塑料垃圾对海洋生物造成威胁，包括鱼类、龟类和海鸟。大太平洋垃圾带是地球上最大的垃圾堆，其中83%的塑料垃圾来自中国、美国和欧盟等国家。塑料微粒进入食物链，对人类健康的危害尚不清楚。已经有创新的方案和公司致力于清理海洋垃圾。
91,498,突尼斯军营枪击案致7人死亡，凶手为有家庭和行为问题的士兵，已被击毙。目前未被视为恐怖袭击，军营外未受影响。,突尼斯国防部说，该国一名士兵在参加基地升旗典礼的时候，开枪射杀同僚，造成重大伤亡。,突尼斯武装警察在布楚查军营发生枪击案后赶到现场，疏散居民并射杀了枪手。目前已有7人死亡，十多人受伤，其中一人伤势严重。案件发生在军营内，枪手是一名有家庭和行为问题的士兵，被禁止使用枪械。虽然该案件尚未被视为恐怖袭击，但突尼斯仍处于高度警戒状态。军营距离议会大楼和巴杜博物馆不远，附近学校也进行了疏散。内政部表示，枪击案的影响范围未延伸到军营之外。
92,499,中国反驳美国对中国的人权指责，并发布《2015年美国的人权纪录》报告，列举美国包括关塔那摩监狱任意拘留嫌疑人、枪支管理失控、警察暴力执法、政治选举不公平和社会问题等不良人权纪录。中国指责美国粗暴侵犯他国人权，并认为美国发布《国别人权报告》是对他国内政的干涉。,美国国务院发表了年度 人权报告 对中国的人权状况作出谴责，次日（14日）中国也发布报告批驳美国的人权状况。,中国国务院新闻办公室发布了《2015年美国的人权纪录》，指责美国存在的人权问题，包括关塔那摩监狱、枪支管理失控、警察暴力执法、政治捐款和利益集团影响选举公平、社会问题、种族矛盾等。中国认为美国发布的《国别人权报告》是双重标准和干涉中国内政。中国从1998年开始每年发布《美国的人权纪录》作为反驳。
93,500,利物浦战绩不佳，主帅罗杰斯探索进攻和防守策略。锋线失灵和后防漏洞是球队主要问题，但罗杰斯尚未找到解决方案。欧冠小组赛轮换球员的决定引发争议，球队将面临切尔西的双重挑战。,前曼联球员萨维奇在他的BBC专栏中点评利物浦开赛以来的表现。,利物浦本赛季战绩不佳，主教练罗杰斯正在探索进攻和防守思路。上赛季的成功给球队带来了错觉，但现在他们失去了苏亚雷斯等关键球员，进攻能力大幅下降。罗杰斯在引援上也没有找到合适的前锋。利物浦本赛季的压迫感和定位球进攻都不如上赛季，后防漏洞也没有得到解决。罗杰斯在欧冠比赛中选择休息主力球员是明智之举，他们面对切尔西将面临实力和心理上的双重挑战。
94,501,欧盟呼吁香港各方保持克制，尽快开启对话。香港特首梁振英表示已决定与学联代表会面讨论政改问题，但警方已调拨橡胶子弹和催泪弹以备执法。,欧盟委员会外交和安全政策高级代表阿什顿周四（2日）针对香港占中事件发表声明，敦促各方保持克制。,欧美呼吁香港各方保持克制，欧盟鼓励香港依循基本法和“一国两制”精神，开展对话。港特首梁振英决定与学联代表见面讨论政改问题，警方准备使用橡胶子弹和催泪弹。香港学联、学民思潮和占中发起人呼吁市民继续参与集会，港区人大代表呼吁珍惜和维护香港的稳定繁荣。
95,502,英国大学国际学生比例最高，白金汉大学高达56.35%，伦敦政治经济学院44.64%，圣安德鲁斯大学41.63%，格林多大学39.84%，亚非学院39.39%，伦敦艺术大学37.81%，帝国理工学院37.57%，伦敦大学学院36.75%，赫瑞瓦特大学31.37%，伦敦城市大学28.13%。,数据显示，英国大学每年向留学中介支付一亿两千万英镑招收国际学生，那么哪些大学的海外本科生比例最大呢？,国际学生已成为英国高等教育的主要财政来源。以下是10所英国大学中海外学生比例较高的排名：第十名是伦敦城市大学，海外学生占本科生总人数的28.13%。第九名是赫瑞瓦特大学，海外学生占31.37%。第八名是伦敦大学学院，国际学生比例为36.75%。第七名是伦敦帝国学院，国际学生占37.57%。第六名是伦敦艺术大学，国际学生比例为37.81%。第五名是亚非学院，海外学生占39.39%。第四名是格林多大学，海外学生比例为39.84%。第三名是圣安德鲁斯大学，国际学生占41.63%。第二名是伦敦政经学院，国际学生比例为44.64%。最高比例的是白金汉大学，国际学生占56.35%。
96,503,城市青年返乡体验农村生活，展示生活差异。他们分享砍树、洗碗等经历，感叹家乡房屋简陋，衣着朴素。著名演员返乡照片受网友称赞。尽管差异明显，青年们认为时代不同，返乡后拍照更开心，展现最真实的一面。,鸡年来临，中国许多年青打工一族回乡探亲之余，不忘在网上分享城市生活和农村之间的分别。,微博用户在网上展示他们在城市和回乡的生活的分别。他们分享了在农村的经历，比较了城市和乡村的衣着打扮和生活设施的差异。一些人称赞演员王宝强回乡宣传他的新电影，认为他很真实。尽管有分别，这些年轻人都认为回家后更高兴，照片展现了他们最真实的一面。
97,504,保守党党代会重点讨论脱欧，演讲强调脱离欧盟是机遇。但许多议员和智库对“硬脱欧”持不同意见，支持“巧脱欧”或“软脱欧”。反对党和媒体要求提供脱欧具体方案，但政府仅确定启动脱欧时间和放弃单一市场。,英国保守党党代会如火如荼，脱欧是绝对主题。首相特里莎·梅及逾十位内阁大臣纷纷主旨发言，其中以梅的公开现身最受欢迎，全场起立，且掌声雷动。享受此待遇的，还有外交大臣约翰逊，其次是财相哈蒙德。,保守党党代会如火如荼，脱欧是主题。大臣们强调脱欧是机会，英国有优势，但意见不一致。华裔国会议员Alan Mak支持“巧脱欧”，有利于英国。反对党和媒体要求具体方案，但梅只给出两个明确答案。梅的演讲走右中路线，对赢得2020年大选有优势。党代会结束前，梅将再次发言，或许脱欧政策会有所明朗化。
98,505,中俄双方商定明年举行联合军演，地点在太平洋和地中海，以增强地区安全,中国国防部发言人说，中国正和俄国军方讨论2015年联合军事演习事宜。,中国国防部发言人表示，中俄两国正在商讨明年的联合军事演习。此前，俄国国防部宣布两国将在地中海和太平洋举行联合军演。这一消息引起了欧洲的警觉，因为乌克兰危机使得俄国在地中海举行军演可能会对欧洲造成威胁。中俄两军已经多次举行联合军演，并且这些军演已经成为例行的机制化活动。这些军演将有助于增强两国应对地区安全挑战和维护地区和平稳定的能力。
99,506,苏格兰爱丁堡大学物理学家彼得·希格斯在诺贝尔奖颁奖典礼上发表讲话，分享了今年物理学奖。1960年代，他提出了希格斯玻色子理论，解释了基本粒子的质量。该预测的希格斯玻色子于2012年在大型强子对撞机中被发现。,英国的彼得·希格斯教授在斯德哥尔摩一项仪式上获颁发诺贝尔物理学奖。,苏格兰爱丁堡大学荣休教授希格斯教授与弗朗索瓦·恩格勒因为在希格斯玻色子理论上的工作而分享今年的诺贝尔物理学奖。他们在1960年代提出了解释宇宙基本粒子质量的机制。希格斯教授在诺贝尔奖颁奖礼上发表了演讲，并在斯德哥尔摩音乐厅接受了诺贝尔奖牌。希格斯教授表示，现在的学术文化要求研究人员发表大量论文，难以再有同类突破。
100,507,叙利亚局势网络舆论中影响力很高的莎拉·阿卜杜拉，却鲜为人知。她广泛传播有关杜马化武袭击的虚假信息，攻击救援人员“白盔”。根据研究，莎拉·阿卜杜拉的账户在宣扬虚假信息和打击“白盔”方面发挥了关键作用。她的影响力群体包括亲巴勒斯坦者、亲俄罗斯者、白人民族主义者，以及阴谋论者。尽管网上活跃人士影响力群体扩大，但迹象表明，他们近期的影响力有所减小。,叙利亚再出现怀疑化学武器攻击，调查正在进行，与此同时网上则出现一群影响力巨大的活动人士，着力传播事件的另一版本。,在叙利亚战争中，莎拉·阿卜杜拉和凡妮莎·比利是最具影响力的网络活动人士之一。他们声称叙利亚政府军使用化学武器的报道是伪造的，并支持政府军和俄罗斯的行动。然而，他们的立场受到质疑，因为他们的信息来源不明确，且存在政治偏见。莎拉·阿卜杜拉的推特账号拥有12.5万名追随者，其中包括一些主流传媒记者。她经常发表支持俄罗斯和阿萨德政府的言论，并攻击美国和沙特阿拉伯。凡妮莎·比利也是一个有影响力的网络活动人士，她的推特账号有3万名追随者。她经常发表支持俄罗斯和阿萨德政府的言论，并被评为持有极右偏见的阴谋论网站的撰稿人。这些活动人士在网络上的影响力有所减弱，但仍然存在。他们的立场受到质疑，因为他们的信息来源不明确，且存在政治偏见。
101,508,大量澳大利亚婴儿奶粉通过仓库运往中国，包括销往免税店，满足中国游客需求。,英国《每日邮报》周二（12月6日）电子版刊登了一篇独家报道，称中国对婴儿配方奶粉的需求，使得像澳大利亚这样的西方国家所出产的奶粉大量曲线运往中国。,澳大利亚奶粉大量销往中国，尽管澳洲超市限制购买数量。一些亚洲杂货店主和免税商店店主购买奶粉后销往中国。供应商提高生产能力满足中国市场需求，导致澳洲人难以购买奶粉而愤怒。一些货车将奶粉运往AuLink.com公司的仓库，该公司直接销往中国。澳洲超市对中国买家订购罐装奶粉的数量没有限制。
102,509,习近平将出席 G20 和 APEC 会议，预计与普京讨论叙利亚和乌克兰危机。菲律宾最高法院可能重新审议被冻结的美国-菲律宾安全协议，该协议允许美国军队在菲律宾扩大存在。APEC 峰会将重点关注经济，但双边会谈可能会涉及其他议题。,中国外交部周一（9日）宣布，中国国家主席习近平将出席14至16日的G20峰会，并于17至19日赴菲律宾出席APEC，地中海及南海议题届时将是会被关注。,习近平将出席G20峰会和APEC会议，预计与普京和奥巴马商谈叙利亚和乌克兰的冲突。菲律宾可能重新决定美菲安全协议的合宪性。习近平将在APEC会议上发表演讲。
103,510,利物浦主帅罗杰斯称过去一年“过得令人享受”，称球队“非常强大”并“表现又重新连贯起来”。他赞扬球员表现，并对门将米尼奥莱和前锋斯图里奇表示赞赏。罗杰斯认为本赛季“最关键”，俱乐部目标是欧冠。他否认俱乐部拥有3000万英镑的转会预算，并对苏亚雷斯禁赛风波作出了回应。,利物浦主教练罗杰斯(Brendan Rodgers)日前接受BBC采访时坦言，自己在利物浦一年来的工作顺利。,利物浦主教练罗杰斯对球队的表现感到满意，认为球队变得非常强大。他特别赞扬了球员的刻苦训练和表现。罗杰斯表示，这个赛季对于利物浦来说非常关键，他希望球队能够冲击欧冠。他还赞扬了门将米尼奥莱和前锋斯图里奇的表现，并表示利物浦的美国老板非常支持球队的目标。罗杰斯还谈到了苏亚雷斯的离队传闻，表示除了阿森纳外没有其他正式报价。他希望苏亚雷斯能够接受现状并尽快回归比赛。最后，罗杰斯表示球队的目标不仅仅是前四，而是要赢得比赛。
104,511,英国外相亨特警告中国不要压制香港民主，中方指责亨特干涉内政。亨特称联合声明保障香港自由，中国违反协议将有严重后果。亨特强调维护国际规则秩序，呼吁了解香港民众担忧根源，避免暴力镇压。,英国外交大臣亨特在近日谈及香港民众抗议事件时警告中国不要压制香港民主，并表示否则将有“严重后果”。此言一出立即引发连锁反应，也引起各界的好奇心。,英国外相亨特警告中国不要压制香港民主。中国驻英大使刘晓明指责亨特干涉中国内政。亨特表示英国必须遵守国际承诺，希望中方兑现中英联合声明。亨特强调中国和英国都会受到后果影响。他呼吁维护国际规则秩序，理解香港人的担忧。具体措施未透露，但要求遵守中英联合声明精神。
105,512,美国及其盟友在乌克兰西部举行“迅疾三叉戟”军演，乌克兰和北约指责俄罗斯支持东部叛军，俄罗斯否认。尽管停火协议，但顿涅茨克附近仍有冲突，导致六人死亡。北约国家向乌克兰提供武器，但未透露细节。,包括美国、欧盟成员国在内的15国约1300人的部队在乌克兰西部的利沃夫开始军事演习。,乌克兰东部冲突仍在继续，军演“迅疾三叉戟”预计9月26日结束。乌克兰和北约指责俄罗斯向乌克兰派遣军队，北约国家开始向乌克兰提供武器。冲突已造成2600人死亡，炮击事件导致6人死亡。
106,513,金瓜石战俘营现为和平纪念公园，纪念墙上刻有战俘姓名。热心人士努力下，这段历史重现天日。加拿大籍何麦克成立纪念协会，呼吁重视遗址保留。战俘营遗址中，金瓜石恶名昭彰，但其他战俘营状况也不佳。战后战俘遭忽视，甚至被迫保密。台湾早期不重视这段历史，但近年来较支持保留工作。纪念公园和立碑旨在提醒世人勿忘牺牲的战俘。,在第二次世界大战的时候，作为日本帝国最南端的台湾，日军在岛上兴建了多处战俘营，关押盟军战俘。,金瓜石战俘营现在成为终战和平纪念公园，园内树立的纪念墙上刻着当年战俘的名字和所属的国家。加拿大籍的何麦克成立了“台湾战俘营纪念协会”，呼吁台湾政府注重保留遗址和这段历史。当年日军在台湾关押了4000多名英国、荷兰、澳大利亚、加拿大以及美国军人。这些战俘受到恶劣待遇，有些国家政府还要求他们签署保密状。现在金瓜石战俘营已经整修成纪念公园，其他遗址也设立碑牌，希望世人不要遗忘这些战俘。
107,514,土耳其总理表示将归还俄罗斯中校尸体，此前该中校在战机被土耳其击落后跳伞时遇难。,土耳其当局表示，他们已经得到了在叙利亚边界地区被击落的俄罗斯战机上一名机员的尸体。,俄罗斯苏-24战机在叙利亚被土耳其击落，机员中校佩什科夫在跳伞过程中被地面枪击身亡。土耳其将交还佩什科夫的尸体给俄罗斯。这一事件导致土耳其和俄罗斯关系紧张，俄罗斯对土耳其实施制裁。
108,515,西班牙最著名的牛轧糖由修女手工制作，以其品质和传统配方闻名。牛轧糖起源悠久，由杏仁和蜂蜜制成，最初用于保存食物。现代牛轧糖口味多样，包括巧克力、坚果和威士忌。修女们使用来自巴伦西亚的优质杏仁，并不断实验配方，以创造独特的风味。,在西班牙，圣诞季的亮点之一就是牛轧糖的大量上市，这是一种通常由蜂蜜、糖和坚果制成的奶油糖。无论软硬，有没有添加蛋黄，牛轧糖始终是西班牙节日礼盒和节日商品展示的最爱。,西班牙牛轧糖是一种手工制作的糖果，最好的牛轧糖可以在修女院找到。圣克莱尔修女院是一座有22位修女的修道院，他们将自己的时间奉献给祈祷和制作牛轧糖。牛轧糖的历史可以追溯到罗马时期，它由杏仁和蜂蜜制成。现代的牛轧糖通常来自西班牙的希霍纳和阿利坎特两个城镇，它们的牛轧糖在西班牙最有名。牛轧糖的配料也可以包括巧克力、干果和威士忌。修女们选择来自西班牙的卡斯特隆镇的杏仁作为原料。圣克莱尔修女院的牛轧糖非常受欢迎，需求旺盛。
109,516,科罗拉多州开设大麻商店，21岁以上居民可购买1盎司，外州人可买0.25盎司。大麻合法化引发褒贬不一的争论，支持者认为有助于摆脱反毒品战争，批评者担忧社会健康与安全问题。美国联邦法律仍将大麻列为非法毒品，要求科罗拉多州确保合法使用和销售范围限于本州。,美国科罗拉多州元旦起开始合法销售大麻，20多个销售点外顾客冒着严寒排起长龙。,科罗拉多州是世界上第一个政府授权合法销售大麻的地方。年龄21岁以上的该州居民可以购买28克大麻，来自外州的居民可以最多买7克。美国华盛顿州也将在今年晚些时候开始合法销售大麻。荷兰可以小量购买和使用大麻，但从未正式合法化。购买者踊跃，尽管天气严寒，大批顾客元旦当天光顾销售大麻的商店。商店里有大麻烟卷、点心、糖果、肥皂、油和润肤剂等商品。根据新法律，只有在私人场所并得到业主同意后才能吸食大麻。警察向数名买大麻的顾客发出了警告，因为他们以为新法允许在公共场合吸食大麻。美国公众对大麻合法化褒贬不一。支持者认为科罗拉多州找到了一个退出反毒品战争的策略，批评者认为这会带来严重的公众健康和社会问题。根据美国联邦法律，大麻仍然是非法毒品。司法部已向科罗拉多州官员发出指示，要限制大麻的使用和销售在本州范围内。
110,517,因中国新疆人权问题，国际上出现抵制2022年北京冬奥会呼声。国际奥委会宣称政治中立，但各国政府对此态度谨慎，抵制与否仍未确定。,随着国际社会对新疆、香港人权问题的关注程度持续升温，美、欧、英、加、澳等西方主要国家政府所面对的要求抵制北京2022冬奥会的社会压力也与日俱增。BBC中文最近致函国际奥委会，就抵制声浪提出问题，并得到国际奥委会的官方答复。,中国政府面临国际抵制北京冬奥会的呼声，但国际奥委会坚持保持中立，并表示奥运会是世界团结的象征。尽管各国政府谨慎回应，但抵制呼声仍未减弱。中国政府指责抵制呼声是西方政客和媒体的抹黑，而国际奥委会主席表示解决抵制问题超出其职责。抵制或移动奥运举办地将带来巨大的经济代价。国际奥委会和各国政府需要综合考虑各方面因素。
111,518,压力会增加心脏病风险，类似于吸烟和高血压。研究表明，大脑中与压力相关的区域活动增加会导致骨髓释放过多白细胞，从而导致动脉炎症和心脏病发作。,在医学杂志《柳叶刀》上发表的一篇文章显示，如果人体大脑深处不断经受压力则会提高患心脏病的风险。,紧张和压力与吸烟和高血压一样是触发心脏病的诱因。研究发现，大脑深处区域感受到的压力活动越高，人就越可能得心脏病。人脑深处负责情感区域的部分过分活跃会增加心脏病的危险。大脑的杏仁核部分负责人类的情感区域，当该区域活动增加时，会导致动脉发炎，进而引发心脏病。此外，压力越高，身体发生炎症的机会越大。因此，减压不仅改善心理状况，还有助于预防心脏病。
112,519,伊朗新总统鲁哈尼对外展开外交攻势，向犹太人祝贺节日并对奥巴马发出积极信号。鲁哈尼表示有权就核计划谈判，并通过推特等途径强调与国际社会合作的意愿。分析人士认为双方对话时机已到，但伊朗要做出让步，美国也需解除制裁。,伊朗新总统鲁哈尼将在联合国大会发表演讲。迹象显示，他已准备好就伊朗核计划与美国展开实质对话。,伊朗新总统鲁哈尼表示，他有完全的授权和极大的政治自由，希望改变前任艾哈迈迪内贾德的负面影响。他与美国总统奥巴马交换了积极意义的信件，并表示愿意与国际社会接触，重申伊朗不制造核武器。外交官们期待鲁哈尼能够解脱伊朗的国际关系泥潭。然而，鲁哈尼的言论是否能转化为行动，以及华盛顿是否准备好与德黑兰达成交易，仍然是关键问题。奥巴马总统必须将解除对伊朗制裁的计划带到谈判桌上，才能让鲁哈尼在伊朗核武器项目上做出真正的让步。
113,520,南非结束种族隔离20年后，仍面临经济不平等问题和社会问题。尽管解放日纪念活动回顾了反种族隔离历史，但执政党可能在即将到来的选举中失去多数席位，反映出民众对经济和社会问题的担忧。,南非民众今天（4月27日）庆祝打破种族隔离后首次大选20周年，结束了白人统治的历史。,南非结束白人统治20年后，国家仍然面临经济不平等和其他社会问题。今年庆典的重头戏在比勒陀利亚，南非总统祖马回顾了南非反种族隔离的历史。然而，废除种族隔离制度多年后，南非经济不平等状况依然严重，还面临其他重大问题。南非将于5月7日举行大选，执政党ANC预计能够继续执政，但议席将减少，多数派地位将有所削弱，显示出南非民众对领导摆脱种族隔离的党派的不满加深。
114,521,埃尔多安就土耳其击落俄战机向普京私人道歉。信中表达了对遇难飞行员家属哀悼，希望恢复两国关系。,克里姆林宫发言人称，土耳其总统埃尔多安的代表已就在土耳其、叙利亚边境击落俄罗斯战机表示道歉。,土耳其总统埃尔多安向俄罗斯总统普京私下道歉，表达对击落俄战机事件中丧生的俄飞行员家属的同情和哀悼。俄罗斯一直对土耳其不道歉感到愤怒，并实施了制裁措施。埃尔多安希望恢复土耳其和俄罗斯的正常关系。土耳其尚未对俄罗斯的指称做出回应。去年11月，土耳其击落了一架俄罗斯战机，导致飞行员丧生。土耳其声称在击落前曾多次警告该战机，但俄罗斯否认。
115,522,出席布莱顿春节晚会，合唱《龙的传人》，感受海外华人情。最后上台接受市长签名证书，表达对布莱顿的喜爱。,来英国也有一段时间了，在农历新年到来之际，特别选择了离开伦敦，去安静的海滨城市Brighton度过不一样的新年。,在布莱顿市举行的新春晚会上，中国传统文化得到了展示。晚会包括舞龙舞狮、中国舞、京剧、民乐演奏等表演，吸引了观众的目光。华裔少年进行了剑术表演，外国小朋友献上了五步拳表演。作为华人代表之一，我和外国朋友们一起合唱了《龙的传人》。最后，我还有幸接受了市长亲笔签名的证书。这次活动不仅让我感受到了美丽的海滨风光，还加深了我与外国朋友的友谊。
116,523,港漂对北京政改方案看法不一。有人认为提名门槛提高，选举不民主；有人认为有利港漂利益，应予支持；还有人认为中央已作让步，应继续商讨。也有港漂支持占中行动，但担忧个人安危；也有人认为占中将损害香港金融中心地位。,周日（8月31日），中国人大常委会通过决议确定2017年香港特首选举没有“公民提名”，港漂（指在内地长大在香港读书工作的群体）们对此看法不一。,港漂们对北京当局的政改方案看法不一。有人认为提名门槛的提高使选举更不民主，宁愿立法会不通过该方案。但也有人认为只有香港稳定繁荣，港漂才有机会扎根发展，应支持这个政改方案。一些人认为泛民党反中仇华，上台会损害港漂利益。另一些人认为中央会保持底线，政改方案还留有相对的空间，应在此基础上有商有量。有人认为这个方案给了香港很大的政治自由度，但也指出在选民素质和民主意识尚不能确定的情况下，“公民提名”可能会变成乱选。有人认为香港应该做好一次选举给中央看看，以后才有资格争取更理想的民主。对于占领中环行动，有人支持非暴力公民抗命，但不会参与因为自身安全问题。另一些人认为即使占中发生，也不会实现泛民的政治诉求，但会对香港的国际金融中心地位产生极大影响，让普通香港市民承担这份政治裹挟所带来的影响是不公平的。
117,525,北京谴责香港抗议，但尚未采取直接干预行动。中国军队驻港，但用于防御，不得干预地方事务。北京政治干预包括支持特首林郑月娥，并压制反对意见。中国可能使用经济手段施压，因香港是国际经贸中心。,香港“反送中”抗议进入第11个星期，频繁衍生暴力冲突事件。,北京谴责香港示威活动，称其构成暴力犯罪和恐怖主义的苗头。中国军队驻港部队发布宣传短片，引发警告和威胁的解读。中国政府已多次政治干预香港事务，但军事干预风险高且可能引发进一步抵抗。北京可能通过经济手段对香港施加压力，挤压其对中国的依赖程度。
118,526,种族活动人士瑞秋·杜莉萨被父母揭露没有黑人血统。她在控告霍华德大学后被驳回，并辞去全国有色人种协进会主席职务。,美国反种族歧视活动人士瑞秋·杜莉萨尽管被指是白人，但却声称自己是黑人。,种族权益活动人士瑞秋·杜莉萨的父母表示她没有黑人血统。杜莉萨声称自己是黑人，并控告霍华德大学歧视她的白人身份。然而，案件被驳回，杜莉萨被勒令支付法律成本。她辞去了全国有色人种协进会的职务，并失去了在大学的讲师工作。目前，对杜莉萨的身份指控正在调查中。
119,527,奥巴马在与菲律宾总统会面后，重申美国对菲律宾在防御和安保方面的承诺，并期待通过和平手段解决南海争议。美国与菲律宾去年达成防御协议，美国获得临时使用菲律宾部分军事基地的权利。,正在马尼拉出席亚太经合组织领导人峰会的美国总统奥巴马星期三（11月18日）表示，中国必须停止在南海有主权争议的海域填海造岛。,奥巴马重申美国对菲律宾在防御和安保方面的承诺，并表示期待与南海争议各方合作解决分歧。奥巴马与菲律宾总统阿基诺会面讨论如何通过和平手段降低南海争议的紧张局势。中国与东南亚多个邻国对南海岛礁的区域主权声言有重叠的部分，中国填海造岛工程引起邻国不满，美国声称将保护区域航海自由。美国与菲律宾去年签署新的防御协定，美国对菲律宾现有部分军事基地拥有临时使用权，并可提前部署军事物资。阿基诺总统欢迎这个协定。奥巴马登上了美国向菲律宾提供的“德尔毕拉尔”号巡逻舰，并重申美国会确保亚洲海域的航行自由。
120,528,通过估计感染人数、病毒载量和单个病毒颗粒的大小，估算全球新冠病毒总量约为160毫升，相当于六个小酒杯，远小于一个汽水罐。,"BBC广播4台的节目《大致如此》要我计算现正肆虐全球危害全人类的新冠病毒的总量，我得老实说, 我不知道答案。我妻子认为，其总量应该有奥运规格游泳池那么大。她说，""要不就只有一茶匙。很少有人会去问这样的问题。""",根据作者的估算，全球新冠病毒的总体积大约为120毫升，或者采用球体最紧密堆积结构计算，约为160毫升。这个体积相当小，只能装进六个小酒杯或者不足以装满一个汽水罐。尽管如此，新冠病毒造成的破坏和苦难却是有史以来最可怕的。
121,529,因营业额低，索尔泰尔镇二手书店老板在 Facebook 求救，吸引大量顾客，营业额大幅增加。但老板对未来仍持谨慎态度，称收入微薄，面临超市和网络购物竞争。,网络发达，传统书店生存艰难，英国一家书店却借助网络力量让书店生意“起死回生”。,"索尔泰尔镇的一家二手书店老板在Facebook上发出求助信息，呼吁人们支持当地商家。这家书店一天只有7.50英镑的营业额，面临关门的危险。然而，他的求助策略奏效，第二天书店涌进了人潮，营业额增加到了300英镑。尽管生意有所起色，但老板对书店的未来并不乐观。他表示，超市和网购对书店生意造成了影响，当地商家很难与连锁店竞争。老板考虑另外兼职赚钱，因为他经营这家书店的年收入只有10,000英镑。"
122,530,北京发布首个红色空气污染预警，建议停课、弹性工作制，并实施单双号限行等强制措施。市民日常佩戴口罩出行，并使用物理疗法应对雾霾对健康的影响。,应对新一轮的雾霾天，北京首次启动了空气重污染红色预警。这也是迄今为止北京发布的最高级别的雾霾预警。,北京市民现在几乎每天都戴口罩出行。根据官方预警，北京市中小学和幼儿园停课，企事业单位可实行弹性工作制，大型露天活动原则上停止。公众应尽量乘坐公共交通工具，减少机动车行驶。然而，私营企业的员工仍然照常上班。根据美国驻华大使馆的数据，北京的空气质量指数为重度污染。许多人已经习惯了戴口罩和洗鼻子来应对雾霾天气。北京市还实施了一系列强制性措施，如机动车单双号行驶、禁止露天烧烤等。预计空气重度污染将持续到12月10日。
123,531,斯托克城负责人斯科尔斯对新赛季持乐观态度，强调教练团队的和谐和积极的俱乐部氛围。休斯对球员的技术印象深刻，斯科尔斯表示信心十足，并宣布将免费提供客场比赛大巴服务，以回馈球迷的支持。,斯托克城俱乐部首席执行官斯科尔斯(Tony Scholes)在日前接受BBC采访时说，他们将在整个新赛季的客场为球迷提供免费大巴。,斯科尔斯表示对新赛季充满乐观，球队准备工作有序进行。他称赞休斯的到来受到球员们的积极反应。斯科尔斯表示球员们都是世界一流的球员，期待休斯带来不同风格的足球。球队将免费为球迷提供所有客场比赛的大巴往返，回报球迷的支持。斯科尔斯强调球迷花费太多，球队要为他们做些事情。
124,532,军政府统治下的缅甸人民经历过恐惧和压抑。军方监视电话，控制教育内容并拘留政治异见者，导致沉默和孤立。尽管2015年民选政府带来一些改革，但2021年军方政变使这些努力付诸东流，并让人们想起过去的黑暗时期。,缅甸军方发动政变并扣留昂山素季（又译：翁山苏姬，Aung San Suu Kyi）已经过去三天。,缅甸发生军事政变，让人回想起过去的军事统治。一些人在军政府统治下长大，感受到恐惧。一些人在富裕家庭中长大，对政治事件不太了解。军事政变对人们的生活产生了影响，但他们仍然沉默地生活。这次政变无视了人们的愿望，军方认为只有他们才能维护国家的统一。缅甸的开放和转型仍未完成，军方将继续采取必要的行动。
125,533,民调结果显示，中国经济即将超越美国，但中国在国家形象上不如美国。大多数受访国家对美国有更高好感度，但欧洲和中东地区对美国的印象在下降。中国则需提高国际形象，特别是改善在日本和韩国的观感。,美国皮尤研究中心(Pew Research Center)本周四（7月18日）发布公共意见调查结果称，世界各国公众更倾向于相信中国终将取代美国成为全球头号经济大国。,根据调查结果显示，中国的经济可能会超过美国，但在国家形象方面，多数受访地区的公众对美国的好感度更高。在比较中美两国经济力量时，美国公众意见分歧明显，44%的受访者认为中国经济更强大，而39%的人认为美国经济仍占上风。报告还显示中国需在提高国际形象上做更多努力。另外，调查结果还显示，中国在欧洲的形象下降，可能是因为欧洲将中国视为商业竞争对手并在外交事务中受挫。在中东地区，美国国家形象不佳，有五个国家的多数公众对美国较为反感。
126,535,温州水果商李盛燕以城管公安执法过当为由起诉广州海珠区相关部门，要求确认执法违法、赔礼道歉、赔偿损失。城管称李盛燕拒不配合，引发冲突，但网民发布了双方冲突的视频照片。李盛燕本人未出庭，称输赢无所谓，只求公道。网上舆论目前不利于李盛燕。,广州一名因占路卖水果与城管争执最终被城管压颈制服的女小贩状告城管要求道歉并赔偿。,温州水果商贩李盛燕起诉广州海珠区城管和公安，指控他们粗暴执法。她要求法庭确认两个被告机构的行政行为违法，并要求赔礼道歉和赔偿经济和精神损失。李盛燕被城管要求收摊后与他们发生争吵，城管强行制服她并用手卡住她的脖子，她的女儿因此惊恐哭泣。照片在媒体和互联网上引起了公众的批评。城管解释称，他们被迫与民警一起强行制服李盛燕，因为她拒不配合并辱骂城管，并用水果袭击他们。李盛燕没有出庭，由律师代理诉讼。她表示起诉只是为了讨回公道。这一案件在互联网上引起了热议，舆论似乎不利于李盛燕和中立者。在温州媒体的报道下，一些市民表示希望得到好结果，但也认为小摊贩有些让人闹心。
127,536,华尔道夫酒店，美国地标建筑，被中国安邦保险集团收购后声名鹊起。因安邦被中国保监会接管，华尔道夫酒店面临易主，或由国企接盘处置，或回归原美国黑石集团所有。但无论如何，华尔道夫曾作为政要“家外之家”的地位，因其被中资收购而受到影响。,5月10日，靴子落地，安邦董事长吴小晖在上海被判18年有期徒刑。吴小晖陨落后，外界的注意力迅速集中到下一个问题——安邦在全球疯狂收购的海外资产何去何从？,华尔道夫酒店是纽约的一家百年酒店，被安邦保险集团收购后，成为中国资本在美国的标志性资产之一。然而，由于安邦保险集团存在违规经营行为，中国保监会接管了该公司。目前，华尔道夫酒店的新东家尚未确定，可能是回归旧主或成为中国国有资产。华尔道夫酒店在美国历史上留下了重要的印记，吸引了许多政要和名流入住。酒店的命运仍未确定，可能会继续经营或进行改造出售。
128,537,中加贸易受孟晚舟事件影响较小。中国游客赴加人数增长，房地产交易稳定，加鹅外套在华开店顺利。然而，中国对加国油菜籽出口设限，中加关系紧张引发两国舆论热议。孟晚舟听证会旷日持久，加中关系波澜难平。,华为高管孟晚舟去年12月因其公司涉嫌违反美国对伊朗制裁在加拿大被捕后，中加关系被认为进入寒冬。可现实究竟如何呢？BBC中文整理多组数据与时间表，带你看中加关系近期的跌宕起伏。,根据加拿大统计局的数据，2019年1月中加贸易有所增长，2月有所回落。中加商品进出口贸易量比去年同期分别增长了17.8%和8.7%。然而，由于中美贸易摩擦，加拿大对华大豆出口量在2019年1月大幅减少25%。此外，中国对加拿大油菜籽的禁令也对加拿大经济利益造成打击。然而，中国游客赴加旅游的人数仍在增加，中国购房者对加拿大房地产市场的兴趣也未受到影响。加拿大鹅在中国市场的销售量也在增长。然而，孟晚舟事件和中加关系的紧张局势可能对中加关系和加拿大国内政治产生长期影响。
129,538,特朗普决定不认定中国为汇率操纵国，原因是人民币未被操纵且美元过于强势。,美国总统特朗普说，美国本周即将公布的报告中不会将中国指定为汇率操纵国。,"特朗普在会晤习近平多天后宣布中国不是汇率操纵国。他表示中国几个月来并未操纵其汇率，甚至还采取措施防止人民币贬值。特朗普认为指定中国操纵汇率可能破坏美中应对朝鲜威胁的谈判。他同时表示美元过于坚挺，可能伤害美国经济。特朗普还表示尚未决定是否继续任命耶伦担任美联储主席。这一表态可能导致中美贸易争端缓解，有利于新兴市场国家货币。中国人民银行国际司司长朱隽认为中国应进一步强化人民币的储备货币地位和""可自由使用""程度，以应对人民币贬值压力。"
130,539,国庆假期，中国多地景区人山人海，华山、丽江、三亚等地出现游客滞留、找不到住处等情况。游客对拥堵、排队等现象表示不满，质疑黄金周制度。,中国进入黄金周长假，全国多地景区出现客流井喷，规模震撼，到处摩肩接踵，人潮涌动，引起网民热议。,国庆长假期间，中国各大景区出现了人山人海的情况。华山、泰山、黄山等景区游客爆满，长城也不分内外。景区滞留、排队、拥堵等问题成为网友们讨论的热点。这次假期的拥堵情况反映了中国人口众多和假期时间不够长的实质性问题。
131,540,香港前明报总编刘进图遭两名不明身份人士袭击，身中数刀重伤。警方表示已展开调查，不排除任何动机。香港各界谴责袭击行为，并呼吁警方尽快破案。,前《明报》总编、世华网络资源公司营运总裁刘进图在香港西湾河遇袭，身中三刀受伤送院，情况危殆。,香港警方表示，他们正在调查一起袭击案件，案件涉及两名人士。被袭击的刘进图受到了严重伤害，香港特首梁振英对此表示谴责。香港记者协会和独立评论人协会也谴责了这起暴力事件，并呼吁警方尽快将凶手缉拿归案。一些网友对此案件表示质疑，并认为这是对香港新闻和言论自由的挑衅。
132,542,伦敦奥运会取得巨大成功，中国代表团摘得金牌第二，境外参赛创最佳。东道主英国获金牌第三，决心利用奥运促进经济。牙买加飞人博尔特蝉联100米和200米冠军。,2012伦敦奥运会将在英国当地时间星期日（8月12日）晚间落下帏幕，闭幕式晚9点正式开始。,中国代表队在本次奥运会上获得金牌总数第二。英国成功举办了这次被认为是历史上最成功的奥运会之一。中国体育代表团在境外参赛中取得了最好成绩。博尔特成功卫冕100米和200米比赛。乌干达选手史蒂芬·基普罗蒂奇获得男子马拉松金牌。
133,543,香港政府与学联代表就政改首次对话，政府代表强调选举制度应公平透明，学联要求公民提名废除功能组别。双方争论激烈，政府将解释人大政改框架，学联将迫使政府正视民意。,香港的“占中行动”进入第二十四天，港府与学联各派出五位代表于当地时间21日傍晚就香港政改问题首次进行对话，备受各界关注。警方亦在多个被“占中”集会者占据的街道密切监察，高度戒备。,政府与学联代表就政改展开首轮对话。政府代表包括政务司司长林郑月娥、律政司司长袁国强、政制及内地事务局局长谭志源、副局长刘江华及特首办主任邱腾华；学联代表由学联秘书长周永康率领。双方在对话中就提名制度、选举限制等议题进行了讨论。政府代表表示提名制度是松是紧是见仁见智，认为由全港500万选民选出特首比由1200人的选委会选出特首更民主。学联代表表示对政府的政改决定不满，并要求废除功能组别和实行公民提名。对话持续两小时，全程进行电视及广播直播。双方希望通过对话缩小分歧。
134,545,香港民意调查显示，年轻一代更支持平反六四。63%受访者支持平反，16%反对。51%认为中国人权状况比1989年改善，但比去年下降11个百分点。年青一代对中国政府当年处理事件、支持学生行动和支持平反六四的看法更加积极，体现了他们对民主的追求。同时，支联会的评分略有下降，反对解散支联会的比例也明显下降。,香港大学公布的周年民调结果显示，香港市民支持平反1989年北京天安门学运的比率再创香港政权移交以来的新高。,调查结果显示，越年轻的香港市民越认同1989年北京抗议学生的行为。在1000名受访者中，63%支持平反天安门学运，比去年增加2个百分点；16%受访者表示不支持，同比跌1个百分点。与此同时，51%认为中国人权现状比1989年有所改善，比去年跌11个百分点，是政权移交以来的最低点。调查显示，年轻一代更倾向于认为中国政府当年处理事件的手法不对，支持北京学生的做法，并支持平反六四。调查并未针对今年困扰六四事件悼念活动的“本土意识”争端提问，但受访者对主办单位支联会的评分略有下跌。
135,546,美国国家安全顾问弗林因涉嫌违法被勒令辞职，其与俄罗斯大使的通话以及特朗普得知此事后拖延引发质疑。国会民主党要求彻查此事，共和党内部意见不一。弗林事件可能会涉及政治干扰司法的调查。接替弗林的是凯洛格，但彼得雷乌斯和哈沃德也是候选人。代理司法部长耶茨因反对特朗普的移民禁令而被免职，现在因弗林辞职一事可能感到如释重负。,"眨眼之间，围绕特朗普任命的国家安全事务顾问的争议从波澜不惊到惊人地以迈克尔•弗林（Michael Flynn）辞职""告终""。",美国国家安全顾问弗林辞职后，引发了对特朗普和俄罗斯关系的关注。弗林被指涉嫌在就职前私下与俄罗斯大使接触，但特朗普团队否认了这一指称。弗林辞职后，民主党议员呼吁对此事进行调查，但一些共和党议员对此不感兴趣。特朗普暂时任命凯洛格为国家安全顾问，但彼得雷乌斯和哈沃德也被视为可能的继任者。
136,547,奥巴马访问塞内加尔，会见总统萨勒并探讨加强美非经贸关系。他计划前往戈雷岛，这是非洲奴隶贸易的出口港，具有象征意义。尽管南非前总统曼德拉病情恶化，奥巴马仍计划访问罗本岛。,美国总统奥巴马抵达塞内加尔，开始对非洲三国为期一周的访问。,奥巴马和塞内加尔总统萨勒会面，奥巴马访问非洲三个国家，加强经贸关系和提倡民主政治。奥巴马不访问肯尼亚，因为肯雅塔被国际刑事法庭起诉。奥巴马将访问戈雷岛和罗本岛，分别象征非洲黑奴的历史和曼德拉的监禁地。在坦桑尼亚，奥巴马将纪念爆炸案遇难者。
137,548,美国警告俄罗斯，军事干预乌克兰将是严重错误，并可能导致代价高昂的决定。美国国务卿克里还要求莫斯科从格鲁吉亚撤军，并敦促格鲁吉亚与欧洲和北约进一步融合。分析认为，俄罗斯大规模军演可能旨在展示武力或干预乌克兰的前奏。,美国国务卿克里对俄罗斯发出警告说，如果俄国对乌克兰实施军事干预将犯下“严重错误”。,美国国务卿克里对俄罗斯发出警告，称任何破坏乌克兰领土完整的军事干预都是严重错误。克里还表示美国正考虑向乌克兰提供10亿美元的贷款担保和直接援助资金。他还要求俄罗斯从格鲁吉亚撤军，并敦促格鲁吉亚与欧洲和北约进一步融合。克里强调美国政策不旨在削弱俄罗斯对邻国的影响力，而是希望看到这些国家实现民主和经济强大。分析认为俄罗斯的大规模军演可能是干预乌克兰的前奏，克里表示如果俄罗斯干预乌克兰，将显示其虚伪。
138,550,中国政府将暴力袭击事件归咎于“三股势力”，即偷渡、恐怖主义和宗教极端主义。警方已开展专项行动，打击偷渡活动，并通过国际合作追捕犯罪嫌疑人。,据中国官方媒体报道，周日（1月18日）晚，几名偷渡的新疆维族人在中越边城广西凭祥市与警方发生冲突。,中国政府将近年来发生的多起暴力袭击事件归咎于“三股势力”。其中2名维族人被击毙，当地特警武警等警力目前正在全城追捕一名逃脱者。枪击发生在当地一高速路收费站附近，时间为当晚8点多。警方用两辆小车逼停偷渡者的车辆后，遭对方拒捕并行凶。警方最终击毙其中两人，而一人逃往居民生活区。近年来，在西南边境地区偷渡活动呈增多之势，特别是境内外“蛇头”组织人员偷渡活动持续高发。中国公安部成立专案组，于2014年5月初部署河南、广东、广西、四川、云南、新疆等多地警方统一开展打击西南边境地区组织偷渡专案行动，并派出多个工作组，赴重点地区进行一线督导。公安共破获组织、运送、偷越国(边)境案件262起，抓获涉嫌组织、策划、运送他人偷越国(边)境的犯罪嫌疑人352名，查获涉嫌偷越国(边)境犯罪嫌疑人852名。在中国西南边境地区的这些组织偷渡活动“不同于一般偷渡犯罪，具有明显的恐怖主义特征”。此类犯罪活动主要是境外‘东伊运’组织在幕后操纵指挥，极力传播宗教极端思想，蛊惑煽动群众出境参加‘圣战’活动，为‘东伊运’恐怖组织补充力量。发生在2014年3月1日云南昆明火车站的砍人事件，“即是此类人员所为”。目前中国公安部门“已查明确定了一批藏匿在境外的幕后组织者和境外‘蛇头’身份，并通过国际刑警组织对重点犯罪嫌疑人进行红色通缉。”中国警方将进一步加强与东南亚国家警方的国际警务合作，联手开展跨国缉捕工作，坚决将组织偷渡犯罪团伙头目和骨干抓捕归案。
139,551,尼克·戴维斯否认不当行为，称已请求暂时离职，接受道德委员会审查。此前他被指邮件中讨论俄罗斯禁药问题，邮件显示他要求对俄罗斯禁药丑闻“聪明一些”。戴维斯被视为国际田联主席塞巴斯蒂安·科的副手。,国际田联（IAAF）对怀疑故意推迟公布俄罗斯涉禁药运动员名单的事件展开调查，副秘书长尼克·戴维斯（Nick Davies）则决定暂时停止职务。,尼克·戴维斯在2013年莫斯科世锦赛之前发送了一封电子邮件，提到要和反兴奋剂团队讨论“俄罗斯的难言之隐”。他还表示国际田联必须努力停止英国媒体对俄罗斯的攻击。戴维斯已决定暂时离开职位，等待道德委员会审查并确定是否有违反道德守则的行为。他否认有任何不当行为，并已向国际田联道德委员会报告了2013年的邮件和声明。这封邮件包括了“非常隐秘”的五点计划。俄罗斯在莫斯科世锦赛上获得了最多奖牌，但国际田联在比赛结束后四个月对16名俄罗斯运动员实施了制裁。最近的独立调查发现俄罗斯存在“政府资助”的系统性禁药使用，导致俄罗斯成为第一个被禁止参加国际赛事的国家。国际田联已对多名官员进行了质询，可能会对涉及包庇禁药问题等指控的官员实施终身禁令。
140,552,中日领导人会谈持续不足半小时，气氛冷淡。“解铃还须系铃人”，日本需在钓鱼岛、侵略历史、和平宪法问题上做出改变，改善两国关系。,中共官媒《人民日报》周二（11月11日）刊文指出，中国国家主席习近平与日本首相安倍晋三在周一的会面有“分量”，但无“热度”。文章说，中日关系并不会因为此次会面而雨过天晴，中日关系仍然处于一个关键路口。,习近平和安倍晋三的会谈只持续了不到半小时，两人见面时表现得面无表情。习近平希望日本继续走和平发展道路，采取审慎的军事安全政策。中国官方强调习近平是“应约”会见安倍晋三的。《人民日报》指出，安倍政府需要按照四点原则共识规范自己的言行，包括停止挑衅、不再参拜靖国神社以及采取审慎的军事安全政策。中日两国上周达成了恢复政治、外交、安全方面对话等四点原则共识。
141,553,示威者阻塞香港机场出境检查口以抗议警方滥权。国泰航空一飞行员因涉嫌为示威者泄露机场信息而被停职，引发连锁反应，香港航空等公司表态支持政府止暴制乱、恢复秩序。,以旅客量计算世界第三繁忙的香港国际机场因受反对《逃犯条例》修订案示威影响，客运服务连续第二天瘫痪。,示威者在香港机场持续抗议，导致航班取消和机场瘫痪。国泰航空停职一名飞行员，并被禁止使用中国大陆空域。示威者堵塞机场出境口，影响旅客出行。中国民航局对国泰航空实施额外管制。香港机场取消超过530个航班。香港政府和航空公司谴责示威者的暴力行为。
142,554,北约决定向东欧新基地派遣部队，建立随时准备反应的部队。但尚未决定派遣计划是否永久性，法国、意大利、西班牙反对永久性驻扎，美国、英国支持。北约将在威尔士峰会上讨论此议题，避免成员国分歧。俄罗斯尚未回应，但分析认为其将强烈反应。乌克兰总理表示，乌克兰需要北约的“实际帮助”，并希望在威尔士峰会上做出“重大的决定”。,尽管各成员国意见分歧仍在，北约秘书长拉斯姆森（Anders Fogh Rasmussen）周三（27日）表示，北约已经决定向东欧的新基地派遣自己的部队。,北约决定向东欧派遣自己的部队，以应对欧洲的安全环境。部队可能是轮换制的，目的是让潜在的进攻者知道他们将面对北约的部队。北约峰会将讨论该议题，乌克兰希望得到北约的实际帮助。这一决定可能引发俄罗斯的强烈反应。
143,555,甘肃定西 6.6 级地震致多人伤亡，引发泥石流，损毁房屋 2 万余栋，数万人需紧急安置，400 余次余震。救援人员已抵达灾区，14 人失踪。,中国官方媒体和甘肃地方政府说，星期一（7月22日）早晨甘肃定西发生的6.6级地震已造成至少89人死亡，近600人受伤。,甘肃定西市岷县和漳县交界地带发生地震，造成多人伤亡和严重房屋损失。数万人需要紧急安置。地震还导致泥石流，冲毁和损坏了2万多栋房屋。至少有14人失踪。救援人员正在进行搜救行动。地震后发生了400多次余震，最强烈的一次达到5.6级。灾区路网畅通，可以随时向灾区调集救灾物资。
144,556,欧盟制裁朝鲜核计划，禁止朝鲜飞机和船只进出欧盟领空和港口，并冻结 66 名朝鲜个人和 42 家公司的资产。朝鲜领导人金正恩表示，仅在国家主权受到威胁时才会使用核武器。,欧盟决定进一步制裁朝鲜，惩罚平壤政府无视联合国安理会的决议，继续发展核计划及试射导弹。,欧盟对朝鲜实施新的制裁措施，包括贸易、金融、投资和交通运输等领域。制裁还包括禁止朝鲜飞机飞越和进出欧盟成员国领空，禁止朝鲜船只和载有朝鲜船员的船驶入欧盟成员国的港口。欧盟还加强金融制裁和实施更多投资限制。朝鲜最高领导人金正恩声称只有在国家受到主权威胁的情况下才会使用核武器进行攻击。朝鲜还表示会继续发展宇宙科技，制造并发射更多实用卫星。朝鲜在今年1月和3月分别进行了核试验，国际制裁也随之加强。
145,557,在缅甸，一种称为“明巫师”的巫师圣人受到人们的尊崇。这些巫师据称拥有超自然的能力，源自佛教教义和冥想。尽管受到一些受教育人士的质疑，但明巫师在缅甸社会仍然具有根深蒂固的影响力。随着缅甸的对外开放，有关明巫师的书籍和媒体关注度也不断增加。,“我能看到您和我遇到的每个人的未来，”吴昂帮（U Aung Baung）笑着说，富有传奇色彩的仰光大金寺（Shwedagon Pagoda）的镀金圆顶在他身后的夜色中闪闪发光。“但是，您必须先开始遵守佛教戒律，我才能告诉您。”,缅甸的明巫师是一群拥有神奇力量的巫师圣人，他们通过佛教教义、冥想、法术和炼金术获得力量。他们在缅甸社会中有着根深蒂固的影响力，人们会求助于他们来治病和改善职业前途。尽管有些人对他们的存在持怀疑态度，但明巫师的传统在缅甸仍然保留下来，并且在缅甸各地的佛寺中都能见到人们崇拜他们的专门神殿。明巫师的魔力来自佛教教义、法术和炼金术，他们被认为能够飞起来、长生不老，并且能够与神秘的王国交流。尽管许多受过教育的缅甸人不相信明巫师，但接受他们的人已经进入主流社会，势力似乎还在不断增强。随着缅甸对外开放，涉及明巫师的出版物也在增加，聘请巫师成为剧组成员或显示捐赠巫师的塑像已成为缅甸影星和歌手的时髦做法。许多富有的中国商人也会来缅甸寻找明巫师为其生意帮忙。明巫师的传统为人们在实现自己的世间梦想提供了一种另类途径。
146,558,台湾金管会成立调查组，针对兆丰银行纽约分行涉嫌洗钱展开调查。兆丰银行已口头提出请辞，金管会将持续了解政府与兆丰的沟通情况。金管会表示，台湾金融检查经费不足，海外分行检查周期过长。美国指控兆丰银行纽约分行在防制洗钱、权责分工和法令遵循方面存在多项缺失，并对其处以 1.8 亿美元罚款。台湾学者认为，兆丰银行低估了美国的监管底线，导致无法挽回的后果。,台湾兆丰银行位于纽约的分行因为违反美国商业规定，被裁罚1.8亿美金罚金。台湾官方成立项目小组因应。,台湾金融监督管理委员会已成立跨部会项目小组调查兆丰银行洗钱嫌疑。金管会将积极与美方联系，但不便评论银行是否有洗钱行为。兆丰口头报告称在通报上没有缺失，但美方认为其权责不清，存在利益冲突和文件翻译问题。美方还指出兆丰与巴拿马律师事务所有许多可疑交易。兆丰的态度让美方不满。台湾经济学教授认为兆丰错估了美方底线，导致无法挽救的结果。
147,559,叙利亚难民涌入黎巴嫩，令其成为全球难民密度最高的地区。这给黎巴嫩脆弱的经济和社会基础设施带来巨大压力，难民人数已相当于当地人口的四分之一。联合国敦促国际援助，以应对仍在恶化的危机。,联合国表示，从叙利亚逃至黎巴嫩的难民人数已经超过“毁灭性的里程碑”—一百万人。,"叙利亚难民给黎巴嫩带来巨大压力。黎巴嫩是全球“难民密度最高”的地区，叙利亚难民人数已经等同于当地人口的四分之一。黎巴嫩是叙利亚邻国中最小和最脆弱的一个，难民危机威胁着该国的存在。每天有约2,500名新难民在黎巴嫩注册，国际援助机构疲于应付。联合国难民署仅收到所需救援款的14%。"
148,560,四川康定地震致1死3伤，震源深度18公里，已启动II级应急响应。,四川甘孜藏族自治州康定县周六（11月22日）发生6.3级地震。,康定地震发生在16时55分，震中位于康定县塔公草原，震源深度18公里。地震造成1人死亡、3人受轻伤。四川地震局已启动I级应急响应，四川雅安市派医务人员赶赴康定。
149,561,峰会延期英国“脱欧”至6月，欧盟主席图斯克告诫“请不要再浪费时间”。英国首相特里莎·梅表示接受提议，但希望加快脱欧进程。欧盟要求英国履行5月举行欧洲议会选举义务，否则将自动脱欧。欧盟高层官员表示，未来一年英国无法否决欧盟重大决策。,欧盟星期二（4月10日）表示，欧盟已同意将英国脱欧的最后期限延长至10月31日。,英国首相特里莎·梅在欧盟峰会上成功争取到了英国脱欧的延期，欧洲理事会主席唐纳德·图斯克表示这是一次弹性延期，英国可以在期间做出任何决定。特里莎·梅表示接受延期提议，但仍希望尽快离开欧盟。欧盟委员会主席让-克洛德·容克表示，如果英国在5月的前三周内撤回延期协议，就无需参加欧洲议会选举。欧盟内部对于英国脱欧延期的条件存在分歧，但他们希望英国不会干涉欧盟的未来决策。欧盟希望尽快解决英国脱欧问题，以便专注于自身的未来发展。
150,562,英国一对夫妇接触到与斯克里帕尔父女中毒案相同的神经毒剂诺维乔克中毒。他们可能从萨利斯伯里或埃姆斯伯里污染的地点接触到毒剂。警方正在调查，呼吁俄罗斯政府解释。,英国埃姆斯伯里（Amesbury）小镇一对伴侣上周六（6月30日）接触神经毒剂后昏迷，目前两人仍住院接受治疗，病情严重。,两名英国居民在上周末出现中毒症状，与早前俄罗斯双面谍斯克里帕尔父女中毒案的毒剂相同。这对伴侣可能是通过手接触到污染物中毒的。他们被送往医院接受抢救，目前警方正在调查此案。中毒的毒剂为诺维乔克，一种高毒性的神经毒剂，可以通过皮肤接触吸收。英国内政大臣呼吁俄罗斯政府解释此事，而俄罗斯外交部则表示伦敦应向俄罗斯道歉。
151,563,中资参与英国欣克利角核电站项目引发争议，法国工会质疑项目条件不成熟，EDF工程师担忧技术问题，内部文件显示电站设计过于复杂、昂贵。EDF否认延期的推测，重申第一座反应堆2025年投产。,法国电力公司（EDF）的一位董事会成员说，他将对英国欣克利角核电站计划投反对票。,中资参与在英国欣克利角核电站建设计划存在争议。法国CFE-CGC工会代表塔克西勒表示，计划条件不成熟，工会曾建议推迟项目。工会指出，法国类似设计的核电站存在问题。法国经济部长马科龙表示，EDF将在5月上旬做出最终投资决定。塔克西勒提到EDF财政状况薄弱、技术问题和能源市场状况是他反对的原因。EDF工程师也表达了对技术问题的担忧。一些工程师认为应重新设计电站，目前的设计过于复杂和昂贵。EDF否认这些谣言，并确认核电站将于2025年开始运作。EDF正在努力筹集剩余66.5%的资金。英国政府表示将继续支持该项目。
152,564,李春姬，朝鲜“人民播音员”，在朝鲜享有盛誉。她以戏剧化的播报风格和艳粉色传统服装而闻名，在重大事件中担任首席主播，传递金正恩的口信。目前处于半退休状态，但仍会出现在重大新闻播报中，备受平壤当局赏识。,导弹放飞、核弹试爆、领导人逝世……几乎每一次朝鲜发生重大变化或者采取震慑性行动，世界都能听到她铿锵有力的播报。,李春姬是朝鲜的女主播，被称为“人民播音员”。她在朝鲜央视担任主播已经40多年，是朝鲜核试验和导弹发射的首席主播。她喜欢穿粉色的朝鲜传统服装，但在朝鲜领导人去世时会穿黑衣。她的播报风格戏剧化，声音和表情都很夸张。她受到平壤当局的信任和赏识，被金正恩亲自指定传达他的口信。她的形象在朝鲜很受欢迎，但她已经表示希望转到幕后工作。她喜欢享受，经常去高档餐馆吃饭。
153,565,美国对台军售引发中方强烈反应，中国高调警告，并修订国防法。而美国重申对台政策不变，但承认其介入台海战争的问题上战略模糊。专家认为，习近平不会放弃武力解决台湾问题的准备。,美国批准了特朗普上台以来对台湾的第8次军售。台海硝烟未起，但是，中美舆论交锋已经充满火药味。,美国国务院批准对台湾进行18亿美元的军火销售，这是特朗普上台以来的第8次军售。中国外交部表示将作出必要反应。习近平在纪念“抗美援朝”70周年大会上发表讲话，强调任何搞霸权的行径都是行不通的。中国官方媒体也频繁发声，表示对台湾问题上的强硬立场已成为美国两党共识。中国国防法修正草案中添加了制止国家“分裂”的规定。美国在台湾问题上面临两难境地，要么冒核大国间战争的风险保卫台湾，要么让大陆攻台损害美国的声誉和亚太影响力。美国国务卿蓬佩奥重申美国对台湾政策没有变，敦促北京遵守台海和平的承诺。美国的战略模糊被视为不愿介入。中国国家安全顾问奥布莱恩警告中国不要试图武力解决台湾问题。中国海军扩张的速度超过历史上任何海军扩张，其目的之一是将美国赶出西太平洋。中国两栖作战能力有所发展，但仍面临登陆和山地抵抗的问题。习近平希望在2021年解决统一台湾问题，虽然中国希望避免战争，但习近平不会放松武力解决台湾问题的准备。
154,566,英国皇家苏格兰银行（RBS）82%股权属纳税人，2011年亏损20亿英镑，奖金3.9亿英镑引发争议。投行人员平均年薪14.4万英镑，奖金比去年减少一半，但基本工资平均涨29%。CEO赫斯特放弃100万英镑奖金，董事长菲利普·汉普顿勋爵放弃140万英镑股份。财相奥斯本表示，RBS仍在清理金融危机遗留问题。,英国纳税人控股的苏格兰皇家银行（RBS）公布业绩，承认连续第四年亏损，金额达20亿英镑。,"RBS是一家股权大部分属于纳税人的银行。尽管该银行在2011年亏损了20亿英镑，但仍决定给投行业务人员发放3.9亿英镑的奖金。这引起了争议，因为奖金总额减少了一半以上。RBS投行业务部门的平均年薪为14.4万英镑，其中奖金占了22,941英镑，比前一年减少了一半。RBS首席执行官和董事长都宣布放弃他们的奖金。英国财相表示，RBS仍在努力解决金融危机留下的问题。"
155,567,梅西和罗纳尔多在巴西世界杯上力争证明自己，夺得冠军是球星分水岭，但夺冠之路困难重重。世界杯对球员的影响巨大，梅西和C罗共夺得五次欧冠冠军和六次世界足球先生，但世界杯表现平平。对于26岁的梅西和29岁的C罗来说，本届世界杯是职业生涯的转折点，他们势必全力一搏。,当今足坛的巅峰人物非梅西和克里斯蒂亚诺·罗纳尔多（C罗）莫属。,梅西和罗纳尔多都希望在巴西世界杯上证明自己的价值。虽然他们在俱乐部比赛中取得了很多荣誉，但他们都没有赢得过世界杯冠军。世界杯对球员来说非常重要，可以让他们成名，也可能让他们背负骂名。梅西和罗纳尔多的世界杯战绩相对较差，他们都希望在本届世界杯上留下自己的印记。虽然以世界杯来评判球员可能有些残酷，但这是一个无法取代的历史元素。梅西和罗纳尔多都希望能够赢得世界杯冠军来证明自己的伟大。
156,568,美国政府对中兴通讯处以10亿美元罚款和执行期间4亿美元托管，要求更迭管理层和接受美国合规小组检查，以解除对中兴的七年的禁令。,美国商务部长罗斯（Wilbur Ross）表示，美国政府与中兴通讯达成协议，让中兴在缴纳14亿美元、完全撤换管理层级其他条件后恢复业务。,美国政府与中兴通讯达成最终协议，中兴将被罚款10亿美元，并交付4亿美元给第三方托管。中兴必须在30天内更换董事会和管理层，并允许美国选择的合规小组进行检查。这是商务部有史以来对违规者施加的最高罚款。中兴通讯因违反制裁被禁止购买美国高科技零部件和服务7年。中兴的主要经营活动受到影响，可能导致数十万人受到影响。中兴的谈判与中美贸易谈判紧密相连，但该协议不会影响贸易谈判。中方未正面回应关于购买美国农产品、能源和制造业商品的传闻，但表示双方在磋商中进行了深入探讨。
157,569,泰国洞穴救援行动救出四名男孩，但因降雨暂停救援。救援人员计划在未来三到四天完成任务，潜水员将受困者信件带入洞穴安抚情绪。救援行动面临雨势和狭窄洞穴的挑战，此前一名泰国海军潜水员因缺氧不幸身亡。,受困于溶洞中的泰国少年足球队，目前已有四名成员成功离开洞穴。,泰国救援人员成功救出四个男孩，但停止救援以更换氧气罐。男孩们身体状况良好，但仍需加快速度救出仍被困的男孩和教练。救援人员有三到四天的时间进行救援。救援过程危险，一名潜水员因氧气不足而丧生。受困者没有潜水经验，潜水离开溶洞风险高。溶洞中的营救困难重重，救援人员决定采取目前不无风险的救援方法。救援人员已运送灯光设备、氧气瓶和食品到受困者所在地，并为他们进行身体检查。潜水员还将受困男孩家人的信件带进洞中。
158,570,国际足联主席选举仍按期进行，尽管有七名高层官员被逮捕。可口可乐谴责腐败指控玷污世界杯。赞助商施压国际足联。欧足联考虑杯葛选举，担忧腐败根深蒂固。美国指控涉及24年、超过1.5亿美元的贿赂。瑞士展开有关2018年和2022年世界杯主办权竞选的调查。,在美国当局突然采取行动调查并指控国际足球管理机构的贿赂、诈骗和洗案丑闻之后，国际足联（FIFA）的各大主要赞助商都对事件表达了“严重关切”。,七名国际足联高层官员被瑞士警方拘捕，国际足联表示主席选举将如期进行。可口可乐表示世界杯已被争议玷污。欧洲足联将决定是否杯葛选举。美国当局禁止11名涉案人员参与足球活动。现任主席布拉特将寻求第五届任期。瑞士检察官展开对2018和2022世界杯申办过程的调查。国际足联的主要赞助商面临压力。欧足联表示腐败在国际足联文化中根深蒂固。
159,571,泰国前总理英禄因滥用职权被解除总理职，抗议者要求政府下台，并与警方发生冲突，示威者号召围困警察总部，支持政府的“红衫军”将举行大规模示威抗议法院裁决。,泰国局势动荡。泰国反对派周五发起“最后决战”游行，要求政府下台。警方向示威者施放催泪瓦斯，数人受伤。,泰国前总理英禄可能面临更多指控。泰国宪法法院裁决英禄滥用职权，解除其总理职务。英禄的看守政府仍在运作，准备举行7月20日的大选。数百抗议者在曼谷示威，要求整个政府下台并进行政制改革。示威者指责英禄的政府受到被罢黜的他信控制，他信家族的金钱腐蚀了泰国的民主。示威领导人呼吁支持者在曼谷多个地点举行抗议游行。支持政府的“红衫军”也将举行示威。两个对立群体的聚集引发暴力，已有25人死亡。
160,572,苏格兰公投结果出炉后，英国女王呼吁团结，因为她认为理解他人感情的重要性会缓和强烈情绪。,英国女王伊丽莎白二世说，她相信苏格兰在举行独立公投后，人们会本着““相互尊重和支持”的精神团结起来。,英国女王伊丽莎白二世表示，相信苏格兰公投后，人们会本着“相互尊重和支持”的精神团结起来。她能够理解会有一些“强烈的感情和完全不同的情绪”，但相信“对他人感情的理解”会化解这种情绪。女王表示，公投结果是英国全体人民都将尊重的结果。她补充说，在我们迈向未来之际，我们应该牢记，虽然有各种不同的意见，我们都热爱苏格兰，这也是帮助我们全体团结起来的因素之一。如果这次公投苏格兰决定独立的话，英国女王也仍是苏格兰女王。
161,573,中国足协出台新规限制中超外援引进：赛季开始后，俱乐部引进外援须向中国足协交纳等额的“引援调节费”。同时，各俱乐部每场比赛须有与外援人数相同数量的U23球员出场，此举导致外援出场受限，引起业界广泛批评，认为将降低中超对外援吸引力，损害中国足球发展。,中国足球协会（CFA）在周三（5月24日）晚间接连发布的两项通知，一夜之间在中国职业足球界引起一番激荡。,中国足协发布了两项新政，旨在限制中超和中甲俱乐部引进外援的高价和进一步培养年轻球员。根据新规定，俱乐部在引进球员时需要支付额外的“引援调节费”，并且每场比赛必须与外籍球员人数相同的U23球员上场。这一决定引起了广泛批评和质疑。新政可能导致中超对外援的吸引力下降，同时也可能限制本土球员的发展空间。与此同时，一些人认为中国足协应该借鉴其他国家的成功经验，如德国的青训计划和欧洲足联的财政公平竞争条例。
162,574,香港议员梁国雄被马来西亚拒绝入境，遣返回港。此前，学生组织“学民思潮”召集人黄之锋也被拒入境并遣返。马来西亚移民局未明确解释拒绝理由。中国外交部称尊重马来西亚出入境规定。,香港民主派立法会议员梁国雄周五（29日）乘机抵达吉隆坡准备出席当地六四纪念论坛，但是被马来西亚当局拒绝入境，将被遣返回香港。,香港议员梁国雄和学生团体“学民思潮”召集人黄之锋被马来西亚政府拒绝入境并遣返香港。马来西亚尚未解释拒绝入境的理由。中国外交部表示尊重马来西亚的出入境规定。读者反馈中有人支持马来西亚的决定，认为这是好事，还有人建议他们去美英澳加搞事。
163,575,FIFA 副主席韦伯呼吁世界杯“零容忍”种族歧视，并赞扬 NBA 对种族歧视的快速制裁措施。,国际足联反种族歧视小组负责人说，如果球员或者支持的球迷做出歧视行为，球队应逐出比赛。,杰佛瑞·韦伯是FIFA副主席、中北美洲与加勒比海足协主席、开曼群岛足协主席。他表示世界杯足球赛对种族歧视应该绝对“零容忍”，并且认为国际足联应该学习美国篮球协会对种族歧视的制裁措施。非洲裔球员和亚洲国家的足球队队员在比赛中经常成为种族歧视的对象。国际足联受到压力，要求对此现象采取强硬措施。国际足联主席布拉特在2013年成立了反歧视小组，杰佛瑞·韦伯是该小组的负责人。
164,576,印度总理莫迪在微博开设账号，并以佛诞节问候中国民众。此举凸显中印互不信任，此前莫迪曾要求中国放弃“扩张思维”。莫迪将于5月14日至16日正式访华，将探讨扩大印度对华市场准入、收窄贸易赤字等议题。,中国外交部在其网站证实了印度总理莫迪访华的具体日期，他将于下周访问中国三天。,印度总理莫迪将于5月14日至16日对中国进行正式访问。莫迪在微博上开设了账户，并引起了很多关注和留言。其中一些留言称呼莫迪为“阿三”。莫迪的访问被视为对去年习近平访印的回访，两国领导人强调了经济合作。中国是印度最大的贸易伙伴，但印度对华贸易逆差扩大。莫迪必须设法收窄贸易赤字，争取扩大进入中国市场。
165,577,中美元首通话，就朝鲜半岛局势交换意见。习近平强调中美共同利益，特朗普表示期待访华。双方重申无核化承诺，但美国仍警告朝鲜勿轻举妄动。,美国总统特朗普周六（8月12日）和中国国家主席习近平通了电话。,"中国央视报道称，习近平和特朗普通话，强调中美在实现朝鲜半岛无核化、维护朝鲜半岛和平稳定方面的共同利益。特朗普表示期待对中国进行国事访问。特朗普在推特上发出战争威胁，引用电影台词称美军已经""填弹完毕并锁定目标""。朝鲜试射洲际导弹后，美韩进行了联合导弹演习。特朗普表示朝鲜局势非常危险，但强调希望通过和平方式解决问题。习近平和特朗普对联合国安理会的新制裁决议表示欢迎，重申了对半岛无核化的共同承诺。俄罗斯呼吁美朝暂停导弹试射和军演，但未得到积极回应。美韩年度军演将按计划进行。"
166,578,乌克兰政府夺回东部两座城市，下一步将包围亲俄叛军占据的顿涅茨克和卢甘斯克。 目前尚不清楚这些城市对分离主义的支持程度。,乌克兰政府高级官员说，政府军将包围仍被亲俄罗斯分离主义者占据的两座东部城市。,乌克兰政府夺回了东部两座城市，正在包围顿涅茨克和卢甘斯克。反叛力量仍然对政府军发起攻击。
167,579,过去四年英国皇家空军拦截俄罗斯战机超过 40 次。最近一次涉及两架图-95 轰炸机，导致舆论哗然。英国外交部抗议俄罗斯干扰民航。专家认为俄罗斯的举动既有政治目的，也有军事意图。俄罗斯正在现代化其军事力量，而英国却在裁军，引发对国防实力的担忧。北约对俄罗斯的回应被认为软弱，因为他们过于依赖政治外交手段。,国防大臣：“俄国人在实现常规力量现代化、核力量现代化。他们在考验北约。我们必须作出回应”。,英国皇家空军在过去四年里紧急起飞拦截俄国战机40余次。最近，俄国的两架可携带核导弹的图-95熊式战略轰炸机飞抵英格兰南端，引起英国舆论哗然。俄国的军机、军舰、潜艇接近英国领海领空的事件频繁发生。政治分析人士认为，俄国想向西方国家展示力量，而军事专家认为他们在进行军事演练和侦查。英国的国防力量削减，而俄国则在现代化军事装备。北约面临新冷战，波罗的海三国面临俄国的威胁。西方盟国对俄国的回应被认为是软弱的，需要更强大的军事实力。
168,580,现代化办公场所中存在烦扰众多，如数字信息过载和开放式办公室，导致无法完成目标。反目标是一种逆向思维，专注于避免做让自己痛苦的事情。安德鲁·威尔金森、蒂姆·菲瑞斯和安吉拉·赛比拉诺等专家提倡反目标清单，通过消除干扰和明确目标，帮助提高效率和实现抱负。,你的工作日是否变成了一场努力完成待办事项的艰苦鏖战？,现代化的办公场所存在许多分散注意力的因素，如数字信息超载、开放式办公室和干扰。加拿大企业家安德鲁·威尔金森采用了反目标的方法，列出了不想做的事情清单。他发现这种逆向思维可以改善生活，减少消极因素。其他人也推崇禁办事项的方法，如蒂姆·菲瑞斯和安吉拉·赛比拉诺。反目标可以帮助我们关注负面因素，找到根本问题，并激励我们朝着具体的方向努力。
169,581,2010年，朝鲜炮击延坪岛，造成4人死亡。炮击是因朝鲜船只越过北方界线后韩军鸣枪警告而起。,韩国媒体报道，一艘韩国巡逻舰在延坪岛附近的朝韩争议海域巡逻时，朝鲜军队向其附近海域发射了炮弹。,2010年，朝鲜炮击延坪岛，造成四人死亡。韩军舰艇在巡逻任务中被朝鲜炮弹袭击，但未被击中。韩方进行了回击。炮弹没有对巡逻舰造成破坏。韩国紧急疏散了延坪岛上的居民。朝鲜方面不承认现有的南北水域分界。朝鲜船艇越过北方界线，韩军进行了警告射击。朝鲜声称将反击。
170,582,朝鲜餐厅服务员否认叛逃者愿意叛逃，称她们被欺骗并担心她们的命运。韩国声称叛逃是自愿的，而中国表示脱北者持有效护照合法离境。此次叛逃引发了对朝鲜和中国紧张关系的担忧。,上星期集体逃到韩国的13名餐厅服务员受到媒体的广泛关注。,朝鲜饭店服务员在接受CNN采访时泪流满面，表示被骗。这些服务员是朝鲜精心挑选的公民，被送到海外餐厅为国家赚取外汇。上周，13名服务员叛逃到韩国，朝鲜召回了其他服务员。叛逃的服务员表示被餐厅经理和韩国商人欺骗，不知道目的地。韩国和中国对此事发表了不同的声明。朝鲜利用海外员工赚取外汇来发展核项目。截至今年三月，已有2.9万朝鲜人叛逃到韩国。
171,583,圣诞歌曲在美国引发争议，部分电台停止播放特定歌曲。,本 音频报道 来自 粤语《时事一周》 。,美国广播电台最近宣布不会播放某些圣诞歌曲，引起了争议。
172,584,中国和印度的严重空气污染主要由燃煤、焚烧和化石燃料使用引起，每年导致数百万人过早死亡。,一项最新国际研究项目成果显示，全球每年有550万人因为空气污染而罹患各类疾病死亡；中国和印度则是因空气污染而导致非正常死亡的“重灾区”。,中国北方冬季燃煤取暖季节的雾霾天，PM2.5经常超标数倍。全球疾病负担项目的研究显示，每年全球因空气污染导致非正常死亡的人数大多集中在新兴经济体国家，特别是中国和印度。燃煤是中国空气污染的主要原因，而印度的空气污染主要源于农村烧荒、伐木烧柴和燃烧牲畜粪便。中国和印度每年因空气污染致病死亡的人数高于其他威胁，被称为无形杀手。治理空气污染需要加大力度，对经济学的研究表明，投资治理污染可以节省医疗开支。希望新兴经济体国家能更快推动空气污染治理和减排努力。
173,585,李克强瑞士谈食品安全引发中国网民热议，担忧“食品特供”制度。,中国总理李克强在瑞士参观家庭农庄期间盛赞当地食品安全，引发中国网民议论。,中国总理李克强参观瑞士农庄时表示，中国要提高农产品质量和农民收入，确保老百姓吃上安全、放心的食品。然而，中国最近爆出问题肉类和有毒大米问题，引发了网民对中国食品安全的抨击。一些网民认为中国应该借鉴瑞士的食品安全制度。李克强在瑞士参观了农庄的奶牛养殖棚和果品加工作坊，并表示瑞士在食品安全方面做得很好。然而，一些网民对中国的特供食品和瑞士的大众食品进行了比较，并对中国的食品安全问题提出了解决办法。总理李克强还见证了中瑞两国签署自由贸易协议备忘录，其中瑞士希望向中国扩大出口牛奶制品。读者对李克强的言论持不同意见，一些人认为中国的食品安全问题源于制度失灵，而另一些人认为中国的农业和食品业价格不合理。总的来说，中国的食品安全问题仍然存在，需要采取措施解决。
174,586,香港《明报》前总编刘进图遇袭案两名被告有罪，刘进图要求继续调查幕后主使。,被控刀砍袭击《明报》前主编刘进图的两名男子被判定有罪。刘进图在2014年2月在街上遇袭。,刘进图希望警方继续调查袭击案的幕后主使。叶剑华和黄志华被认定有罪，但拒绝透露受谁指使行凶。他们被捕后被移交给香港，被告律师质疑他们在内地被拘留期间被逼供。刘进图遇袭案引发香港抗议要求新闻自由。叶剑华在录像中承认收钱作案，但只承担个人责任。香港法庭将在下周对叶剑华和黄志华做出判决。刘进图遇袭前，他在《明报》被一名被认为是亲北京的马来西亚编辑取代，引发担忧报纸独立性受威胁。《明报》是一家以调查报道闻名的香港中文报纸。
175,587,高智晟妻子与孩子因安全隐忧逃往美国。高智晟因人权辩护服刑三年后获释，美国敦促中国允许其前往美国与家人团聚。,美国周四（7日）敦促中国允许刚刚获释的维权律师高智晟前往加利福尼亚同他的家人团聚。,高智晟是一位中国维权律师，因处理维权案件而备受争议。他在2009年被判入狱三年，现已获释。他的妻子和两个孩子在2009年逃离中国，定居在美国。美国国务院欢迎高智晟获释，呼吁中国释放所有良心犯。高智晟的亲戚表示，他获释后没有回家，而是呆在新疆他岳父家里。美国官员和国会议员多年来一直施压中国政府，要求释放高智晟和其他维权活动人士和异见人士。
176,588,特朗普宣布将制裁损害香港自由的中国和香港官员，取消香港特殊待遇，并退出世界卫生组织。美国还将限制与中国军方有关的中国留学生签证。美方制裁措施似乎低于预期，导致美股上升。,美国总统特朗普宣布，他将下令取消美国对香港的特殊贸易地位，并将对中国、香港官员实施制裁。他还表示，美国将与世界卫生组织“切断关系”。,特朗普在白宫举行的记者会上表示，中国让香港的自由窒息，违反了中英联合声明。他宣布将取消香港的优惠待遇，并制裁涉嫌侵害香港自由的中国和香港官员。此外，特朗普还宣布美国将退出世界卫生组织，并将经费转移到其他机构。中国政府警告称，如果美国实施制裁，将采取一切必要措施回击。美国还考虑取消与中国留学生签证。
177,589,开放式办公室会降低生产力（15%），增加患病风险，难以集中注意力。虽然开放式办公室有利于沟通，但工作相关沟通减少。封闭式办公室可提高注意力，保护记忆，减少噪音干扰。一些公司开始提供封闭空间或安静房间，以平衡开放式办公室的弊端。,4年前，克里斯·纳吉勒（Chris Nagele）像很多科技公司高管一样，带领自己的团队搬进了一间开放式办公室。,开放式办公室的生产力会降低15%，不仅很难集中注意力，患病的风险也会增加一倍。封闭式办公室可以帮助我们集中精力，记忆也更好。开放式办公室的噪音问题导致很多人不满。开放式办公室并没有增加与工作相关的交流。封闭式办公室在很多方面表现更好，包括温度、空气质量和声音隐私。封闭式办公室可以通过其他方式加强团队联系。一些公司提供安静的房间和封闭的空间。开放式办公室不会马上消失，但越来越多的公司参考封闭式办公室的经验。封闭式办公室可以提高工作效率和员工心态。
178,590,中国填海造岛在南沙群岛形成最大岛屿，越南反对中国在岛礁建军事基地，阮晋勇访印寻求支持，越南希望和平解决纠纷，中国与多国有南海领土争端，印度与中国也有边界争端。,印度媒体周一报道说，越南总理阮晋勇在同中国的南海争端中寻求印度支持，越南在同中国关系恶时谋求加强同印度的关系。,中国在南沙群岛的永暑礁进行了填海工程，现在已经成为中国实际控制的最大南沙岛屿。越南反对中国在南海岛礁建造飞机场和军事基地。越南总理阮晋勇正在印度进行访问，讨论加强两国的联盟关系。中国与越南、印度都存在领土争端。中国主张对南海几乎所有区域拥有主权。南海是重要的国际航道和油气资源区域。印度和越南与中国长期存在边界争端。
179,591,克里呼吁中国释放被拘留的基督徒律师张凯，而美国国务院报告批评中国限制宗教自由，包括对基督徒、维吾尔族穆斯林和西藏佛教徒的迫害。,美国国务卿克里周三（14日）呼吁中国释放去年8月在美国高级特使访问前被关押的基督徒人权律师张凯。,中国被指责限制宗教自由，特别是对基督教徒、维吾尔族穆斯林和西藏佛教徒的限制。美国国务院呼吁中国改善宗教自由，并将中国列入特别关注国家名单。然而，报告也指出中国有一些令人鼓舞的迹象，包括以信仰为基础的社会服务和福利机构的出现。报告还提到其他亚洲国家对宗教自由的限制，如缅甸对罗兴亚穆斯林和基督徒的限制以及激进佛教徒煽动反对穆斯林的问题。
180,592,韩国警告朝鲜，若试射卫星将付出惨痛代价，中国外交部呼吁各方克制，并认为更多制裁不是对策；朝鲜试射卫星掩饰其试验弹道导弹技术的真正目的；朝鲜声称其太空计划是和平的，而国际间认为其正在研制洲际弹道导弹。,韩国警告朝鲜若试射卫星，将要“付出惨痛代价”。日本防卫大臣中谷元已下令击落任何威胁日本领土的导弹。,朝鲜计划在本月8日至25日间试射卫星，中国外交部呼吁各方保持克制。朝鲜发射卫星被认为是试验弹道导弹技术，华盛顿表示将推动对朝鲜实施更多制裁。韩国总统府警告称，朝鲜发射导弹将对半岛和国际社会构成严重威胁。国际海事组织收到了朝鲜发射卫星的通知。
181,593,哈维飓风重创德州，降雨量创大陆纪录，休斯敦大片区域被淹。市长实施宵禁防止抢劫。特朗普总统视察灾区，称之为“史诗级”。,美国第四大城休斯敦受到飓风哈维吹袭，城市宣布实施宵禁以避免12年前卡特琳娜风灾后“打砸抢”乱象再现。,飓风哈维带来破纪录的雨量，休斯敦市区大面积淹水，死亡人数至少15人。休斯敦市长实施宵禁以防止抢劫。特朗普视察灾情并表示希望救援工作能成为模范。飓风哈维创下美国大陆的新纪录。特朗普宣布得州和路易斯安那州进入紧急状态。飓风哈维是得州50多年来遭受的最强大飓风。哈维已降级为热带风暴，但仍会带来大豪雨。
182,594,龚如心千亿遗产争夺案主角陈振聪伪造遗嘱罪成立。法官指其贪婪残忍，骗取龚如心30亿港元及3000万英镑，企图侵吞慈善遗产。,香港商人陈振聪因伪造华懋集团已故主席龚如心遗嘱星期五（7月5日）被香港高等法院法官判处12年有期徒刑。,陈振聪是龚如心千亿遗产争夺案的主角。法官指责他贪婪和残忍，并称他是个聪明的骗子。陈振聪从龚如心那里得到了30亿元，并在她临死前两天还拿走了3000万英镑。法官批评陈振聪试图占有龚如心的生意王国。他伪造了遗嘱，目的是侵吞原本用于慈善的遗产。香港高等法院判处陈振聪伪造遗嘱和行使虚假文书两项罪名成立。龚如心生前被誉为亚洲第一女富豪，她去世后留下了超过800亿港元的遗产，大部分将用于慈善事业。陈振聪声称自己是龚如心的秘密情人，并拥有她在2006年立下的遗嘱，但法院裁定他败诉，遗产由持有2002年遗嘱的华懋慈善基金继承。陈振聪提出上诉，但最终也败诉。2011年，香港警方起诉他伪造遗嘱和行使虚假文书两项罪名。案件于2013年开审。
183,595,苍井空成功转型社交媒体红人，在中国广受喜爱。凭藉甜美外形和坦诚态度，她在网络上积累了1800万粉丝。此外，她积极参与公益活动，树立了“德艺双馨”形象。苍井空在中国市场的成功，折射出日本艺人“余晖效应”和中日文化交流的特殊性。,1月1日，日本女星苍井空在社交媒体上宣布结婚，引来网友纷纷评论，也让苍井空再次成为话题人物。,苍井空是中国最知名的日本艺人之一，她的作品大部分是成人影片。然而，她在中国公开活动后逐渐转型，成为社交媒体红人。她结婚的消息引起了广泛关注。苍井空在中国被称为“苍老师”，她的作品在中国传播广泛，成为许多人的性启蒙老师。她在中国市场的成功超越了其他AV女优和大多数日本明星。她的个人魅力和积极向上的形象赢得了众多粉丝的喜爱。她在中国市场的成功是乘时而起的结果。虽然短期内难以看到另一个苍井空，但她在中日民间关系中起到了缓和作用。
184,596,在第54届格莱美颁奖礼上，英国歌手阿黛尔凭借专辑《21》荣获六项大奖，平碧昂丝纪录，成为获奖最多的女歌手。获奖之余，她对自己过去一年的变化感慨万千。,英国歌手阿黛尔（Adele）昨晚连续赢走六项格莱美大奖，创了该奖项建立以来的历史纪录，标志了她的完美复出。,23岁的伦敦歌手阿黛尔凭借专辑《21》在格莱美颁奖礼上获得了最佳专辑奖。她在去年11月接受声带手术后复出，并与其他明星一同演唱以悼念惠特尼·休斯顿。阿黛尔获得了六项提名并赢得了全部六项大奖，平了碧昂斯的记录。她在颁奖时感慨万分，表示这张专辑的灵感来自一段失败的感情。阿黛尔在复出演出时获得了观众的热烈掌声。她的歌曲《Someone Like You》获得了最佳流行歌手奖，《21》获得了最佳流行演唱专辑和最佳专辑奖，《Rolling In the Deep》获得了年度最佳歌曲、年度最佳制作和最佳音乐录影带三项大奖。英国音乐制作人保罗·爱华也获得了年度最佳制作人大奖。在格莱美颁奖礼前一天，惠特尼·休斯顿去世，格莱美举行了悼念仪式来纪念她。
185,597,菲利普亲王出席最后一次公开活动，会见英国皇家海军陆战队员。他已宣布退休，未来可选择与女王一起出席活动。,英国女王的丈夫菲利普亲王（Prince Philip，Duke of Edinburgh）周三（8月2日）参加了退休前的最后一次单独公开活动。,菲利普亲王参加了最后一场公开活动，他将来可以选择和女王一起参加活动。他一直陪伴女王出席各种活动，并参加了大量慈善组织活动。从1952年至今，他一共单独出席了22219场公开活动。他在最后一次公开活动中会见了皇家海军陆战队员，交出了慈善活动的指挥棒。菲利普亲王的退休计划受到了各方的赞誉和祝福。
186,599,《纽约时报》记者王霜舟因无法获得签证，被迫离开中国。美国政府谴责中国的做法，并呼吁中国及时处理外国记者的签证申请以及撤销对新闻网站的封锁。,美国白宫星期四（1月30日）发表声明，对美国《纽约时报》记者王霜舟（Austin Ramzy）由于中国当局拒发签证而必须离开中国表示“非常失望”。,《纽约时报》报道了温家宝家人聚敛财富的消息。王霜舟离开《时代》周刊加盟《纽约时报》后，未能获得中国长期工作签证。中国外交部表示他违反了相关规定。美国政府对中国限制外国记者的行为表示关切，并敦促中国政府处理记者的工作许可和签证申请。中国曾封锁了《纽约时报》和彭博新闻社的网站。
187,600,澳大利亚大堡礁北部和中部至少 35% 的珊瑚因气候变化导致的海水温度升高而白化死亡。,澳大利亚科学家表示，澳洲大堡礁北部和中部的珊瑚至少有35%已被珊瑚白化现象摧毁。,澳洲大堡礁北部和中部的珊瑚至少有35%已被珊瑚白化现象摧毁。珊瑚白化是由于海水温度变暖，导致珊瑚体内的共生藻死亡或离开珊瑚虫，使珊瑚变为透明或白色骨骼。这已是连续第三年大堡礁出现大规模珊瑚白化现象，科学家警告称恢复需要十年或更长时间。为了了解白化的程度和范围，科学家进行了航拍和潜水调查。
188,601,《南方周末》呼吁宣传部门改变媒体管理方式，《人民日报》评论重申宣传工作要与时俱进，摒弃僵化观念，凝聚共识，推荐理由是党管媒体方式需与时俱进。,星期四（1月10日）出版的《南方周末》部分转发《人民日报》题为《要跟得上时代的节拍》的评论，并总结提出党管媒体的方式要与时俱进。,《南方周末》呼吁宣传部门改变管理媒体的方式。文章指出，一个国家要发展进步，离不开健康向上的主流思想引领；一个社会要和谐稳定，必须靠良好舆论环境来支撑。《南方周末》编辑认为，在互联网已经成为生活方式的一部分的今天，中共需要刷新舆论管理方式。观察人士认为，此次事件暴露出由保守派控制的中共宣传部门与以习近平以及李克强为首的改革派出现角力。
189,602,俄罗斯将尽一切努力保护乌克兰的俄罗斯人。美俄领导人同意国务卿和外长在巴黎会面讨论乌克兰危机。乌克兰反对方克利钦科宣布不参加总统竞选，支持波罗申科。,俄罗斯外交部长拉夫罗夫表示，俄罗斯没有出兵乌克兰的意图。,俄罗斯将保护在乌克兰的俄罗斯人，美俄领导人磋商外交解决方案，克里呼吁俄罗斯停止集结军队。乌克兰反对派领导人克利钦科宣布不参选总统，支持波罗申科。乌克兰总统大选可能成为季莫申科和波罗申科之间的对决。
190,603,贾维德，亚裔男性内阁第一人，认为选民对移民担忧合理。他批评长时间居住英国仍不会说英语的移民，并表示英国法律体系内无伊斯兰法空间。,英国第一个少数族裔内阁大臣，文化大臣贾维德（Sajid Javid）说，移民必须学英语，并“尊重我们的生活方式”。,贾维德是第一位进入政府内阁的亚裔男性，他认为选民对移民过多感到恐慌是正当的反应。他批评那些在英国生活多年仍不会说英语的移民，并表示在英国的法律体系内绝对没有伊斯兰法的空间。贾维德补充说，大多数移民是愿意融入英国社会的。
191,604,章鱼具有独特的大脑结构和分布于触手的脑细胞，拥有惊人的感知能力，包括触觉、味觉和嗅觉。它们表现出自我认知，可区分不同章鱼的触手，拥有短期和长期记忆，能使用工具，并可通过观察他人解决问题。这种智力可能是由于章鱼进化时与鱼类在食物和捕食者方面的竞争所致。,与我们一样，这些外星人都有大脑，但主要在胳膊里，而且每条胳膊似乎都有自己的思维。,章鱼是地球上最古怪、最像外星人的物种之一。它们拥有与众不同的大脑结构和感知能力。章鱼的大脑容量存在争议，但大部分脑细胞分布在它们的触手上。章鱼拥有出色的触觉和味觉感知能力，可以改变外观，并且具备基本的自我意识。它们还能学习解决问题的方法，并且具有出色的记忆力。章鱼的智商可能是因为它们生活在与脊椎动物相似的环境中。
192,605,乌克兰政府军于停火生效后在前线踢足球，停火基本得到实施，但双方此前互相指责炮击未停。德巴利切夫曾激烈交火，停火生效后48小时至关重要。,来自乌克兰东部的消息称，最新停火协议周六午夜生效之后，尽管零星枪击、炮击事件未断，但是总体来说局势相对停火前来说比较安静。,乌克兰政府军士兵停火生效后在前线踢足球。乌克兰政府和亲俄叛军方面的发言人都承认停火基本实施。停火前后双方在德巴利切激烈交火。停火是否能维持，最初48小时最为重要。乌克兰总统波罗申科下令政府军停止战斗，但警告说，一旦有人违反和约，乌克兰不会甘愿哑忍，拒不还手。奥巴马对持续暴力冲突表示深切忧虑。德国外长警告说，要是停火协议再度失败，将很难再次通过谈判解决乌克兰东部冲突的机会。乌克兰东部冲突至今已造成超过5400人死亡。
193,606,马航MH370失联近两年，目前仅发现一块残骸。中国派遣“东海救101号”搜救船协助澳大利亚等国搜寻，目前搜索已覆盖12万平方公里海床，预计将于6月结束。,一艘中国声纳搜救船将抵达南印度洋，加入搜寻失联近两年的马航客机MH370。,失联近两年的MH370客机目前只有一块残骸被发现。中国派遣的“东海救101号”搜救船将协助搜寻南印度洋广大区域。搜寻行动主要采用声纳扫描海床的方式。另外三艘搜救船正在搜索12万平方公里的海床，如果没有发现，搜寻行动将停止。中国搜救船加入后，费用将达到1400万美元。搜索行动计划进行到6月，暂无延长计划。
194,607,富勒姆3-2逼平阿森纳终结枪手主场不败，埃尔南德斯两球一助攻帮助曼联客场逆转阿斯顿维拉。,在英超本轮的比赛中，阿森纳和富勒姆上演了非常激烈的比赛，阿森纳在终场前错失点球最终只能以3-3与对手言和。,富勒姆守门员阻止了阿森纳获胜，最终比分为3-3。阿森纳在比赛中两次领先，但被富勒姆逆转。曼联在对阵阿斯顿维拉的比赛中以3-2逆转获胜，小将埃尔南德斯是英雄。其他比赛中，埃弗顿以2-1击败桑德兰，雷丁与诺维奇0-0握手言和，南安普顿和斯旺西以1-1战平，皇家园林流浪者队以0-1不敌斯托克，维冈以1-2败给西布罗姆。
195,608,日本真子公主将与平民小室圭订婚，此举意味着她婚后将失去皇室身份。真子公主是明仁天皇第一个孙女，首次与平民订婚。皇室典范规定，皇室成员与平民结婚后将失去皇族身份。真子公主的父亲文仁亲王夫妇和天皇夫妇都已同意婚约。,日本皇室成员真子公主（Princess Mako）将和一位平民结婚，她也将因此失去皇室地位。,25岁的真子公主是日本明仁天皇的长女，她将与同为25岁的小室圭订婚。根据规定，真子公主与普通市民结婚后将失去皇族身份。此前，明仁天皇的长女清子和侄女典子也因婚姻失去了皇族身份。真子公主和小室圭是大学同学，小室圭曾以“海王子”名义推销日本旅游。日本宫内厅确认两人的订婚方案正在制订中。明仁天皇最近表示正在考虑修改法律，以允许天皇退位。日本现行法律不允许天皇退位，但新的立法可能改变一些皇室传统。
196,609,距离地球上千公里处，俄国退役卫星 Kosmos-2004 和中国长征号火箭残骸险些相撞，距离最低仅 25 米。相撞后果可能灾难性，产生更多太空垃圾，威胁卫星和空间站。虽然这次危险的近距离相遇最后擦肩而过，但太空垃圾数量不断增加，严重拥堵近地轨道，对卫星和火箭构成巨大威胁。“凯斯勒效应”等连环撞击风险也令人担忧。清理太空垃圾面临技术和经济挑战，但追踪、监测和移除等努力仍在进行中。,自从人类开始进入太空探索以来，一个无法回避的问题日积月累，变得越来越危险，那就是太空垃圾之多触目惊心，构成安全威胁。,距离地球1千多公里开外的高处，两枚在太空自由浮游的太空垃圾向彼此靠拢，距离越来越近。这些太空垃圾重量超过2.5吨，相对速度接近每小时15公里，相撞的后果被认为是灾难性的，而且会制造出更多太空垃圾。太空垃圾对正在运行的卫星和空间站构成了无法忽视的威胁。目前地球轨道上的人造物质总量超过7600吨，而且太空垃圾数量不断增加。各国和私营公司正在进行太空垃圾追踪和清理的努力，但面临技术和经济挑战。
197,610,一名中国留学生宋某在韩国被驱逐，因其对朝鲜领导人发表激进言论，违反《国家安全法》，包括哀悼金正日，赞扬金正恩，反对朴槿惠。,一位在韩中国留学生因于网上发表赞扬朝鲜领袖并抨击韩国保守派政权的言论，同时参与进步势力所举办的示威活动，今年8月遭韩方驱逐出境。,一位中国留学生因在韩国发表激进言论被驱逐出境。他在网上赞扬金正日和金正恩，并批评韩国总统朴槿惠。他被指违反《国家保安法》。韩国国内对于赞扬朝鲜体制或领袖的言论持严厉态度。《国家保安法》在韩国社会引起争议。
198,611,无性恋约占世界总人口百分之一，他们不受到性吸引或对性行为缺乏兴趣。在进入人们视野之后，中国一些活跃的无性恋网上论坛为其成员提供了交流和活动的平台。中国无性恋者最难向父母坦白，因为传统文化重视婚姻和家庭，但随着丁克家庭逐渐流行，它或许能成为无性恋夫妇的理想家庭模式。,戴安·谢来自上海，才20出头。她第一次注意到自己无法感受异性吸引力是在荷兰留学的时候。,中国有一个名为AVEN的网络社交群体，是世界上最大的无性恋社交群体网络。无性恋被定义为不受到性吸引或对性行为缺乏兴趣的人。据估计，无性恋者约占世界总人口的百分之一，中国约有1000万无性恋者。大多数人对无性恋者缺乏理解和认识，但中国已经有人开始研究无性恋现象。无性恋者面临告诉父母真相的困难，因为中国文化重视家庭和婚姻。无性恋者可以细分为具有浪漫倾向和无浪漫倾向的两类。无性恋者可以通过各种社交媒体网站和论坛找到相互支持和交流的平台。
199,612,2014年起，中国承诺2030年左右二氧化碳排放达峰，并努力提早达峰。近期中法气候变化联合声明中，中国再次同意每五年全面盘点应对气候变化目标的总体进展。新兴经济体将在巴黎气候大会中发挥更重要的角色，从全球环境治理体系的参与者转变为决策者。中国软实力提升和经济转型需求，也推动中国在气候变化国际合作中承担更多责任。,气候变化国际峰会将于11月30日至12月11日在巴黎召开。会议举行正值全球经济复苏乏力、新兴经济体努力谋求转型发展之际。地球村中的主要政治人物再次风云际会，作为全球最大温室气体排放国的中国和其所代表的新兴经济体备受关注。,中国在2014年底承诺到2030年左右二氧化碳排放达到峰值，并将努力早日达到峰值。中国在巴黎气候变化大会上的角色和任务备受关注。中国是全球最大的温室气体排放国，其承诺的碳排量至关重要。中国正在逐渐接受“门槛国家”这一定义，开始积极争取制订应对气候变化规则的主导权。中国的作用在全球环境治理中不断上升。中国面临内外交织的压力，解决中国的环境问题需要从全球角度入手。中国正在进行经济转型，将绿色、高端、集约作为新规划要求。中国政府和企业逐渐意识到投资低碳产业的好处，减少煤炭使用和环境污染，给国民带来实实在在的好处。中国承诺的“应对气候变化国家自主贡献”将确保完成。
200,614,台湾 37 名涉嫌电信诈骗的国民被强行带往中国拘留，包括 8 名上周无罪后被拘禁者。外交部抗议，陆委会证实 8 人在北京被拘留，表示不接受中国外交部关于“一个中国”的说法。,台湾外交部周二（4月12日）表示，在肯尼亚（台湾称肯亚）涉入另一起电信诈骗案的22名台湾人，与上周五被带往北京的八名台湾人涉及同案获判无罪的15人，都被强行带往机场准备前往中国。,台湾外交部亚非司长陈俊贤在记者会上表示，肯尼亚电信诈骗案中的37名台湾人将被带往中国。其中22人已被强行带往机场准备前往中国，另外15人拒绝被遣返中国，但被肯尼亚警方强行带离拘留所。台湾外交部对此表示严正抗议。台湾行政院大陆委员会证实八名获判无罪的台湾人目前被拘留在北京海淀区看守所，并强调不接受中国外交部发言人的“一个中国”说法。台湾陆委会要求中方尽快将八人送回台湾，并希望将还在肯尼亚的15人接回台湾。台湾陆委会表示中国强行将台湾人带往中国是侵害台湾的管辖权。
201,615,柯洁在围棋比赛中遗憾落败，但获得 DeepMind 创始人哈萨比斯高度评价。,在三局两胜的比赛中人工智能AlphaGo赢得了第两局对战，捍卫了比赛的最终胜利。,柯洁在比赛中表现出色，但最终未能战胜AlphaGo。围棋被认为是一项复杂的竞技游戏，对电脑机器操作的难度超过了象棋。AlphaGo通过学习和模仿以前的围棋比赛来建立围棋知识，并积累比赛经验。研发AlphaGo的公司表示，人工智能的最终目标是应用于医学和科学领域。
202,616,市场预计英国央行将上调利率，因企业信心攀升至1994年以来的最高水平，经济复苏从消费者支出转向投资和就业。,随着新的一年开始，最新调查显示，英国商界的对经济前景的信心达到1994年来最高点。,英国央行可能在2014年底上调基础利率。劳埃德银行的调查显示，受访企业对未来半年的订单、销售量及获利感到乐观，信心创下自1994年以来的最高水平，投资意愿也创下19年来最高。英国各地区以及各行业的信心都在增强。经济学家预估，随着企业计划聘用更多员工，英国失业人数将持续减少，今年失业率可望降到7.4%。根据德勤会计事务所的调查，受访者认为，英国的经济复苏已从消费者支出的上升，转向企业投资及创造就业机会等两个重要力量。多数受访的财务主管预估，2015年央行才会调升利率，但有20%的受访者认为，央行很快就会采取行动。根据采购经理人指数，服务业去年12月达58.8，企业信心则达73.5，创下自2010年以来的最高水平。
203,618,特朗普宣布暂停移民新政，限制外来技术人才流入，可能会对美国科技行业构成打击。该禁令可能导致美国科技业难以维持竞争力和创新，从而让中国和其他国家在科技领域取得更多优势。,美国总统特朗普表示，由于新型冠状病毒疫情影响，将签署行政命令暂时停止所有移民进入美国。,特朗普表示要暂停所有移民入境，以应对隐形敌人的攻击和保护美国公民的工作。这项移民禁令可能对美国科技行业造成重大打击，尤其是对来自亚洲的技术移民。每年有超过100万移民进入美国，其中大多数来自印度、墨西哥和中国。特朗普的移民禁令可能导致这些技术人才流失，进而影响美国科技行业的竞争力和创新能力。中国等国家的科技公司也可能成为美国科技公司的竞争对手。
204,619,胡志明市罢工工人获一天假，抗议政府新福利措施将失业救济变为养老金一部分。罢工为越南最大规模、最长久的抗议活动之一，政府官员已与工人谈判。,越南南部胡志明市的台资宝元鞋厂数以万计工人的罢工在星期三（4月1日）进入第六天。,胡志明市工会表示厂方给罢工工人休假一天，工人抗议越南政府新福利措施，认为将失业救济纳入养老金。这是越南历史上最大规模和最长时间的抗议活动之一。越南政府规定只有退休时才能领取每月发放的款项，工人希望在失业时能领取救济。越南是制造业大国，劳工权益是TPP协议谈判的重要议题之一。越南政府可能会考虑新的福利措施和工人的担忧。
205,620,威廉王子敦促中国在打击偷猎的国际行动中加大贡献，中国政府同意派部长参加伦敦大会。此次大会将讨论野生动物制品非法交易问题，英国自去年起已多次争取中国参与，预计英首相卡梅伦等要员将出席会议并发表讲话。,英国剑桥公爵威廉王子成功说服中国政府参加如何对付偷猎和走私象牙和犀牛角的讨论。,中国政府同意派出一名部长参加伦敦的国际大会，商讨野生动物制品非法交易问题。英国一直努力说服中国参加此次会议。预计亚洲和非洲各国政府都会派员出席。英国相信中国在打击偷猎和走私行动中能发挥重要作用。威廉王子将在大会上发表讲话，呼吁阻止野生动物制品非法交易。英国政府推出一揽子计划，支持打击野生动物制品非法交易。这一行业与国际犯罪团伙有关联，导致腐败并破坏贫穷国家的经济增长。
206,622,毛新宇现任军事科学院副部长，全国青联常委、政协委员等职务。中国媒体报道毛新宇将晋升为少将，使其成为最年轻现役少将和军队唯一70后少将。,据四川广元市元坝区政府网站周日（8月1日）报道，毛泽东孙子毛新宇少将上周曾前往元坝的昭化古城考察。,毛新宇是中国人民解放军军事科学院战争理论和战略研究部副部长，中华全国青年联合会常委和全国政协委员。他是中国最年轻的现役少将，也是中国军队唯一的70后少将。毛新宇出生于1970年，是毛泽东之子毛岸青的儿子。
207,623,英国政府计划提高酒类税，以解决严重的酗酒问题，每年造成27亿英镑的医疗负担，导致7万人死于肝病，14万人死于与饮酒有关的疾病。政府考虑每单位酒精售价不得低于45便士，并倡导酒类生产商加入抵制酗酒的行列。,英国专家警告说，如果不采取措施，英国未来20年将有多达21万人死于过度饮酒。,英国政府计划提高酒类消费税，以减少酗酒问题。专家指出，酗酒导致肝病和其他相关疾病的死亡人数很高，这是可以避免的。酗酒问题给医疗保健系统带来了巨大压力，每年花费27亿英镑。政府计划通过控制酒类销售和酒吧等环节来解决这个问题。政府还呼吁酒类生产商加入抵制酗酒的行动。然而，健康专家认为这种做法难以奏效，因为商家追求利润最大化。政府将提出新的报告，提出解决酗酒问题的办法。
208,624,香港“港独”议员梁颂恒、游蕙祯宣誓辱华，引发争议。人大释法称“港独”违法，立法会主席禁止两人宣誓就职。两人上诉，涉及人大释法是否等同修法、是否追溯力等关键问题。,"在 被香港高等法院裁定丧失立法会议员资格 后，""青年新政""的成员梁颂恒及游蕙祯在上诉限期最后一日就宣誓司法复核案上诉终审法院。","两名被指""港独""的议员梁颂恒和游蕙祯在宣誓就职时说粗口、""辱华""的语句，并展示""香港不是中国""的标语。此举引发了激烈争议，中国人大常委会批评""港独""破坏法治。香港高等法院裁定两人违反了《基本法》与《宣誓及声明条例》，并颁布禁制令。两人提交上诉文件，希望终审法院裁决人大常委会的释法是否等同于修法，以及释法是否有追溯力。预计两人的官司需要花费至少500万港元以上的资金。另外，还有4名议员的宣誓问题将于明年2月审理。"
209,625,中美第一阶段贸易协议：取消12月互征关税，美对华25%关税不变，7.5%关税将大幅减免；知识产权保护方面达成多项共识；大幅增加美国农产品进口；中国承诺进行结构性改革，包括结束强迫技术转让。,中美分别于12月13日宣布，双方已就贸易谈判达成第一阶段协议。虽然协议尚未正式签署，但两方各自公布了协议的重要内容。,中国财政部副部长表示，美国将取消部分对华拟加征和已经加征的关税，并加大对中国输美产品的关税豁免力度。目前，美国已对超过3600亿美元的中国商品加征关税，中国相应加征关税的美国产品规模价值超过1100亿美元。双方计划取消12月15日加征关税计划。此外，中美双方在知识产权保护、农产品进口、自美进口规模扩大等领域达成共识。美国方面称中国还在技术转让、金融服务等方面做出了承诺。
210,626,马航机场VX神经毒剂暗杀案：毒剂已清理完毕，KLIA2 航站楼安全；嫌疑人艾希亚称受雇抹不明液体；越南嫌疑人段氏香也受骗以为参与电视拍摄。,马来西亚警方确认朝鲜领导人金正恩的兄长金正男被毒杀身亡的马来西亚首都国际机场已经不再有“有害物质”。,马来西亚警方在机场清理化学毒剂，确认航站楼KLIA2安全。金正男遇袭身亡，遗体上发现VX神经毒剂。涉案人被训练洗手。毒剂可能由两种非致命的VX神经毒剂混合而成。印尼籍女子艾希亚表示被骗参与恶作剧。至少还有七名嫌疑人等待侦讯。
211,627,英国调查显示青年失业引发心理健康问题，失业超过6个月的年轻人抗抑郁药处方增加一倍，三分之一有自杀念头，四分之一有自残经历。,慈善组织最新调查发现，英国16岁到25岁的失业青年中，75%坦承觉得生命一片空白，无事可做。,英国慈善组织王子基金会的调查显示，长期失业的年轻人在精神和心理健康方面存在严重问题。调查发现，他们获得抗忧郁药物处方的比例是同龄人的两倍，有三分之一曾想过自杀，四分之一有自残经历。目前英国有约90万16至25岁的失业人口，王子基金会呼吁政府采取紧急行动，防止这些年轻人陷入绝望状态。政府表示一直在为年轻人就业做出努力，失业率已下降到2009年以来的最低点。根据王子基金会的调查，有44万年轻人面临长期失业，他们急需帮助。政府表示通过青年合同计划提供培训和实习机会，帮助更多年轻人获得工作经验并找到工作。
212,628,伊朗指责沙特阻挠伊朗人赴麦加朝圣；沙特称伊朗提出“无法接受”的条件。两国关系紧张，此前沙特处决什叶派教士，伊朗驻沙特大使馆被冲击。,德黑兰表示，鉴于未能与沙特阿拉伯解决有关朝觐的纠纷，伊朗人今年九月将无法前往圣地麦加。,伊朗和沙特之间存在多个争端，包括麦加朝圣问题。伊朗指责沙特制造障碍，沙特则指责伊朗提出无法接受的条件。去年麦加朝圣期间发生踩踏事故，许多伊朗朝圣者丧生。双方在签证和航班问题上存在分歧。沙特提供了多种解决方法，但伊朗认为沙特未能满足他们的要求。此外，两国还在其他问题上存在分歧，包括叙利亚和也门冲突。
213,629,卡塔尔世界杯举行时间尚未确定，国际足联秘书长说法属个人意见。会期具体日期需由执委会商议决定。由于卡塔尔夏季炎热，世界杯可能在11月或12月举行，但卡塔尔希望在6月或7月举办。,国际足联（Fifa）一位发言人说，2022卡塔尔世界杯是否推迟至冬天举行“还没有做出最后决定”。,卡塔尔世界杯的举办日期引发争议。国际足联秘书长表示，世界杯将在11月至1月之间举行，而卡塔尔主办方希望在6月或7月举办。国际足联发言人表示，最终决定将由各方商讨后做出。卡塔尔世界杯的举办日期将影响球员、球迷和其他利益相关者。澳大利亚表示，如果世界杯在冬季举办，将向国际足联提出索赔。
214,630,习近平强调开放促进步，推动多边贸易。特朗普强调“美国优先”，倡导印太地区“自由和开放”，并要求各国遵守规则。中国宣布开放市场，放宽外资投资限制。南海问题被淡化，各方强调和平解决争议。,亚太经济合作组织（APEC）第25次领导人非正式会议今日（10日）在越南岘港举行，中美元首分别在工商领导人会议上发表演说，阐述不同的国际贸易愿景。,习近平强调开放带来进步，封闭必然落后。他表示中国将推动多边贸易和投资自由化，放宽市场准入。习近平还提到中国市场将进一步扩大，接受境外投资。特朗普则强调“美国优先”，不再被其他国家占便宜。他提出新的双边协议，并批评中国的贸易不平衡。特朗普没有提及美国在亚太地区的领导角色。分析认为中国的影响力在全球经济中不断增加。南海问题在特朗普访华期间被淡化，但特朗普与习近平就该问题进行了讨论。特朗普将前往菲律宾参加东盟领袖峰会，关注东盟对南海问题的声明。习近平在越南发表文章，提到要共同维护南海和平稳定。
215,632,英国外交部报告称铜锣湾书店李波事件严重违反中英联合声明，破坏“一国两制”。英国要求中国让李波返回香港，并保证香港执法和自由。香港政府称李波被带往大陆是猜测，中国外交部强烈反对报告指责。,英国外交部周五发表最新一份的香港报告，指铜锣湾书店李波事件严重违反中英联合声明、及破坏“一国两制”原则。,英国外交部的最新香港报告指出，铜锣湾书店李波事件严重违反了中英联合声明和“一国两制”原则。报告还要求中国政府立即让李波回到香港，并保证香港人的权利和自由得到保护。香港政府对报告表示回应，称对于李波被带到中国大陆的指称只是猜测。中国外交部则对英国政府的报告表示不满和反对，称香港事务属于中国内政，任何外国无权干涉。报告还指出，“一国两制”在大部分范围内运作良好，但有关权利和自由的问题引起关注。英国外交部每半年会撰写香港报告，向国会描述中英联合声明的实现情况。
216,635,谷歌计划开发中国版搜索引擎“蜻蜓项目”因压力而暂停，暂停了数据分析系统。谷歌表示目前无在中国推出计划，但仍可能继续寻找进入中国市场的途径。,有报道指出，谷歌“实际上已经终止”开发中国版搜索引擎的“蜻蜓项目”计划。,谷歌开发中国版搜索引擎的计划已经暂时搁置。谷歌被迫关闭一个数据分析系统，该系统向“蜻蜓项目”提供资料来源。谷歌首席执行长表示目前没有推出中国版搜索引擎的计划。报道称，谷歌开发了两个版本的安卓系统的手机应用程序，只要中国政府批准就能在9个月之内推出。谷歌的“蜻蜓项目”据报已经停摆。谷歌首席执行长表示，目前没有在中国推出的计划，并承诺向美国国会“完全透明”。谷歌的蜻蜓项目尚未进行到必须通过谷歌内部的隐私权检验的阶段。谷歌可能会尝试其他方式进入中国市场。中国是世界上最大的互联网市场。谷歌在中国设有办公室，开发其他项目。
217,636,脱欧派此前声称可减少移民、增加医疗预算、退出单一市场。现今，脱欧派承认无法大幅减少移民、不可能为医疗保健系统提供大量资金，并认为英国应该享有单一市场的优惠，但需控制移民水平。,英国公投选择脱离欧盟，引起英国社会、政坛地震，波及欧洲，余波不断。,脱欧派在公投前的说辞发生了变化。他们之前声称脱欧可以控制移民数量，但现在承认脱欧并不能急剧减少移民人数。关于欧盟预算的贡献，他们之前声称每周向欧盟缴费3.5亿英镑，可以用在医疗保健系统上，但现在承认这种说法是错的。关于单一市场，他们之前声称英国不需要单一市场的优惠待遇，但现在承认英国应该得到单一市场优惠，但不一定要通过接受人员自由流动而得到。
218,637,“Hygge” 是丹麦语的“惬意舒适”，代表北欧文化中注重轻松、亲近自然的生活方式。在丹麦，“Hygge”可以体现在日常生活中，例如点蜡烛、喝咖啡聊天、海边度假等，强调人与人之间的交流和陪伴。咖啡在“Hygge”文化中扮演着重要角色，咖啡品牌 Coffee Collective 提倡“直接贸易”，直接向咖啡豆生产商支付费用，确保咖啡质量和工人的工作环境。,"丹麦语里的""hygge""在最近几年大受欢迎，原因是在于它背后的生活方式。","""hygge""是丹麦语，意为舒适和安逸。它是丹麦文化中放松、亲近自然和乐活生活的生活理念和方式。""hygge""的生活方式非常简单，没有固定模式，只要是个人认为舒适和开心的生活和交友方式都可以被列入""hygge""方式。丹麦人喜欢在家中点蜡烛、与家人和朋友一起喝咖啡聊天，以及在夏天去海边度假时用炭火烤棉花糖。丹麦人对咖啡有着极其重要的角色，咖啡品牌Coffee Collective的创始人彼得·杜邦认为，丹麦人喜爱咖啡不仅仅是因为咖啡质量，更是因为与""hygge""生活的联想和向往。彼得·杜邦的咖啡品牌采取了直接贸易的方式，每年亲自拜访咖啡豆供货商，确保咖啡豆的质量，并支付比公平贸易更高的价格。尽管直接贸易可以让咖啡原产国的工人受益，但气候变化仍然对咖啡豆出口国带来负面影响。在丹麦文化中，人与人之间的良性互动是hygge生活方式的核心理念，通过放下手机，与朋友和家人一起喝咖啡，花时间陪伴彼此，可以获得真诚的交流和快乐的体验。"
219,638,英国大学入学对少数族裔而言较难，尤其是非白人；然而，南亚与白人混血和华裔学生除外。英格兰白人学生进入名校的机会高于其他族裔。,伦敦政经学院LSE的研究认为，少数族裔进入大学的机会比较低。,英国大学入学对少数族裔学生来说很困难。根据伦敦政经学院的研究，即使考虑了学业成绩、家庭背景和学校类型，少数族裔学生仍然难以进入大学。南亚与白人混血以及华裔学生是例外。研究还发现，英裔白人学生成功申请名校的比例最高。孟加拉裔和巴基斯坦裔学生的成功比例较低。伦敦政经学院的研究对象是21岁以下、至少有两个A-level高中资格考试证书或相等学历的学生。伦敦政经学院的研究表明，入学遴选过程的公平性令人担忧。英国大学联合会表示各大学正在积极处理这个复杂而具有挑战性的问题。
220,639,朝鲜经济受制裁影响，出口大幅下跌；金正恩重视经济，旅游业成为经济发展可能性；朝鲜已证明核武实力，谈判损失不大；韩国暂停制裁，朝鲜重返谈判桌。,美国总统特朗普早前说，自己是促成朝鲜和韩国谈判的人。,朝鲜领导人金正恩愿意回到谈判桌的背后，与朝鲜的经济情况有关。朝鲜受到制裁的影响，出口下跌，外汇收入减少。朝鲜需要发展经济，旅游业可能成为一个选择。朝鲜已经证明自己是核武国家，因此与韩国谈判不会对其造成损失。朝鲜现在需要解决经济问题，因此愿意回到谈判桌上。
221,640,美中贸易纠纷后，特朗普未来很可能会采取对中国“遏制”和“接触”双管齐下的“丛接触”战略。他可能会支持日本发展军事力量，承担更多防务费用，并加强与中国的合作，如“一带一路”和亚投行。此外，他可能会终结TPP，但美国仍会继续在亚太地区发展经济关系。,特朗普当选美国总统的消息在亚洲引起广泛的不安。全球各国都在关注，特朗普治下的美国是否会采取孤立主义和保护主义的姿态，而这对整个世界意味着什么。,中国大量出口钢材导致中美贸易纠纷，特朗普对美中关系态度不明确。外界猜测美国是否会撤退，中国填补权力真空。中国保守派预言中国正在取代美国在亚太的霸主地位。特朗普可能采取“遏制”和“接触”双管齐下的战略态势。特朗普要求日本和韩国承担更多地区安全责任。特朗普可能支持日本发展军事力量以应对中国挑战。特朗普的战略顾问建议与中国达成“大交易”，承认中国在亚太的利益。特朗普反对TPP，但不会停止在亚太发展经济关系。中美关系中合作与竞争并存，两国间经济关系互相依存。特朗普若破坏中美双边关系，将对中国经济改革和政权合法性造成影响。特朗普可能意识到忽视美国在亚太的领导地位将对美国经济造成严重后果。特朗普可能采取对中国既遏制又接触的方针。
222,641,大众汽车“欧五排放”汽车销售禁令影响 18 万辆，涉及奥迪、西亚特和斯柯达品牌。新任 CEO 穆勒将调查真相，改革管理。,瑞士暂停了大众汽车（Volkswagen）某些柴油引擎车型的销售，因为这些车型可能带有能够骗过尾气排放测试的装置。,瑞士禁止销售未注册的“欧五排放”汽车，可能影响18万辆车辆。大众汽车承认在美国尾气测试中作弊，首席执行官辞职，新任CEO表示要挽回公司声誉。瑞士设立专项部门调查此事。全球有1100万辆大众汽车装有作弊装置，德国有280万辆。大众汽车股价下跌30%。多个国家将展开独立调查。
223,642,斯图里奇在利物浦获得主教练信任，踢球随性，凭借直觉射门。他感谢罗杰斯的信任，致力于帮助球队夺冠。尽管曼城和切尔西领先，但夺冠并非不可实现。他与苏亚雷斯的配合默契，称赞苏亚雷斯训练刻苦。,利物浦核心球员斯图里奇日前在接受BBC采访时坦言，他为红军进球靠“直觉”，并说在切尔西效力期间，没能得到信任 。,利物浦球员斯图里奇表示，他在球队得到了主教练罗杰斯的信任，并享受着踢球的过程。他透露自己的射门多靠直觉，不给自己设定目标。斯图里奇希望能为球队做出贡献，并夺取英超冠军，但他也承认与领先球队还有差距。他对曼联的事情不感兴趣，只关心利物浦俱乐部的成就。斯图里奇和苏亚雷斯是利物浦的核心搭档，他称赞苏亚雷斯是个很酷的小伙子，训练非常刻苦。
224,643,张玉静，32 岁，被指控向特勤人员撒谎并违规进入特朗普庄园，声称参加联合国活动。她被发现携带可能包含病毒的电子设备。她的辩护律师拒绝置评，她将被拘留至下周听证会，如果罪名成立，她可能面临最高五年监禁。,一名携带两本中国护照的女子，带着一个装有恶意软件的U盘涉嫌撒谎混入美国总统特朗普的海湖庄园（Mar-a-Lago）俱乐部。,32岁的张玉静被控向一名联邦官员作虚假陈述，并非法进入特朗普的马拉阿歌庄园。她声称是为了参加“联合国华裔协会”的活动，但被发现携带了四部手机、一台笔记本电脑、一个外接硬盘和一个装有电脑病毒的U盘。她被拘留至下周的听证会，可能面临最高五年监禁。
225,644,前重庆公安局长王立军从辽宁调入多名亲信，其中王鹏飞和李阳被免职。据称，王鹏飞为王立军提供秘密前往美国领事馆的车辆，并负责监听对重庆视察的中央高官。,重庆官方消息证实，重庆市公安局刑警总队长李阳和渝北区公安分局局长王鹏飞被免职。,王立军将多名辽宁亲信调入重庆警方，其中王鹏飞和李阳是被调到重庆的。王鹏飞提供了王立军前往美国领事馆的汽车，并执行了对中央高官的秘密监听行动。王立军调来这些人是为了帮助他在重庆开展打黑运动。在王立军私入美国领事馆事件后，王鹏飞和其他亲信曾被薄熙来秘密软禁。
226,645,新冠患者中，如英国首相约翰逊需住院治疗。高危人群（60岁及以上或伴有慢性疾病者）更容易出现严重并发症，包括45-65岁男性。尽管原因尚不确定，但男性风险更高可能与患病比例较高、抽烟等因素有关。虽然新冠死亡率与年龄和疾病史相关，但与无新冠死亡相比，其导致更多短期内死亡。维护健康生活方式（锻炼、良好饮食和卫生习惯）对于预防新冠并发症至关重要。,大多数感染新型冠状病毒的患者在症状出现大约一周左右就会恢复，不需要医疗照顾。,英国首相鲍里斯·约翰逊因新冠症状住院治疗，目前在加护病房接受氧气供应。高危人群包括70岁以上的人和有其他疾病的人。50多岁和60多岁的男性感染新冠病毒后并发症的机率较高。男性的死亡率超过女性，可能与心脏病、糖尿病和慢性肺病的患病率较高有关。感染新冠病毒的人可能会在短时间内死亡，给医疗系统带来压力。维持健康生活方式和个人卫生是重要的防护措施。
227,646,4 月份在南海钻井的 HD981 导致越南大规模反华示威。奥巴马表示，各方应按国际海事法解决海事纠纷，避免影响航运和商业。中国随后在南海争议海域增调 4 座钻井平台，引发台湾和菲律宾担忧。中方称钻井为正常活动，无关担忧。,美国总统奥巴马周五（20日）敦促中国和它的邻国和平解决因在南中国海有争议海域钻井作业导致的争执，避免紧张局势升级。,中国在南海钻井作业引发了越南的大规模反华示威。奥巴马和新西兰总理都呼吁各方按照国际海事法解决争端。中国加紧在南海勘探石油和天然气，并增调了四座钻井平台。中国海事局发布公告，要求船只远离钻井平台。中国外交部表示，这是正常活动，无需过度解读。这次调运钻井平台被认为是中国的战略举措，可能引发越南和菲律宾的敏感神经。
228,647,浙江扫黑除恶行动已抓获1200余犯罪嫌疑人，但“下指标”等运动化倾向引起担忧，可能影响程序正义和司法公正。,1月，中共中央和国务院下发通知，要求开展扫黑除恶专项斗争。近日山东全省检察长会议要求今年每个基层检察院至少要办理1起涉嫌黑社会性质组织犯罪案件或恶势力犯罪集团案件，在网络上引发争议。,浙江省扫黑除恶行动中，已经抓获犯罪嫌疑人1200余名。山东省要求每个基层检察院至少要办理1起涉嫌黑社会性质组织犯罪案件或恶势力犯罪集团案件，否则年终考核一票否决。一些网友担忧下指标后，地方检察院为了完成任务，不再注重程序正义，导致官员“乱作为”。历史学者和法学专家也对运动式执法的做法表示担忧，认为可能会导致冤假错案和法律程序问题。
229,648,八九学者笑蜀发联署信声援新公民运动领军人物许志永，认为公民社会是国家和民族最大的公共利益，是当下中国最后的底线。他强调，独裁体制必须退场，法治承诺必须兑现，而执政者应以对话谈判解决困境。,中国知名媒体人笑蜀被当局强行从北京“送回”广州，羁押48小时后现在重获自由，发表声明揭露北京国保非法绑架过程，呼吁海内外人士继续向中国当局施压，争取许志永等参与新公民运动的16人获释。,笑蜀发起公民社会联署，声援许志永。笑蜀认为中国政府在改革、法治、宪政、市场自由化等问题上发放矛盾信号，但他认为这些信号不足以代表整个体制。笑蜀认为中国社会的未来取决于社会自己的力量，公民社会建设是社会力量积蓄的主要通道。他强调执政者应通过对话、谈判，在尊重人权与法治的轨道上解决问题。他提醒执政者不要对自己手中的硬力量太自信。
230,649,法轮功抗议者在习奥会场外练功抗议，要求奥巴马向习近平施压，停止迫害法轮功。,周五数百抗议者在奥巴马总统和习近平主席在加州举行高峰会晤的度假地安纳伯格庄园外聚集。,中国国家主席习近平在加州与美国总统会晤期间，法轮功和藏人抗议者在安纳伯格庄园外举行抗议活动。抗议者要求中国滚出西藏，并希望奥巴马向习近平施加压力，以解决中国政府迫害法轮功信仰者的问题。抗议者中还有越南人。习近平在附近的饭店下榻。
231,650,周五，一名涉伊朗洗钱案的伊朗籍商人获释。此前，三名土耳其部长之子因涉嫌贿赂和洗钱被捕。警方还在调查中逮捕了人行行长，他被指控受贿，并查获了一个装有 450 万美元的鞋盒。不过，行长已于本月初获释。总理埃尔多安认为这是一场针对他的政治阴谋，对警方和司法部门进行大清洗。,土耳其当局周五（28日）释放两名前内阁部长的正在候审的儿子，这是该国重大反腐调查中的最新转折。,土耳其警方在去年12月进行了一次重大反腐调查，涉及多名政府官员和商人。其中，三名内阁部长的儿子被捕，但其中一人不久后被释放，周五另外两人也被释放。调查指控涉及向伊朗转移赃款和在政府招标中行贿。此次调查引起了土耳其总理埃尔多安的不满，他认为这是一个针对他的政治阴谋。埃尔多安对警方和司法部门进行了大规模清除行动，数百名高官被革职。与此同时，被指与向伊朗转移赃款案有关的一名伊朗裔商人也在周五被释放。
232,651,泰国普吉岛废弃酒店发生直播死亡事件，一名男子先吊死女儿后自杀，引发社交媒体愤慨。脸书和 YouTube 均已移除相关视频。脸书表示正在探索改善视频审核过程，但无法避免因直播引发争议。,泰国警方称，一名泰国男子在脸书上直播杀女后自杀。,泰国普吉岛发生了一起死亡直播事件，一名21岁男子在废弃酒店里先将女儿吊死后上吊自杀。脸书和YouTube都已删除相关视频。泰国数字经济部要求脸书移除视频，YouTube在BBC提醒后删除了相关内容。脸书表示正在改善视频审核过程。孩子的母亲和其他亲属已认领尸体。脸书正在寻找方法加快对这类内容的反应，并研发软件防止进一步分享。他们也在研究如何让人工智能自动甄别需要再次审核的视频和照片。关闭脸书直播的想法尚未被讨论。
233,653,梁振英呼吁立法会放下成见通过政改方案，否认干预学术自由。多位议员批评梁对《学苑》的言论形同“批斗”，港大则呼吁尊重言论自由。官方社评指“港独”不容纵容，需制定措施制裁。,香港特首梁振英强调自已有决心争取2017年推行普选，呼吁立法会的议员投票支持稍后政府推出的政改方案，否则是“普选杀手”。,梁振英在立法会上呼吁议员放下成见，通过政改方案。他否认干预学术和言论自由。他重申“公民提名”不符合基本法，重启政改不切实际。工党议员李卓人批评梁振英是“普选杀手”，梁振英回应政府有决心争取普选。多位议员批评梁振英批评香港大学生会刊物《学苑》形同“批斗”。梁振英否认对《学苑》的言论干预学术和言论自由。他指出《学苑》提出的错误主张需要引起注意。梁振英回应香港社会对香港与中央关系的理解有误。香港大学学生会呼吁政府尊重言论自由。中国官方媒体《环球时报》表示，梁振英批评“港独”显示香港主流社会的警觉，应制裁港独言行。
234,654,薄瓜瓜在声明中称，薄熙来和谷开来遭受秘密拘禁已18个月，呼吁在薄熙来的审判中保障其辩护权。他还表达了对母亲身体状况的担忧。,美国《纽约时报》刊登据称来自薄熙来之子薄瓜瓜的声明，称正密切关注他的父亲和母亲被中国当局“秘密拘禁”的处境。,薄瓜瓜是薄熙来与谷开来的唯一孩子，他发表了一份声明，表达了对父母被拘押的担忧，并希望父亲能在审判中有机会为自己辩护。薄瓜瓜的母亲被判谋杀英国商人海伍德有罪。薄瓜瓜目前在美国哥伦比亚大学法学院就读。他对母亲的健康状况表示担忧，并相信她能够应对指控。薄瓜瓜本人没有被指控犯罪。薄熙来被指控滥用职权、受贿和不正当性关系，并已被开除党籍和公职。薄瓜瓜对父亲的政策持有争议，但认为他是一个忠于职守的人。他将等待父亲的司法判决结果。
235,655,为提高效率，人们尝试缩短工作最后期限。但是，一刀切的方法不起作用。专家建议设定合理的短最后期限，这样可以迫使自己完成任务并减少不必要的步骤。但是，对耗时长的项目来说，制定最后期限可以防止拖延。平衡很重要，避免设定过于紧的最后期限。了解任务的典型时间可以帮助设定准确的最后期限。对重复性任务设定较短的最后期限，而对需要审查和分析的任务设定更宽泛的时间。,设定最后期限对我来说绝非易事。不管我为自己完成任务预留了多少时间，在最后期限临近时我总是会手忙脚乱。,设定更严格的最后期限是提高生产效率的一个窍门。通过限制自己，我们强迫自己完成任务，并且经常会简化事情并在没有问题时走捷径。设定更短的最后期限可以让工人有纪律意识和自我控制意识。然而，设定过于紧张的最后期限可能会导致任务无法完成。了解任务通常需要多长时间可以帮助我们设定更准确的最后期限。在设定较短的最后期限之前，可以先设定一个紧迫的最后期限，然后用更宽泛的时间来进行审查和分析。设定更严格的最后期限需要根据任务的性质和个人情况来决定。
236,656,国际原油价格大跌，欧佩克成员国呼吁减产，但沙特维护市场份额意愿强烈。全球供大于求，需求疲软，美元强势也推低油价，美国解除原油出口禁令加剧供过于求。,国际市场原油价格继续下跌，原因包括供大于求、美元强势以及全球需求疲软。,石油输出国组织欧佩克的一些成员国呼吁召开紧急会议讨论是否减产。国际原油价格今年已经下跌了两成，接近自2003年以来从没有出现过的水平。沙特阿拉伯是否同意减产是关键。低油价让一些产量不高的中小型产油国蒙受损失，也对沙特造成影响。全球石油供大于求问题严重，需求疲软是主要原因。美元的强势和中国经济问题也加剧了油价下跌趋势。美国解除原油出口禁令更加恶化了全球油市供过于求趋势。
237,657,英外交大臣哈蒙德称，俄罗斯与西方进行战略竞争，而非合作。尽管有停火协议，乌克兰东部冲突仍持续存在。欧盟可能加大对俄罗斯制裁，英国将提供非致命性军事援助和训练。,英国外交大臣菲利普·哈蒙德（Philip Hammond）说，若普京不改变其在乌克兰的意向，未来英国与俄罗斯的外交关系将继续“令人头痛”。,莫斯科选择与西方进行“战略性竞争”，而非合作成为同盟。乌克兰东部的暴力冲突有所减少，但英国将追加对俄罗斯的制裁。乌克兰和亲俄罗斯的叛乱分子声称正在撤出重型武器，但双方交战报道仍持续。俄罗斯和德国将增加协议观察员数量，英国将提供军事设备、咨询和训练给乌克兰。欧盟将大幅增加对俄罗斯的经济压力。俄罗斯选择与西方进行战略竞争，可能导致困难和令人头痛的关系。
238,658,英格兰东南富人区住宅连续被盗，损失逾百万英镑。警方拘捕 36 人，查扣数辆犯罪车辆，破获犯罪团伙。嫌疑人入英作案，目标为豪华空置住宅，已运走部分赃物。,英国警方称，一个入屋盗窃团伙专门从智利飞到英国作案，以东南部的富人区住宅为目标，目前已被侦破。,英格兰东南部的富人住宅成为犯罪团伙的目标。警方通过追踪车辆和调查，成功侦破了这一团伙。在过去8个月里，伦敦警察厅拘捕了36名男子，其他执法部门扣押了39人。调查项目“精灵行动”从2017年开始，目的是解决入屋盗窃案。犯罪团伙选择目标时很谨慎，通常选择位于公园或高尔夫球场边缘的空置物业。他们会通过爬上二楼窃取奢侈物品。在伦敦被拘的嫌疑人中，16人已被检控，8人被驱逐出境，12人获释并离开英国。调查人员感谢智利大使馆提供的支持。
239,659,英国飞机回收公司将废弃飞机拆解后出售零部件，包括发动机、起落架和其他有价值部件。这不仅回收了宝贵材料，还为电影和主题公园等行业提供了独特的道具。近年来，随着飞机更迭率的提高，飞机拆解行业蓬勃发展，促进了可持续消费和减少浪费。,巨大的身躯匍伏在科茨沃尔德（Cotswolds）的树篱和起伏的低地之间。它们出乎意料的在树丛后的农村道路边现身。,这篇文章讲述了废弃飞机回收产业的情况。废弃的喷气式客机被拆解，其中的发动机和部件的价值高于整架飞机的售价。拆解后的零部件可以被出售或回收利用。废弃飞机的拆解工作需要几个星期到几个月的时间。飞机拆解产生大量的废弃物，包括铝、合金、碳纤维等材料。未来几年，预计将有大量飞机退役，需要进行回收利用。废弃飞机的零部件可以被用于电影制作、培训等用途。拆解飞机的过程中，有时会发现丢失的物品，甚至发现了被藏在飞机中的毒品。尽管创立了拆解飞机的公司，但作者仍对飞机保留着怀旧的情感。
240,660,乌克兰东部亲俄武装与政府军争夺机场，亲俄武装宣称控制了卢甘斯克国际机场。乌军“有组织地”撤离机场。顿涅茨克机场附近交火继续，亲俄武装称政府军两排投降。自4月冲突爆发以来，已有约2600人丧生。俄总统普京称需讨论乌克兰东部“建政立国”问题。乌克兰、俄罗斯官员将于明斯克举行会谈。,乌克兰军方宣布，政府军与亲俄反叛武装彻夜交战后撤离东部卢甘斯克的机场。,乌克兰东部亲俄反叛武装强势，冲突持续。乌克兰军方与反叛力量争夺机场，亲俄武装控制卢甘斯克机场。乌克兰军队有组织地从卢甘斯克机场撤退。顿涅茨克机场附近仍有交火。乌克兰东部亲俄武装力量有所斩获。乌克兰和俄国官员在明斯克举行会谈。
241,661,德国艺术品收藏家古尔利特在其公寓中被发现拥有1400件艺术藏品，其中包括大师作品，这些藏品被认为是在纳粹时期被没收或劫掠的。古尔利特与德国政府达成协议，将确认哪些画是纳粹劫掠的。他的父亲是希特勒的艺术品经纪人，负责出售从犹太人家中没收的艺术品。调查仍在进行中，以确定这些藏品的原始所有者。,藏有千余件据信被纳粹劫掠的艺术品的德国老翁康奈留斯·古尔利特去世前立遗嘱，将千余幅所有权仍有争议的艺术珍品全部捐给瑞士伯尔尼艺术博物馆。,德国艺术品经纪人古尔利特在他的公寓中被发现了约1400件艺术藏品，其中包括被纳粹劫掠的大师作品。他与德国政府达成协议，同意合作确认这些画是否被劫掠。他声称这些藏品是他父亲留下的遗产，但调查人员仍在查明这些藏品的原主人。德国犹太人权益组织呼吁尽快归还这些艺术品给原来的所有者。
242,662,胡锦涛决定不再留任军委主席，打破江泽民开设的先例。这一决定或因考虑形象顾虑，也或因习近平和军队深厚渊源。,香港《南华早报》星期一（11月12日）援引未经透露的消息来源报道，中共领导人胡锦涛在本周举行的中共十八大结束后将卸任中央军委主席一职，并由他的接班人习近平接任。,胡锦涛是否将留任中央军委主席引关注。根据中共惯例，总书记兼任中央军委主席。江泽民在卸任后留任两年，引起争议。胡锦涛可能会全退，不像江泽民那样留任。海外报道称，胡锦涛可能会留任一段时间以确保权力平稳移交，甚至有传言说他将留任5年。习近平将接任总书记，他与军队关系更深。
243,663,英国因控制牛结核病而计划在规定区域内杀灭70%的獾。反对者认为这无效且残忍，支持者则认为这是保护牛只的必要之举。尽管有科学证据支持双方的论点，但杀獾与护獾之间的争论最终归结为情感和价值观的较量。,眼下英国政府和警方最大的机密和最大的头痛之一？杀獾。,英国政府计划在两个试点范围内杀死约5千头獾，以控制牛结核的传播。反对者要求公布杀獾的具体时间和地点，但政府拒绝公布，称这会对公众安全造成威胁。杀獾的决定引发了激烈的争议，科学家们对杀獾的效果和可行性存在分歧。这个问题涉及到人们对动物的态度和价值观。
244,664,太阳能供电系统可降低用电成本，但初期费用较高。政府激励措施和低息贷款可降低成本。安装之前，需要考虑用电量、备用能源和生活方式调整。太阳能供电系统可以增加房屋价值，但可能需要额外成本，例如电池和节能改造。考虑部分依靠太阳能，并与电网保持连接作为备用选项。,再过几个月，伯大尼·史怀彻（Bethany Schweitzer）和她的丈夫将有望通过安装在屋顶上的太阳能电池基本满足自家的用电需求。怀着过一种生态友好型生活的愿望，他们计算了相关费用，并向房屋所有者协会申请安装太阳能电池事宜，目前申请正在批准流程中。,太阳能供电系统的安装和使用在全球范围内越来越受欢迎。虽然脱离电网生活有一些条件和挑战，但通过税收抵免和其他激励措施，初期费用可以大幅降低。太阳能是最常见的住宅可再生能源来源，但在选择能源来源时需要考虑环境和个人需求。此外，节能生活和合理安排用电也是脱离电网生活的重要因素。最后，即使自发电可以自给自足，保持与电网的连接可以作为备用电力的来源。
245,665,美国科技公司写信给政府，表达对政府情报收集方式的担忧，认为其侵犯个人自由，呼吁透明度和改革。,世界八大技术公司组成一个“改革政府监视”联盟，要求美国政府“大规模”改变其收集信息的方式。,美国政府收集情报的方式引起了许多人的担忧。八家公司包括谷歌、苹果、脸书、推特、美国在线、微软、LinkedIn和雅虎被指涉及其中。一个名为“改革政府监视”的联盟写信给美国总统和国会，表示当前的政府监视方式破坏了人民的自由。他们要求政府赋予各公司向用户通报有关这些信息细节的权利，并呼吁政府领导这次改革。
246,666,南中国海渔业资源丰富，但过度捕捞导致鱼类数量锐减。研究表明，各国应合作管理渔业资源，减少滥捕和修复鱼类数量。同时，政府和民间社会应共同努力，加强海洋科学研究和制定可持续的捕捞政策，以便平衡领土争端与资源保护。,南海领土争议日渐升温，令周边国家关系紧张。不过，备受忽略的是，主权争议令到保育海洋环境困难重重。最新研究指出，如果各国袖手旁观的话，任由过度捕捞鱼类及海鲜，三十年后，南中国海的鱼类数量最高最可下跌59%。,南中国海渔业资源丰富，但由于领土争议和缺乏合作，管理和保护资源变得困难。渔船数量激增导致过度捕鱼，鱼类数量急剧下降。中国和香港是南中国海渔业的主要参与者，但需求量大，对海鲜的依赖性高。为了保护资源，各国应制定可持续的捕鱼政策和规范，禁止过度捕捞和捕捉幼鱼。否则，海鲜价格将上涨，全球粮食问题将加剧。
247,667,英格兰银行暂不计划加息，但经济复苏将最终导致利率升至4%-5%的“更正常水平”。,在英格兰银行（Bank of England）提高对英国经济预期后不久，该机构市场部总监菲舍尔（Paul Fisher）警告说，现在离“正常”还有很远距离。,英格兰银行高管表示，近期没有提高利率的计划。他们认为，英国的经济复苏正在稳固，但失业率降至7%并不会立即导致利率上升。他们预测英国今年的经济增长率为1.6%，明年为2.8%。最终，如果通膨控制在2%，经济增长在2.5%，利率可能会恢复到4%至5%的水平。
248,668,Neuralink 公司展示了植入猪脑中的脑机接口设备，通过读取脑部活动信号实时控制设备。该技术旨在治疗神经疾病，增强人类认知能力，并在人工智能快速发展中保持竞争力。,有人把伊隆·马斯克（Elon Musk）形容为科技怪侠。他展示的脑机对接小猪又受到全球科技界关注。,马斯克展示了一只名为Gertrude的猪，它的脑部活动信号可以被实时读取。这表明脑机连接技术有望治疗记忆力衰退和颈脊髓损伤等疾病。马斯克的长远目标是实现人类与人工智能的结合，以避免AI对人类的摧毁。Neuralink是一家研发脑机对接技术的公司，他们拥有大量资源和一个由科学家、工程师和临床医生组成的团队。然而，解码脑机对接后记录的信息仍然是一个难题。马斯克以其在SpaceX和特斯拉的经验而闻名，他的计划可能需要更长时间来实现。
249,669,实习经验让英国大学毕业生就业机会更高，强调了工作经验在竞争激烈的就业市场中的重要性。,最新调查发现，实习和见习经验都将大大提高大学毕业生的就业机会。,英国独立市场调查公司High Flier的调查发现，有实习经验的大学毕业生比无此经验的毕业生获得聘用的机会高出三倍。调查还显示，目前的就业市场竞争异常激烈，用工部门普遍期望毕业生已经有相关的工作经验。因此，工作经验对大学毕业生来说已经是必要因素，仅仅专注于学习很难获得用人公司希望掌握的技能。
250,670,弗格森一名黑人青年与警方对射受重伤，警方逮捕了一些设置路障的示威者，但气氛相对平静。当地政府宣布紧急状态。,蒂龙在美国黑人青年迈克尔·布朗死亡一周年爆发抗议示威之后，当局宣布密苏里州城市弗格森进入紧急状态。,星期日，警察逮捕了一些设置路障的示威者。另一名黑人青年与警察开枪对射，身负重伤。蒂龙·哈里斯被指控袭警罪。密苏里州州长呼吁示威者和平示威。去年，18岁的黑人青年迈克尔·布朗被白人警官射杀，但被认定警官无过错。布朗之死引发了抗议示威，指责种族歧视和警察暴力执法。警方逮捕了一些阻挡交通的示威者，但没有进一步的暴力。警方称向警察开枪的人是罪犯，但蒂龙·哈里斯的父亲表示警方谎言，他的儿子没有携带武器。弗格森地方当局宣布紧急状态令。
251,671,华为宣布在英国投资 20 亿美元，预计带来 700 个就业机会。此举将推进中英间的贸易关系，华为的设备将可用于英国电信的新宽带服务。华为的扩张因其创始人与军方的关系而面临担忧。,中国电信设备制造商华为宣布扩充在英国运作规模，新增投资13亿英镑。,华为计划在未来五年内投资20亿美元，推动英国移动宽带等项目，并预计为英国创造700个就业机会。英国首相卡梅伦表示重视与中国的关系，并希望引进外资刺激经济。华为的三个产品将被列为英国电信运营商EE新网络上可使用的设备。华为因创始人任正非的军队背景以及涉及电信网络安全而受到美国、澳大利亚、印度等国政府的担忧。澳大利亚政府已禁止华为参与该国宽带工程建设。华为目前在英国有800名员工，英国电信、TalkTalk等是其客户。
252,672,曾钰成退出政坛，但考虑参选特首对抗梁振英。他认为香港与中央恶性循环，夺走香港核心价值将使香港制度瓦解。曾钰成被《时代》认为是香港精英阶层的理想主义者。,香港立法会主席曾钰成被选上最新一期《时代》期刊亚洲版封面人物。,曾钰成是香港最佳希望，能为反中及亲中阵营以及香港与内地建构桥樑。他表示会正式退出政坛，但如果明年没有人参与特首选举，他会考虑参选，目的是不想梁振英在无竞争下自动当选。他认为香港和北京的关系陷于恶性循环，反对中央的示威加深港人与中央政府的猜疑。他强调香港的核心价值包括言论、集会自由与法治，一旦夺走或改变这些价值，香港的制度便不会存在。《时代》认为曾钰成是香港精英阶层中的理想主义者，长期亲北京，但也是受欢迎的立法会议员之一。
253,673,丘吉尔曾因镇压罢工而被批评为“恶棍”。尽管他在二战中领导英国取得胜利，但其执政业绩和外交政策也曾引起争议。丘吉尔的一生充满轶事，包括他小时候体弱多病、成年后却坚强不屈；他酷爱读书、擅长抓住要点；他数次跌跤但从未低头；他发明过“峰会”等新词；他险获诺贝尔文学奖；他曾脚踩两只船；他卖画为生也没问题；他抽烟喝酒样样行。,3月12日、13日、14日， 决定英国命运的三天步步逼近 。,英国历史上最著名的前首相之一温斯顿·丘吉尔成为了口水仗的中心。工党影子财相称丘吉尔是“恶棍”，引发了一场争议。丘吉尔一生中也充满争议，但他率领英国赢得了第二次世界大战，被许多人视为英国最伟大的人之一。丘吉尔的一生有许多有趣的事实，比如他在童年时期体弱多病，有语言障碍，但这些经历让他变得更坚强。他酷爱读书，喜欢引用名言，也常常遭遇事故，但从不低头。他还发明了一些新词，几次险些获得诺贝尔文学奖。丘吉尔的个人生活也有一些有趣的细节，比如他的初恋对象不是妻子克莱门汀，他还是一位画家，作品累计高达500余幅。丘吉尔也是个享受生活的人，喜欢吃好饭、抽好烟、喝好酒。
254,674,由于北京坚持自主任命主教，导致四位效忠教皇的广东主教失踪，令中国与梵蒂冈关系蒙上阴影。中国政府支持的教会计划任命 40 位主教，分析人士认为这将加剧两国关系紧张。,中国警方逮捕了4名得到梵蒂冈认可的主教，目前这4人失踪几天，仍下落不明。,中国政府最近带走了四位与教宗共融的广东主教，并计划非法祝圣一位新主教。这一行动使得中国和梵蒂冈之间的关系再次紧张。中国政府坚持自己有权任命主教，这给双方改善关系的进程带来了困难。
255,675,圣彼得堡世界杯期间，显眼的英语俄语指示牌让人们忘记西方对俄罗斯的制裁。俄罗斯媒体和西方媒体对世界杯报道呈现明显差异，前者强调喜悦和进步，后者关注负面消息。世界杯承办体现俄罗斯政治意图，但西方元首缺席开幕式表明普京大国愿望受挫。盛事结束后，俄罗斯依旧面临西方偏见，但各国球迷的亲身体验或可带来改变。,"""我们希望向世人展示真实的俄罗斯，你到处走走看看，就会发现其实我们非常友善好客。""圣彼得堡球场大学生志愿者奥尔加对我说。",圣彼得堡世界杯期间的报道描绘了不同的俄罗斯。圣彼得堡市中心的景点和交汇处都有英语和俄语的指示牌。尽管受到西方经济制裁，圣彼得堡在世界杯期间天气温暖，市中心和球场周围都有球迷的身影。然而，世界杯的皮球外面披着政治外衣。俄罗斯媒体和西方媒体对世界杯的报道存在偏见。政治在世界杯中也起到了重要作用。普京希望通过世界杯提升俄罗斯的国际地位，但西方并不支持他。世界杯期间，普京举办了一场音乐会，但只有少数国家的领导人出席。世界杯结束后，俄罗斯可能仍然存在三个不同的形象。
256,676,"美国候任总统特朗普发文力挺以色列，前国务卿克里谴责以色列阻碍和平，形容以色列总理内塔尼亚胡的内阁""最右派""。内塔尼亚胡反击克里，对特朗普表示感谢。","在美国候任总统特朗普（亦即川普）推文鼓励以色列""坚持下去""之后，美国国务卿克里说最有希望的和平方案现在也面临了危险。",特朗普支持以色列，克里指责以色列阻碍中东和平。克里谴责以色列在巴勒斯坦占领区设立犹太人屯垦区，认为这不符合美国的价值观。特朗普在推特上表示不允许以色列受到蔑视和不敬的待遇，并鼓励以色列要坚强。内塔尼亚胡反击克里的说法，感谢特朗普的支持。
257,677,福布斯女富豪榜揭晓，蕾哈娜凭借美妆品牌Fenty Beauty和内衣品牌Savage入榜。 榜单亮点包括美妆行业的成功人士，如凯莉·詹娜、阿纳斯塔西亚·索阿雷和胡达·卡坦。白手起家的网球巨星塞雷娜·威廉姆斯通过投资和代言成为唯一入榜的女运动员。时尚先驱多丽丝·费舍尔和张金淑创立的Gap和Forever 21等品牌也榜上有名。影视界明星，如奥普拉·温弗瑞和麦当娜，以及音乐界巨头碧昂丝同样登上榜单。最值得一提的是约会软件Bumble的联合创始人惠特尼·沃尔夫·赫德和卫生间清新剂公司Poo-Pourri的苏西·巴蒂兹。,《福布斯》公布2019全美自力更生的女富豪排行榜。,蕾哈娜以她的美妆品牌Fenty Beauty和内衣品牌Savage成为福布斯女富豪榜上的富豪。榜单上有许多成功打造商业帝国的女性，其中包括美妆行业的企业家。凯莉·詹娜是榜单上最年轻的女富豪，她的美妆品牌Kylie Beauty非常成功。然而，最富有的美妆企业家是罗马尼亚出生的阿纳斯塔西亚·索阿雷，她的品牌阿纳斯塔西亚·比佛利山价值12亿美元。其他成功的美妆企业家包括胡达·卡坦和托尼·葛。此外，塞雷娜·威廉姆斯是唯一一位白手起家的女运动员百万富翁，她通过投资初创企业积累了财富。时尚界的女性企业家也取得了成功，如王薇薇、唐纳·卡兰、多丽丝·费舍尔和张金淑。此外，电视和音乐界的女明星如奥普拉·温弗瑞、艾伦·德杰尼勒斯和碧昂丝也在榜单上。约会应用软件创始人惠特尼·沃尔夫·赫德和卫生间清新剂公司Poo-Pourri的创始人苏西·巴蒂兹也是成功的女富豪。
258,678,委内瑞拉首都加拉加斯市长雷泽马因涉嫌密谋推翻政府被捕，并被指控腐败。反对派否认指控，美国谴责政府压制异见人士。,加拉加斯市长安托尼奥·雷泽马（Antonio Ledezma）被起诉密谋暴力策反委内瑞拉政府，此举引起该国反对党抗议。,委内瑞拉首都加拉加斯市长雷泽马被指控密谋以暴力策反政府，并被关押在军事监狱。委内瑞拉总统马杜罗指责雷泽马与美国幕后支持的政变有关。美国和反对派要求提供指控的证据。委内瑞拉经济受油价下跌影响严重，引发了反对派的抗议活动。
259,679,中国注重历史，并从中汲取教训。从被迫贸易到宗教宽容，再到技术进步，中国从过去中学习，塑造其现在和未来。无论未来如何，中国丰富的历史都将持续影响其发展。,要理解今日中国处理贸易、外交政策或网络审查等问题的新闻，得从它的历史中寻求答案。,中国是一个历史悠久的国家，对自己的历史有着深刻的了解。中国曾经被迫开展贸易，这段经历仍然对中国有影响。中国一直注重保持邻国的安定，对朝鲜问题持谨慎态度。中国历史上曾经有过比朝鲜更糟糕的邻居。中国的历史学家常常必须写一些统治者想要的东西，而不是他们认为重要的东西。中国对宗教活动持谨慎态度，但历史上一直对宗教保持开放。中国在科技领域取得了巨大进步，成为新技术的世界中心。中国的历史将继续影响它的现在和未来走向。
260,683,台风海燕重创菲律宾，造成至少5209人死亡，其中礼智岛遇难4919人。此为菲律宾史上死亡人数最多的自然灾害。,菲律宾官员星期五（11月22日）透露，台风海燕在该国造成的死亡人数已经超过5000人。,台风海燕给菲律宾造成了可怕的破坏和损失。根据菲律宾救灾官员的最新统计数据，海燕已经导致至少5209人死亡，其中4919人在礼智岛上遇难。此外，仍有1611人下落不明。这使得海燕成为菲律宾历史上死亡人数最多的自然灾害。海燕是迄今为止最强烈的台风之一，登陆菲律宾时中心风力高达每小时270公里。除了菲律宾，海燕还在越南和中国造成了人员伤亡。
261,684,桑德兰击败曼联，但赛后主帅莫耶斯批评裁判偏袒曼联，指责主裁判“糟糕透顶”。莫耶斯还谈及弗格森爵士等前主帅观战后是否给自己带来压力，他表示不会，并称“真正的球迷”支持他们的球队和主帅。,曼联在联赛杯半决赛第一回合负于桑德兰之后，主帅莫耶斯认为球队是在与裁判进行比赛。,曼联在比赛中输给了桑德兰，莫耶斯对裁判的判罚表示不满。他还提到了之前对阵托特纳姆的比赛中没有获得点球的事情。曼联连续三场失利，莫耶斯的执教表现备受质疑。弗格森和查尔顿爵士在看台上观战。莫耶斯表示球迷一直支持他和球队。他希望球迷能继续支持他们。
262,685,多国船只和飞机正在马来西亚半岛两侧海域搜寻失联的马航MH370客机，但目前仍无明确发现。消息称飞机失联后曾折返飞往马六甲海峡方向，马来西亚当局表示正在调查这一可能性。,对马航MH370失联客机的搜寻已进入第五天，但目前传出的信息仍然混乱，失联客机的下落仍未确定。,多个国家的至少40艘船和34架飞机正在参与搜救马航MH370航班。马来西亚、越南和中国等国家的搜救船只和飞机正在马来西亚半岛两边的海域进行搜索，但至今仍未发现确切线索。越南当局缩小了对失联客机的搜索范围，并派出飞机核实一位石油平台工人的报料。马来西亚当局将搜索重点转移到马六甲海峡和安达曼海。目前，搜救行动仍在进行中，但尚未发现与客机有关的线索。
263,686,中印签署价值200亿美元贸易合同，商讨边界纠纷、西藏和巴基斯坦关系等议题。温家宝访问印度，数百名流亡藏人抗议。印度担心中国商品冲击市场，但两国被视为新兴经济体，中印贸易额已达600亿美元。,中国总理温家宝星期三（15日）抵达印度首都新德里，开始3天正式访问。,中印两国将签署价值200亿美元的经贸合同。温家宝率领商务团帮助推进中印自由贸易谈判。温家宝访问印度引发了流亡藏人的抗议。中国驻印度大使表示，中印最快将于下个月启动自由贸易谈判。印度担心中国廉价商品对其市场造成冲击。双边贸易额高达600亿美元，中国占有巨额顺差。印度担心中国的崛起会制约其发展，并存在领土争议。
264,687,凯莉·詹娜，卡戴珊家族成员，拥有 1.6 亿社交媒体粉丝，推出自己的化妆品品牌后，身价达到 9 亿美元，成为最年轻的亿万富翁。得益于她在社交媒体上的巨大影响力，她的化妆品一经推出立即售罄。其运营成本低，市场营销几乎无需费用。她来自富有的卡戴珊-詹娜家族，拥有商业背景和社交媒体优势，促进了她的财富增长。,被中国网民称作金小妹的凯莉·詹娜（Kylie Jenner）是美国卡戴珊-詹娜家族（the Kardashian-Jenner family）最年轻的继承人。,凯莉·詹娜是美国名媛金·卡戴珊的妹妹，拥有1.6亿社交媒体粉丝。她推出了自己的化妆品品牌，凯莉化妆品，销售火爆。凯莉的公司运营成本低，市场营销主要依靠她自己的影响力。她的妈妈克里斯·詹娜负责管理她的生意。凯莉来自一个富有的家族，借助她的影响力和代言合作，她的收入非常可观。
265,688,口罩遮挡的情况下仍可认出人脸，因识别人脸是人类演化而来的能力，与生俱来。熟悉的面孔对比陌生面孔更容易识别。研究表明，“识脸超人”存在，识别能力与遗传有关，但仅限于面部识别。跨族裔人脸识别存在难度，口罩和墨镜会影响识别准确率。,在一众陌生人里发现一个人看着眼熟，或者看到一个非常熟悉的面孔，虽然戴着口罩，或许还戴着墨镜，但还是被你认了出来。想过这是为什么吗？,戴了口罩还能认出来吗？研究发现，社会名流即使戴口罩或墨镜，识别准确率仍高达90%。但对于陌生面孔，口罩或墨镜会降低识别准确率。人类识别面部主要依靠眼睛提供的信息。有些人具有超强的面部识别能力，但这种能力与遗传基因有关，且跨族裔人脸识别的难度较大。学术界希望通过更多研究和数据来提供决策依据。
266,691,美国称“海空一体战”并非针对特定国家或地区，但旨在应对来自中国的军事挑战，引起美内外批评。此举被认为是对中国不必要的挑衅，并可能恶化中美关系。该战略涉及对网络战和远程攻击能力的投资，尽管五角大楼面临预算削减。,《金融时报》星期五（6月1日）刊登署名文章称，美国国防部针对亚太地区的新战略计划被一些人认为具有过分挑衅的意味，其中特别是对中国。,美国发布的“海空一体战”军事方针引起了强烈批评。该方针旨在确保美国在亚太地区的军事优势，但被指责对中国进行无必要的挑衅。一些人士担心这种战略会恶化中美关系。该战略针对中国的军事力量，包括弹道导弹、潜艇和网络战。然而，美国在削减军事预算的同时，需要巨额投资来实施这一战略。一些观察人士认为，这可能会导致针对中国的危险挑衅性战争计划。
267,692,"* 美国大选尘埃未定，拜登胜选后港政策受关注。
* 新冠疫苗传来曙光，中国品牌出海面临审视。
* RCEP签署，打造亚太超级经济圈。
* 奥巴马专访：修补美国社会分裂任重道远。
* 英国智库：中国新型驱逐舰性能超越美日。",2020年11月的第三周，美国大选后余波荡漾，在香港以及台湾，民众对于结果也有所热烈反应。同时，美国制药公司Moderna在11月16日公布的初步数据显示，其最新研制的新冠疫苗可以达到将近95%的有效率，引起全球瞩目。,"1. 美国大选结果出炉，香港议员被取消资格，拜登阵营保持沉默。
2. 欧美新冠疫苗获得好评，中国疫苗面临审视和阻力。
3. 中国与亚太国家签署RCEP自由贸易协定，美国不在其中。
4. 奥巴马认为修补社会撕裂需要漫长的时间。
5. 中国新型驱逐舰性能超过美日，但不改变游戏规则。"
268,693,国王峡谷国家公园以其瀑布、冰川岩峰和高山湖泊而闻名。拉夫林家族经营着骡马背包旅游业务，将游客带入偏远的南内华达山脉。公园管理着美国最深的峡谷，吸引着喜欢远足、骑马甚至攀登的高山探险者。,许多个清晨，在灰色的花岗岩悬崖峭壁和高耸入云的巨杉树的陪伴下，雪松丛林背包站（Cedar Grove Pack Station）创立人蒂姆·拉夫林（Tim Loverin）出发去寻找迷路的骡子。,国王峡谷国家公园是加州的一个旅游胜地，拥有壮观的自然景观和丰富的历史。这里有骡马背包旅游业务，由一位加州牛仔经营已有30多年。国王峡谷被认为是一个隐藏的珍宝，相比约塞米蒂国家公园的游客数量少得多。公园面积广阔，有高耸入云的冰川岩峰、瀑布和高山湖。这里的工作虽然辛苦，但也给人带来了乐趣和放松。
269,694,32 岁的前英格兰前锋欧文希望继续征战英超，斯托克城最有可能签下他。尽管欧文已不再年轻，但相信他仍能踢出顶级水准。欧文已获准离开曼联，正根据私人训练方式保持状态。欧文最希望能留在英超，但不排除中东俱乐部报价。,据欧文经纪人表示，多家英超俱乐部都对这名前曼联前锋感兴趣。,奥运火炬手欧文希望继续在英超征战，斯托克城是最有可能签下他的俱乐部。尽管年龄已经32岁，但欧文仍然能保持顶级水平。他已经离开曼联，正在进行私人训练以备战新赛季。欧文希望留在英超，但最终去向还取决于其他球员的转会动向。如果没有好机会，他可能会退役。欧文相信自己仍然能在顶级联赛中发挥作用，他在曼联的表现是明证。他在曼联的第一个赛季攻入了九个进球，但之后出场次数减少，上赛季只踢了一场英超比赛。虽然他还没有退役，但他最后一次代表英格兰出场是在2008年。他在89场比赛中攻入了40个进球。
270,695,谢淑薇和彭帅在温网女双四分之一决赛失利后接受采访，她们表示感觉“解脱”，因为对手表现出色。她们指出，自己没有期望，但会尽快休息并专注于下一场比赛。,温网比赛进入到了第九个比赛日，大赛的女双头号种子 - 海峡组合彭帅/谢淑薇以6-4、6-7、2-6被对手逆转，无缘八强。,谢淑薇和彭帅在接受采访时表示，他们对比赛结果没有失望，因为他们没有期望。谢淑薇认为转折点可能是她没有打死一个球。彭帅认为对手在比赛中的运气比他们好。他们表示在比赛中没有教练的指导，训练时各自顾各自。谢淑薇指出她和教练在某些方面意见不同，需要磨合。他们计划参加WTA年终赛，但不知道结果如何。他们感到很大的压力，但现在输了，可以享受放松的时间。
271,696,穆萨拉姆父母表示，其子2014年在土耳其失踪，后“伊斯兰国”宣称其为受以色列情报局指派间谍，并发布一段视频显示其被杀。,“伊斯兰国”（IS）武装组织在互联网上发布一段视频，显示一名他们称为以色列间谍的阿拉伯人被枪杀。,穆萨拉姆是一名失踪的以色列间谍，据称他加入了叙利亚的武装部队。他被“伊斯兰国”组织指认为外国战士，并在一段视频中被杀。他的死亡尚未得到独立核实。
272,698,国际能源署监测发现，固定系泊大型油轮存储的原油达到 9400 万桶，这高于正常水平，但不足以称之为期货升水。主要原因可能是岸上储油罐已满，而海上需求疲软。随着油价上涨和炼油厂产能增加，预计储存的原油将转移到岸上。,每年都有30亿吨原油及其精炼产品通过巨型油轮运往世界各地。但最近，其中的一些油轮却停航了。事实上，自从今年3月以来，停泊在新加坡和荷兰鹿特丹等港口的油轮数量远超正常水平——但目前还不清楚背后的具体原因。,"国际能源署（IEA）监测到固定系泊大型油轮存储的未精炼原油数量接近9,400万桶。船舶分析公司克拉克森的数据显示，停泊在世界各地港口的油轮数量从85艘增加到120艘。这些油轮存储的原因可能是港口没有足够的地方卸载原油，导致在岸储油罐已经装满。油价上涨可能会导致这些库存逐渐转移到在岸储油罐中。IEA预计，今年剩余时间内，通过固定系泊大型油轮存储的原油将维持在7,000万桶左右。然而，石油市场的前景仍然不确定，如果供应激增导致油价下跌，固定系泊大型油轮问题可能会进一步恶化。"
273,699,联署信呼吁中国全国人大批准加入《公民权利和政治权利国际公约》。244名人士联署，包括律师、学者、媒体人等，敦促中国推动政改、促进人权。,在中国人大在北京开会之际，第三批律师和活动人士签署联名信呼吁人大尽快批准人权公约。,244人联署信呼吁中国全国人大批准加入《公民权利和政治权利国际公约》，以推动政改和促进人权发展。这个国际公约代表人类对权利、自由和尊严的普遍诉求，已有167个国家批准。中国在1998年签署了该公约，但至今未获全国人大批准通过。
